id,asr_transcript
0,n daa m bia komike atidin kuu ohinka dam…ĒŇč…Ēbi tiyi y…õla o bi nyaŇč ti lahi maa marik…õt pam ka pirajie bu…£o a o gbini o tiŇč y…õligu o daa ka ti bia ny…õ za…£ili ayi la o tiŇč zu…£u amaa o dii tiŇč ti lahibihi doli ka ti gba yi o tiŇč p…õhim n y…õligu din be n yuli ba foori ka m b…Ēri wunto yini o ti ny…õli maa nnaŇč mmo o Ňčmani dim n ni motia
2,alo n daa s…ĒŇč maa nuo maa min sah ab…Ēboya daa Ňčmi o k…ĒŇč takura di marik…õt k…ĒŇč ka o bi daa ye o gbini ka y…õligu daa ka Ňčun ni o kolim k…ĒŇč daa y…õligu pa…£ ti soli baa o ny…õ o maa y…õla o guri za…£a amaa o za…£iri ka o Ňčun n…Ēhi li ka y…õligu daa ka ka o wari ka o maa ti kpe li n yuli ni n íira nk…ĒŇč o taba m bee ni yi fire am bulan ch…õ maa ka Ňčun b…Ē…£ili k…ĒŇč mpu Ňčmani bee ti ni daa ny…Ē…£ o ka o tibibu zani yi kpe ka yi s…ĒŇč ti
4,n daa m beyeni ngoli achid…õnt din kul kumasi tamali nyaŇčkara i jura si…£ibu ny…Ēri na a d…õdee ka m beyeni n goli y…Ē…£u din kul bia bi…õla din din y…Ēri nii o achid…õn pulo nyaŇč zu…£u ka ka di ke di sim ka a gbaai o t…Ē…£a ka o y…õligu ka y…õligu mpaai o di…£indi ni o pam dol o y…õligu paai o b…ĒŇč amaa o ti soli ke o m…Ē…£…Ē kaani o nyu…£u ni Ňčman zi o ti di kpam amaa o bi tooi tooi ka y…õligu ndaa yoli yilili kpamma o b…Ērila s…ĒŇč ka di nya so bi…õla di mi su…£ilo yi yi maa ch…õ s…ĒŇč
5,n daa ka y…õligu daa na…£i ka m b…Ēri s…ĒŇč ka ziŇčli n y…õligu a pia ka n firi n y…õligu ka o bee nindaan o y…õligu a bina o bee ka kiti krachi nyaŇč da…£ili bee dambai o bee ka o daa s…ĒŇč o too suhudiri doo o daa zaa na…£ o nya ka y…õligu o di…£indi ni pam beo ka o zalim ka y…õligu bee o o titoli soli daa k o y…õligu daa ny…õ o maa ti wuhiri y…õligu ndaa yi fir o s…ĒŇč kayi wa ka zaŇčli b…Ēri ka o nindaan ni ka y…õligu wuhibu…£ili ti ny…õ ti titoli soli ndeeni
7,ndaa y…õla gbana konti ye ka yi ni s…ĒŇč maa tuma nyi y…õla aj…õman ka m bi y…õligu o wusu y…õla kaa gbini o nyaŇč so ka kp…õŇč b…õ bia ka y…õla ni m maa daa o tiŇč y…õligu daa o tiŇč kpari tuu ka ziim bee o daa pa…£i o tiŇč b…Ēro tooi kp…ĒŇč waani lahi ka y…õligu ka o niŇčda o bi ny…õ f…ĒŇč o gba tuma zuu so ndaa yifiri an bula ch…õ yi ka b…õ bi m bi ye ni y…õla ni kpari bi…õla
9,ndaa kul bia maa ka pa…£a bela la baa yili f…õlisia o ny…õ y…õligu daa ku kumasi kapikus nyamp…ĒŇč mank…õsim sa…£im ni b…õ kp…õmbu dol o ka ba a nya o pa…£a a ka o nuu ny…õ y…õligu daa t…Ēmt…Ēm o daŇč soli o nuu tuma kuli ka o kul…Ē…£…Ē kaa ka ny…õ s…ĒŇčsim nyiri bot…õm mbizi kaa la yi nyaŇčp…ĒŇč ka n ny…õ o nyaŇč doli ngbini o bi y…õri ka ni b…õ kuli daŇč s…ĒŇč ndaa Ňč…Ē yi tuma ni ba la ka baa di z…ĒŇč ka bu wa s…ĒŇč o barika bimba la o ziim geya pa…£a daa t…Ēmt…Ēm o ny…õ ni o daa ti zaba
10,n yuli asari nfiri ka n y…õli guribu b…õ wuhigu din gbinni bi…õla k…ĒŇč o yuli elinam o daa ka joll…Ēf din adinta o yili kon doo kotop…Ēto din bi p…Ētikon daa o ku…£a gbiri ta a ka nyandaanam ka yi mali ka bu…£im mi ni yi ta…£ili o nuu k…ĒŇč o golim bee ka doo o nuungbannim z…ĒŇč ka ba…£isi bee ngbahiŇč o nuu zu…£u ka y…õligu bee o pa…£i o ti wuhi ka o gbari a kakaa soli nka y…õli ka y…õligu bee o chaŇč ka chaŇč ka pa…£a ti b…Ēri n ni ti bi y…õli din ti ma mali li di ch…ĒŇč omaŇč doo ka Ňčmani
11,alo n daa m bela kojo o gbini y…õsiti b…õ ni o daa bi kpaŇč karipantari yili ka o goli be ka wuhigu o nuu kpaŇč din gbini o nuu ka cp…õh o su…£ilo ziim bee o nuu la amaa o nuu kpa…£a ka o t…Ēhigu la daa niŇč mali y…õla maa n yuli di k…Ē…£isi ndi o baaba ti lahiti zul o o nuu su…£ilo ka ti gbantaba o nuu zu…£u amaa m b…Ēri n za…£i amabi…õŇč ka niŇčdi ndaŇč ni o tumbia la ka m b…Ēhisab bia ti b…Ēri nkpe o niŇčdo wa ka niŇč pahila naa n daa ts…Ēm maa n gba y…õli maa nniŇč
13,n daa m biyini ndir sh…õl ny…õ ka o k…ĒŇč dambai ntariga bi…õla fatima o tagsi gbin o nyaŇč zu…£u achid…õnt ayi doodoo amaa bi…õligu y…õligu maa nyaligu din fire n y…õligu la adam o tinzu…£u k…Ēri bio ani o tinfu…£iri kpabi amaa o daa daa diri la…£im ka ti ny…õ ka a y…õla ka o y…õligu wuhiri paai ti bo ndaa ka d…Ē…£i ti ny…õ o y…õli o zu…£u bi…õŇč
15,alo n yuli ny…õ k…Ēfi m bi b…Ēri y…õli ndeem wuhigu din na…£ m mamba asali ni y…õligu ndi…£im kolim kap…õkoas bi…õsinima b…õ ni nalibu ka b…õ dinsi soli o ni ka o yini doo di o zu…£u o zu…£u gbaŇč bi…õla be ka o kp…õŇčkp…õŇč y…õligu bi…õla amaa o tili soli o nya y…õla o bi gbiri ka din y…õligu ka daa ti bili bili amaa n nima bi so ka su…£im doo nya
16,ndaa m bee ni firiye ka n y…õli ya ni b…õ ka o kp…õma y…Ē…£u k…Ēbu na o ny…õ b…õ kapikuas ili mina nyaŇč zu…£u ziim bee o ny…õ ka naa n y…õli din ka zaŇč y…õligu nuu zu…£u za…£i k…Ēbu y…õla kana o Ňč…Ē kaa gbalidaa ami o nuuzuli ni ka o b…õri kam ka y…õligu beeo nny…õ o f…Ēri m bee nyaŇč zu…£u ka n ny…õ azaŇčzani ka nyi…£i s…ĒŇč o ny…õ kp…õma ka m be yani ka y…õni ami o ny…õ pam soli o y…õli ka o ny…õ ye b…Ērila ye zaa ka d…Ē…£i ti n ni yini o ny…õ o niŇčŇčma…£a
18,alo n daa din yi b…Ēri y…õsim m bia s…ĒŇč maa ns…Ē…£im sil…Ēn gbini yinili k…Ēbiga w…Ē…£ibu ka n yi zuu ka ti di y…õla sh…õli ka gbinitiŇčkpam pam nyarim ka o ti gaŇč k…Ēbiga sh…õli o tiŇč kpe o kpiŇčtibu z…ĒŇč nyuli amaa kaman n s…Ē…£im ba…£im o y…õliko di…£indi ni o pam ka y…õligu o kuli bi…õla amaa o daa tuma o deei kuli o daa tuma zibu ka mi ny…õ o ny…õ y…õla fili o ny…õ ni kaa ny…õ bi…õla ka m b…Ērila y…õsim ti din s…ĒŇč o ka ti pa…£im ka ti ti o h…Ēspitali kana nti di mali li n di ni
19,ndaa ka y…õla pa…£i b…õn ti ma ka chambu zaŇč n na bi…õla bi…õla yisa o ny…õ dia ndaa nyaŇč dii yirisi ka kukoo nam bi zim o y…õk…ĒŇč o di…£indi ni o pam zaa y…õligu ka y…õla o nya kpe aa kana o nu…£ p…Ē…£im daa ni o y…õligu ka o t…Ē…£im o Ňč…Ē ni o ni y…õli y…õligu ko ku be kayi maan ny…õ o din pa…£i mbee ni Ňčun do di ka b…Ēr o ka ti y…õli di aa ka y…õla b…Ēri ny…õla wala daa
22,n daa bi k…ĒŇč y…õligu kapilkus eli mina nyaŇčkolim ka n b…Ēri nwuligi mp…Ē…£a a do b…õ tori tuli k…ĒŇč waa ka ka…£i daŇčgbani o guu kaa noya b…õ za…£a ka o k…ĒŇč pa wur o Ňčun gbini ka ziim bee o Ňčun guu o ny…õ o z…Ēhi y…õligu o daa bi…õŇč ka o ny…õ b…õn tuma ka o kuli dagbana di maa ny…õ silom mbea o nyaŇč nuti Ňčmee yi s…ĒŇč yik…ĒŇč y…õm mali maa bala ziim ke ntaa ntaa zani ma
23,n daa y…õla k…Ēhim paai m banz…ĒŇč ka ny…õ tamali k…Ē…£ili yilili mpe b…Ērit…õn kaa gbini o b…Ēri yilimaŇč ka b…õn koni o zaŇč o amaa o tiŇč t…Ē…£a paai o tiŇč lahikpahim ka ziim bee o paai ti b…õn kp…õni o bibia o zaasim aye moligu ka o yili ka o n…ĒŇčn…ĒŇč ti mali zolo o y…õla n yuli ham za maa y…õm diga y…õm ndaa s…ĒŇč maa ti ko Ňč…Ē nyaŇčnyaŇč balatima ti ny…õ y…õla ti sadio
24,n daa ka y…õligu pa…£imdaana ka ti bi a soko kumasi nindaana o ny…õ o wuso o kuli k…Ēbu din ka ti su…£iri o daa o yi…£i bee o amaa ka yi…£igu ka gba gbim ka gbaŇč pa…£im o Ňčun ni o nyuŇč o ny…õ ka o kum daa ka ka ny…õ ka y…õla bee din ka gbaŇč doo o pam nny…õ komi nny…õ o yusiri kani maa di nuu nsu…£ o k…Ēbu din p…Ē…£im amaa o ka b…Ēri y…õliy…õli ndaa ti b…Ēri s…ĒŇčkayi zaa wa ka ti biŇča ka si…£iri bala din nindaan Ňč…Ē y…õla ka gbaŇč pa…£im
25,n yuli di isa n firi sh…õli atid…õnt din kuliko o daa suhim p…Ēy…Ēn kp…õma adua o daa nyaŇč zoli ndiri ka turi turi daa o chaŇč ka o gbini o y…õla ka daa y…õligu pa…£im amaa o tiŇč y…õligu o y…õli ka y…õligu daa ka saha be…õla bee o tiŇč bee o tiŇčbee pam bi…õla ka o tolilaa pam bi…õla amaa o b…Ērila nindaana awam min o y…õla solim
27,ndaa mpu…£i ni n daa nya y…õla bikaadum kumasi k…Ēbina gbini k…Ēn y…õlimbi o kpindoŇč k…ĒŇčko nti o ŇčungbaŇč zu…£u o ti nindaandaa naa daa ti b…Ēri la t…Ē…£im o kpa…£isi tim bee ka y…õligu tu kaŇčmani o la zi…£i nyuli abina a nt…Ē…£im pa…£i y…õla ni a gbee o y…õli ka Ňčun y…õligu ka y…õlit…Ē…£im o Ňčun y…õligu ka ka daa na…£im o ka o kpaagim ti b…Ēri Ňčun zaŇč o d…Ē…£i ti s…ĒŇč ti domin o ka ti pam ni o b…Ēri zuu kudaa
28,n yulidi o f…Ēri nfiri yila ka n y…õli niŇčbi o kpiŇč la n hawai zu…£u ka suba kp…õŇč kp…õma bi o yulidi yaau o gbini nyandaŇč ngbia o kpiŇč doo zu…£u o tini y…õligu daatoo ny…õ o nuu bei o kpiŇč o tuma mi bi Ňčun kaa ny…õ too Ňčun kaa ny…õ too o zee mi na…£i soli Ňčunkaa amaa ka y…õligu bia o ti o taa kpiŇčbu maa y…õla o bi kabi…õla laba o kp…õma too o nindaana ka t…Ē…£im daa pam la na
32,ndaa nins…ĒŇčla chaŇč ka yikaya yili ka wula b…õ ye di cham so bela di mi nabihi saba o wusu kp…õma na a bi du…£u dindin tiŇča b…õ dir o Ňčun ni o bo o zaŇča mi yi ny…õ amo n yi o sh…õli ka n ni yi y…õligu toobu mb…Ēri pin di nira ka n niŇč o ch…Ē…£u bu…£im tibili o y…õ chaŇč y…õla diri ka o ny…õ m bi ziiri ka o booi y…õligu o daa bi…õŇč beŇč o ti soli y…õla amaa o bi yemaŇč nkph…õma na a b…Ēri sundaa
33,ndaa ariba arichidintukum o nyaŇčk…ĒntigbaŇč zaŇč kumasitama li nyaŇč zu…£u i jura sa…£im kaa yini di o ka…£a din o bipuni ka Ňčun ch…õni ta…£i ta…£i o Ňč…Ē…£im bee o pa…£apaa o ny…õ o y…õla ka o gbiri Ňčun ti soli amaa o ny…õ o maa y…õla o g…Ēri gbanni ka be a y…õligu bi o Ňčun sa…£im ni ndaayi maa s…ĒŇč bolibu o gbinita…£i du…£imdima ka ti bi Ňčmani lee Ňča lee o ni o maa y…õla b…õn ti zaŇč o kolin y…õla
37,alo n daa m…Ē…£u maa zabili la maa y…õligu maa naŇč maa kur abina o atahi gbino ka naviriŇč…Ē ti yili sa…£im o mila bi…õla o pila ka b…Ēri yini ani ay…Ēbu su…£ira kaa din gbuni o tiŇč ni amaa o ti mali kuli o ti soli y…õla daa o bela daa ka o tiŇč y…õligu o daa ti oi ka ti…£iri gbaŇč bee du…£u din ni maa din b…Ērila ariba maa din firiŇč ndaa b…Ērila ni yinaa ni ti ny…õ o la ka ti gbichi o bee ka ti di naawuni
38,n daa n y…Ēri o fari ka m b…Ēri kul y…õligu bi ka na…£ila savilibu sa…£im tamali y…õndi nyaŇč zu…£u nindaan bi o y…Ēri naadide o kp…õma paali k o naagbima timtim nyaŇč daana ka o gbim ny…õ o zu…£u m minaa o daa naaka…£i bi…õla zu…£u ka b…Ē…£uwum daa gbini o zu…£u o beri y…õligu di…£indi ni o gbali sa…£im amaa o ny…õ o ti sol la o bee kuli na o da…£ila za…£a amaa o ka t…Ē…£i yuya na m bi o ni y…õna ka m b…Ēri maa s…Ē m biy…õni fira ambulan ch…õ ka yiko ny…õla yili daali
39,alo ndaa m p…Ē…£a afia o asctud…õnt baŇč o sua mi kumasi doo ti yili kolim doo o bi ti ni ka…£idio bo amaa naawuni ni o ti soli o pam ni o di…£indi y…õligu daa o y…õsim ngban o di o y…õsim doo amaa o gbaŇč y…õligu o wubu ni o kuli bee nyi aj…õman m be o kolim ti yili n daa ti b…Ēri nny…õ tuma b…õn ti bandi ti mali ni bim ba ko
41,ndaa ndon yaawu o gbini achid…õnti la nyaŇč ak…Ēra kumasiha wayi zu…£u ka bee nsawam sa…£im maa y…õligu ndin ba foori o tuoi pa…£a ninduu bi…õla fira maa ny…õli ma o ni ka…£i yin t…Ē…£i o zu…£u ka o bi nyaŇč ku…£ibu o nya kpiŇčgu bi…õla bee o di yaara pie ka naŇčsim yini wala ayi ka o y…õli ma o di…£indi ka o Ňčmahi y…õligu ka y…õligu saha ka o ti p…õlim nkpaŇč nnyu nnyu amaa o solim mbi y…õla o guri y…õla ndaa mbi y…õni saŇč maa o ni ka yi firi ambu lan ch…õ wala ka…£i o doo ny…õla yili ka la…£im
42,ndaa m be yini ny…õli ka b…õ y…õlibu b…õ ni kul b…õ maa saa din ch…õ saviligu ndobihi fu seeni o tich…õma o bee yi b…õnk…Ē…£ibu w…Ēribu ni kolim ninsala yumbalima Ňčmali o ni be mb…Ēri o p…õli b…õ sur o gbinni b…õ d…õ…£im o nuu din o gbini ngba b…Ēri ni hal bo o nuu ny…õ y…Ē…£imdaana o da wuhila o nuu ka y…õligu o kuri amaa o ti soli Ňčun ni o be n y…õla mi tuma abubakar ninsa…£ibu firi maa din y…õlibu chaŇč ndaa ka ninsa…£ibu yi maa suŇč o bo o ti ch…õ ma daa
44,ndaa y…õla tiim pa…£iko tuma ka bee yi dansumanka mpa…£i kp…õma ifua o gbini wunt…Ēko o y…õla bee ka daa o tiŇčkpiŇč yini k…ĒŇč ka a ny…õ o tiŇč yi y…õla n z…Ēn daa o da…£iti ni o tiŇčbi o bi diri gbini ka o ka kp…õm tiim ka n yuli naa nny…õ o tint…Ēmbi…õla ka yi bi lali daa b…Ēri …õfua kp…õma ka o ziimboo o o ny…ĒŇč y…õligu daa ka o bem ndaa yi s…ĒŇč yi ka nyu gbali ye yi b…Ēri s…ĒŇčya yi ka m bi wuhi
45,alo n daa m bee p…Ē…£u abigaili o bi huhi j…õsika nyaŇč so natrotu yi o nuu Ňčun dali o bia p…Ē…£ o t…Ē…£ sh…õm piini ayop…Ēin maa bi Ňčko o n y…Ē…£iri hadija ka y…õligu bi o Ňčun zoli ka o Ňčun Ňčani b…õn y…õligu bi…õ…£u bi o so amaa o ny…õ o y…õla o kul o za…£a ni ti doli ti bi o subu din ni o ny…õ o maa kpara amaa m b…Ēri y…õligu ni o be ka y…õligu ka gbaŇč
46,n daa ka y…õla kolim pa…£a k…Ēhi ka m b…Ēri n y…õla ni n du a amuni tari b…õn naŇč d…Ē…£i o hohoi jasika nyaŇč s…Ē…£im niriba naŇčnyuo b…õn nan ny…Ē…£i o Ňčun ka o timtim y…õligu o daa amaa o nya tibi la ka o guri y…õligu daa n da Ňč…Ē ka y…õla ka Ňč…Ē tooi n yuli di abubakar n naŇč be ndua ch…õ sh…õli y…õla nan d…Ē…£i ti b…Ēri nira ni o ni ku s…ĒŇč ti kana ti y…õla ka ti b…Ēri nnaŇčti y…õla ka ti di bo na ti b…Ēri naŇčmalli barika o ny…õ o maa Ňč…Ē tio
47,n daa m b…Ēri koli adi pam y…õla m bi afim Ňč…Ē n yuli din f…õlichia ka n gbini yiri pam b…Ē…£u yini m bee nya kama b…Ē…£u di chaŇč Ňč…Ē ka n tiŇč Ňč…Ē yoli ka n nuu di y…õligu amaa ka y…õligu Ňč…Ē b…õ ti gba soso y…õligu kura ni t…Ē…£i bi…õ…£a bi o y…õra n gaa zee n nuu yoli yoli ka ka ny…õ di t…Ē…£u la din kpi…ĒŇčna
49,ndaa atidan p…Ēhim buhii j…õsika nyaŇč so din ka y…õli tooi be…õla din bi y…õligu salom o ni ab…Ēboya so ka aboboyaa nogbini nyaŇč so zu…£u meya y…õligu suli mana kam ni gbeeŇča lala a y…õlik…Ēhi ni bia noti soli waa o ny…õ o maa y…õla ka o gbeya y…õlim amaa o berila di…£indi ni pam y…õligu b…õ lala o y…õlim naawuni o kul ti kp…õla b…õ kani nti gbal o amaa ny…õligu ka d…Ē…£i ti b…õn wula o pa…£a
52,ndaa ka y…õligu koligu daa ny…õ ka n ti b…Ēri s…ĒŇčzoliŇč nsirim bela api…õhibia o gbini koo kp…ĒŇčnuu koom pu…£o o daa ny…õ koomtali ka ti b…Ēri o tu…£o ka ti tu…£…Ē kao maa ny…õla ka o ti soli zoliŇč ka o daŇčindi ni o pam daa ny…õ ka b…Ēn daa kp…õhi ni yaha ka a ny…õ ka ka kuli daa koli Ňčun pam api…õhi bee ka ni o y…õligunoo y…õligu y…õligu ka a yi b…Ērigu y…õli din o ti Ňčani Ňčani soli ndaa yifiri s…ĒŇč zoliŇč ka o ny…õla ka daakuli maa y…õligu daa y…õli daa n y…õla maa mi m bini api…õhi y…Ē…£u nti b…Ēri ni
53,ndaa kul bi ny…õ y…õligu ka o tiko ka daa so lan y…õli zaa bia din be kalan din gbeya ka o gbini din nya wuhim din beetali y…õm zaa ni nab bi…õla ajua o gbini yili Ňčun buri ka Ňčmani din be ka yili Ňčun palli ka o ti kpi…ĒŇčla n y…õla …õh o ny…õla dabinya daa o nuu gbani sh…õli k y…õligu daa ka o y…õri din saa o tiri o nuu sh…õli nny…õ emefa nna…£ili kanima o mabia ka n ny…õ o din wuhibubo ndaa yi maa s…ĒŇč ka ka bela y…õligu daa yi ti ka bi ka pam
54,alo ny…Ē…£i ramatu m bi y…õligu nzo o y…õla bee din kul tama li y…õndi nyaŇč zu…£u saviligu doo zuhila b…õ yini asari o bi ka doo zu…£u nnya…£i posi din bi nyaŇč doo o bee bee o bee kum ntu…£isi posi b…õ kaa zu…£u o bi tu…£isibu ni posi yini gbini chaŇč nka ka o di…£indi zu…£u paai o laa ntib o maa o tiŇč zu…£u ny…Ē…£i ma amaa o na o di…£indi y…õligu daa ka o nali nyuma bi ti gulli o diidie ntoli ka niiba asari din nyaŇč doo ni ka o bee ch…õ maa ni nzo b…õ y…õla pam ndaa firi ambulanchi o maa naa bo o tiŇč y…õligu nnaa b…Ē…£ o
55,n daa m bee y…õni n goli achid…õnt din k…Ē…£a ka Ňčuni kapekuas n na…£inli b…õla afia o atahidio nyaŇč zu…£u kp…õti marik…õt digalana o ny…õ bi…õla wula o sipiayi bee pia ata ka ni di k…Ē…£ ka o y…õligu daa o nyugbun di…£a ka ziim bichim u Ňčun zu…£u amaa o Ňčani ka o busiri maan ny…õ alhasan mini di maa b…Ēri la y…õligu barika o ma o nini kana o k…ĒŇč o da…£im ka b…õ nyari kaa ka b…õ di o kpe oli ni
56,alo n daa s…ĒŇč maa mpeo asante ka…£i diniu ko d…Ēri maa ahinkro nyaŇčkp…õmdo ka a y…õligu paai o bia din o p…Ē…£ibu ata awee wala pia ka o tiŇč y…õligu paai paai o tiŇčgbe ka ziim bee o paai mi ni ngbuŇč o k…Ēmbo ni b…õ soli tuma ka b…õ ny…õ binaa daa bi di ndaa yi s…ĒŇč maa ni sh…õli bo o bi z…Ē ti kana di ka y…õligu kp…õm beeo yi wa ni vi…õla
57,alo n daa m bela o f…Ēri o zu…£u ziŇčbu o y…õsili k…ĒŇč tamali ka ti yili Ňč…Ē o bi kom kpi…ĒŇč sa…£imdina ka komnim di Ňč…Ē y…õni o ch…õbu o di…£indi ni o pam niŇč ka a y…õligu kul ch…õ paai ka o niŇč gbo y…õsiri bala ni bee y…õligu paai ndin y…õl k…Ēfi nyi o ba bi…õla Ňč…Ē bee diridiri ka o n…Ēri paai be Ňčin maa m b…Ēri gbara ka b…Ēri y…õta ka ti soli ti tioi ny…õla yili baa ti tuŇč o ma ka ti yili Ňč…Ē bala
63,n daa Ňč…Ē b…õ tiŇčk…ĒŇča buaso ka m b…Ēriko n y…õ ny…õla n yuli din bi o f…Ēri m beya ni y…õli dabi Ňčun pu…£iba yuli din bi na adide a boboya a kpiŇč o nyaŇč zu…£u ka o gbini ku za…£a za…£a o ti kpaha o Ňčun nyaa ka o y…õliko Ňčun y…õlig o amaa o ny…õ o maa ni zoli ka o gbilim y…õla bi…õla bi…õla ka ny…õla ka bom pa…£a adaa amaa o b…Ēri so bala ka o kpaha o Ňčun nyaa zu…£u ni ti s…ĒŇč o wula
64,m bela amo o be ns…ĒŇč ma tuma koŇč nyili ka la y…õndi o nuu gbe d…Ē…£im ka zaa o li nyu ka ka toori k…ĒŇč bee tuma pam naa la o kpali ka ka nyu kada y…õli zaa nyu bi…õla dila Ňčun kaa y…õli zaa nny…õ idam mb…Ēri dii la nnaanyi…£ila din kpi…ĒŇčni o ny…õ alaafee ka dini bi z…Ē…£im o bala amaa o ziim bee la na a zoli
65,alo ndaa n firi chaŇč ka bia bi…õla muni tari o gba chaŇč ka zilinli kpihi o ka n b…õr o daa ti bikin tampo gari nyaŇč so o bee kumasi ka o yibu o zaa danni zilinli kpahigu o di…£indi ni pam so yaa bia doli piini ay…Ēbu k…Ēbihi o niŇč o so y…õligu daa niŇč pihilinaa abee ka o gbini ka o niŇč o doo so gbani ka n pam y…õligu o b…Ēri o bee so y…õla ka o diri y…õli ka naawuni s…ĒŇč maa be isi o naayilipo ka n bi ni o yibu o din amaa ti b…Ēri nny…õla y…õla bia ti ni di…£im ny…õla yili ka ti be ka tini ny…õ ka ti na…£i din
68,n daa m bee yini n y…õli Ňčun diri maa ny…õla y…õndi m pam ny…õla asari o kp…õma kuli o nuu ka din ka be o yili din o wuli o nuu ka y…õligu s…Ēhim daa o nuu b…Ē…£im b…Ēri n yuli din o wusu nti nya o kani ka n vi yiŇč y…Ēhim din m…Ē…£i din bee y…õla nny…õ din o nuu y…õla o be wunibo amaa o nuu y…õligu o daa s…Ēhim o kpaŇč o nuu nya yi yiŇč kuli kun s…ĒŇč bela ny…õli yi o b…Ēri din o m…Ē
69,alo ny…õ maa n y…Ē…£ila dila m bi yeni nfiri s…ĒŇč maa ka n sab achidan din kp…õŇč ka kapikuasma s…Ēbibu y…Ē…£i kpodo o ti bi…õla daa o wuhiri din o bi karili pia awee wo pia ayi lannaŇč toturi gbin o nyaŇč zuu o tiŇč y…õligu ka kaziim bee o daa o tiŇčkp…õmt…Ē…£im k o y…õli ka o tiŇč y…õligu o puuni daa amaa o soli daa o bi y…õlibu la timaŇča o ch…õ nyaŇčnuu o gbaŇčba dir o sibu ndaa ti b…Ēri s…ĒŇč ti b…Ēri din ti b…Ēri di ti bi bi…õrisi din ti b…Ēr o b…Ēr la wala o b…Ēro dee ny…õla yilla n…ĒŇč yi maa s…ĒŇčdoo
71,ndaa m biyeni ny…õli yin actud…õnt din k…Ēhi ka gbari Ňč kana navuriŇč…Ē n yuli la muni tari ka n fira yin nyaba asari tuma sh…õri tahi din kpiŇč o nyaŇč zuu ka di ka bi nyaaŇča daa o ny…õ ta…£im o bi kul y…õligu diŇč amaa o tiŇč y…õligu daa ka o ny…õ ka y…õligu bi o Ňč…Ē ti ny…õ yintaŇčka doo di ny…õ o ti gboyi…£u daa pu…£im bi amaa ka tiŇčkum k…Ēri amaa ti b…Ērila ka d…Ē…£i ti ny…õ o ka di di s…ĒŇč ka ny…õ akul ta…£imbi
73,n daa m be yini n tuma y…õla bin k…Ēhiku…£a b…õ pa…£ yo mank…õsim doo kumasikapik…Ēs nyaŇč so n yi y…õla nteoi vida ka b…õ pa…£is o y…õla nti abubakar o bee pia anu wala pia ay…Ēbu bi o zu…£u o kp…õŇčpamnim bin bee nyaŇč doo so ngbeya o kp…õŇč kum pam wala niŇčbindali k daa z…ĒŇč pam kunti bi…õla bin bee sh…õli o daa gol o su…£iri o tuma yuliya Ňč…Ē naawuni p…ĒŇča ka ka o nuu gbini din bimba bee Ňč…Ē o su…£iri naga o nuu bee toobu ka o zoli o ni lalibu miri m b…Ēri la d…Ē…£i ti wala nindaa naŇčdi pahi o din suŇč o wuhiri o Ňč…Ē o tuma Ňč…Ē zaŇč ka o ny…õla
74,ndaa atid…õnti bi kp…õŇč takuradi kapikus nyaŇčso anumabo da…£i diri m biela o yili salom kaa Ňčmee o bi yini pi…õhi saha o gbini nyaŇč so o Ňčun ni o Ňčun tirigili gb…õrigu kp…õŇč o daa na aziim geeya o Ňčun la amaa o nya piibu ni o gbara za…£ibu nyili akosua m bi nyaŇč so nny…õ o kakp…õŇč daa ninsalimba ch…õŇč o da…£i di…£a mb…Ēri suŇč yi wa nyin kpi…õŇč maa d…Ē…£i ti ni o ny…õ bi…õla la aye
75,alo n y…õligu din bi maami mbe kuri ka n y…õli y…õla bansiba wula din na…£i kini timpu k…Ēhigu nyaŇč din bee tamali nindaana din y…õligu din be wula o y…õligu din be wuri do ni bi doli na o naagbe o so Ňčunk…Ēhigu ni kpe o kut…Ērinsi o kp…õma ka o bi t…Ē…£i ka o ni di o gbini ka o bi Ňčani doo ziim bee o Ňčunk…Ēhigu ni ndaa y…õla ni ka y…õka y…õligu o b…Ērila s…ĒŇč ziezie agara din na o b…Ēhim y…õligu
77,alo n daa m bik…Ēfi o kp…õŇč achid…õn tooni takuradi kapikuas nyaŇč din a nomabuk…Ēm mi y…õla o maama n y…õligu ilinam kaa y…Ē…£i o wo o ti nyaŇč d…Ē…£im din o y…õla bi…õla wuhim pi a y…Ēbu gbana ka o kp…õŇč a y…õligu bi o ti…£im o di…£indi kom ni o paŇč kom din o bi soli o daa y…õribu o bi d…Ēritia Ňčun bik…ĒŇč …Ē y…õligu doo y…õligu be o ka n b…Ērila mpi y…õla ni ti bee nyaŇč atid…õn din du doo
78,n daa kul ke b…õ ye ka kuli ke pali ka b…õ techi man ka m b…Ēri s…ĒŇč n yuli di bo …õfua ka m bi ye ka m dau bi…õla y…õligu y…õla ku zu…£u o gbinigbana koligu o yi ch…õ yili ka Ňčun pe yuu zu…£u ka din daa zoli o ti soli anye amaa o beye ka a y…õligu daa o kp…õra la ka o ny…õ mini niŇča ka a b…Ē…£ibu ti bi soli ka ye o ti bi o maŇč y…õla ni a na…£u
81,alo n daa s…ĒŇč maa m bela mawuli prajii d…Ē…£i o gbaŇč wula yiko hoi j…õsika nyaŇč ni zi…£i ka a bela d…Ē…£i o gbini ka o nuu y…õligu daa o sa…£im be ka o ny…õ o nuu amaa o tinfili tiŇč nza…£ kpaaŇč n yi ny…õla b…Ēr tiŇč nny…õ o ba n daa yi tumi Ňčun gbal o bala bi…õla y…õligu nyin kaa zuŇč o ta sh…õl la m b…Ērila d…Ē…£i ti ni o wa gbal o ka n ti y…õli a lala m bili bi…õla y…õligu nti b…Ēri y…õla ndaa s…ĒŇč maa
82,ndaa m bi yeni n y…õla kur din malika y…õliga s…õntral nzu…£i bela amo a boboya gbini o nyaŇčpalli be…õla naa o y…õligu o y…õla ka aman sh…õli pia aweeni ka pia o tiŇč y…õligu daa a chidan pun o tiŇčkpilnli ka o so di tiŇčzu…£u daa o ti soli kaa ka o maa y…õla beeo ami ka y…õligu nyaŇču daa ka ti bi y…õli bala n yuli nyuli fatima ka ti b…Ērila o doo b…õm bi ns…ĒŇč ti ka yi nyi b…õn ti bi b…Ēra di wuhiri ti
84,n daa m be ye ni firi y…õla ti nyaŇč aksid…õnt biŇč beela ak…Ēra kap…õkus nya Ňč…Ē win ni bi za…£iri la mpe o akuba b…õ tortura Ňč…Ē mbee kaka…£i y…õ Ňč…Ē naa ti o totura Ňč…Ē yuu tiŇčy…õligu daa o tiŇč Ňč…Ē yima o pa kul di ny…õ b…õ la o bie lan niŇč pihira ni awea y…Ēbu la ndali ka di…£inima bi o za…£iri nyaŇč ka b…õ s…ĒŇč o la n yuli nii kamaa bi b…Ērila o za…£iri amaa n wahifiri y…õtu…£ na…£ili ka y…õ nin so kul ti i gba o yira
86,m pi o gifiti ka…£a daa gbi o tariko zu…£u ti yili dam o ye kp…õma nindaana ka ka…£a daa gbi o tiŇčkp…õŇč o tiŇčwuni ka ziim bee o hali maa y…õla n daa maa nya kabina n ye o de…õma bi…õla ndaa o pa kulo tiŇčzani ka pam y…õligu o daa y…Ē…£im ti ti gbaŇč hali o zu…£u s…ĒŇč maa piri ambulansi ndaa o b…Ēri ny…õla yili dama dama
89,n daazu…£u bee kul o nyaŇč din be tama li ni b…Ēligi taŇča ch…Ē…£u waliwali dili k…Ē…£ili bia bi…õla y…Ē…£ili ajima ni b…õ dal o dal o zi…£u ziba o Ňčun ni n nyaŇčgbini mali ny…Ē…£u amaŇčko m bila nnyaŇč di la kul y…õli ka n zani maa ns…ĒŇč o o nyi o maa y…õla b…õ kp…õŇč o guri kul kpaari ka…£ala Ňča ka o nyaŇčgbini dili b…õ kpa…£a yuli yuli ka y…õligu daa o zi…£i s…ĒŇč yimaama kul bela ni ti wa na…£a ny…õla ti ma ti naa o ny…õla yili zi…£u bala din be ti to
90,ndaa wuhim pa…£a daa k…ĒŇč ka bi…õla din ye ka n yuli ny…õ afia ka m bi ya ni bi…õla din y…õ ajii y…Ē…£u o daa bi tuma ka masin daa ny…õ o nuu o nuu y…õla wuhim ka ziim bee o ta…£a ti bi afi nyaŇčzu doo la half asilisibu bela ka y…õligu daa o ta…£a ka ti zu…£u su ndaa yi s…ĒŇč ti t…Ēsim yi pa yi tuma yi kp…õŇč o nuu ni ye wuhim ta…£a ka y…õligu daa ka y…õligu
91,ny…õli ma b…õ kam bi…õla ajeman o bi k…Ēnstrution site ka o di tuma tumo ka k…Ē…£im daa gbin o zu…£u ka o kpe o di…£indi ni pam ch…õ o belala din o be kapi aweela sh…õli ka o b…õrimi daa amaa o ny…õ zu…£u daa o bi golim be n yuli la pat…õnch…õ ndi o naai yili o tuma nima fira maa ka o ny…õla ka din kpe o zu…£u o golim o bi y…õla ani o di…£indi ka y…õligu daa o zu…£u tooi ka o yuŇč tia amaa ziim ka bee o b…Ē…£im ti b…Ērila nind…Ē…£u ka o wa ti s…ĒŇč kana tigbaŇč ni ti di b…Ē…£iri maa ka kara ti ko ni ka k…Ē…£im daa gbi o zu…£u ka o maa ny…õla maa ka ta y…õla
92,n daa m be yi ni ny…õli yin sh…õli din kul n doo bi…õla zu…£u o yu…£u di komi o di kolim pie awea w…Ē…£ibu ni ny…õ o bi k…Ēnstruti…Ēnsite Ňčunk…ĒŇč ak…Ēra kap…õk…Ēs nyaŇč zu…£u wunni ba sa…£im ka sh…õli gbini o nuu zu…£u o y…õra a y…õligu amaa o wa…£idi o nuu kpa…£a kpa…£a ka ti ny…õ o y…õligu n ka daa ka b…õ ka chaŇč sana n yu…£u di o f…Ēri ka m ben nya y…õligu sh…õli a din n…Ē…£ili o b…Ērila o tanyala yili baa ti wa…£idi o s…ĒŇč yil koŇč
93,n daa m be yini n t…õribu Ňčun sa…£ibu din kuli waa tiŇča tumo n yi dini ni o gbini o yili kp…õŇčdia o kp…õŇčda o kpahi y…õla zu…£u o t…Ē…£i wuhibu o chaŇčda o za…£a amaa naŇčgbani o ni gbaana bi…õla bi o Ňčun ni o Ňčuntali Ňč…Ē ni o y…õligu Ňč…Ē puuni mini ibrahim n yili bi o yili ti Ňč…Ē daa n lo nyi ndaam pa…£irig nti ny…õ nkuli zaaka ni n wunni di za…£a ti maa ny…õ ti ni kakan kpi…õŇčda a amaa ti b…Ēri d…Ē…£i ti baŇčda ni o to ti baabu ka ti na…£ soli
94,alo n y…õligu din suli mana nfirika n y…õli amo nyaba din ba foori o ti nindaan o kaŇč asid…õnt ka nyaŇč so ka din bee din ti ny…õ asoko ka ba maa o di bi kp…õ ni o ku o di…£indi ni o sibu y…Ē…£u ka y…õla din kp…õm sana ziim ka bi o so ka y…õla din kp…õm na…£a amaa o b…õr o pam ni o kubusi y…Ē…£u o ti nindaan ka ti b…Ēri la ti ny…õ di bi o maa y…õla ni
95,alo Ňčim y…õli n yu…£i la akua nfiri ka y…õligu daa wuhiri kabia ny…Ēn yila k…ĒŇč o yu…£ila afia o be ka pia anuwo pia ay…Ēbu na din doli ka y…õligu kp…õŇčo o Ňčun bia o kp…õŇč doli din y…õli ka a b…õri mi ti bi b…Ēligi tiŇča babu ku nyaŇčk…ĒŇč naviri Ňč…Ē doli ni ka y…õligu ka din kuyaa pa…£a o kul be o ti y…õli a ny…õ a ny…õla a be o la…£im gbuŇčbu ndaa ti b…Ēri la nini o suŇč o ya…£a ni
96,alo ndaa ka nyant…Ē…£i b…õ y…õra ndaa ka sh…õli k…Ē…£ibu b…õ din bi y…õ ni di y…õla ni o gbe tama li y…õn di nyaŇč suhuri li saviligu baŇč doo nt…Ē…£i nyaŇč ibrahim kamaa bi nya Ňč…Ē din ni bi…õla do ajiman o gbin o ka…£a bi…õla kpi…ĒŇč nyaŇčguu o tiŇčy…õligu amaa ka o y…õla k bi za…£i o da…£i nyaŇč dabili zoli ka o tiŇčza…£iri o daa daa ka ta…£i nindabu do beeo Ňč…Ē bi amaa m biye ni yi ny…õ o y…õla ndaa u baŇč o b…Ēri la d…Ē…£i ti o na ni o mali
98,ndaa y…õla gb…õra na daa kp…õm di…£im ka m b…Ēri s…ĒŇč ka ka chani daa n yuli ny…õ memunatu ka m bi y…õ ni niikoe y…õla o gbini kom palika ti krachi nyaŇčdali kutadambai o cp…õ…£u kom pum ka ti daa b…Ē…£i o b…Ēri o ti sol naawuni o tiŇč y…õligu daa o Ňčun nuu nuu y…õla ny…õ ka o ka bi zoli bia ch…õmma la bela tooi ka o ny…õ y…õla wuhim daa di…£im ti di zoli ka ti ka Ňčmani bi mi d…Ē…£iri o ndaa di firi Ňčun kp…õŇč ka o ni daa wula ka ka ch…õn
99,ndaa m b…Ēri y…õla k…Ē…£im biligu din kpi…ĒŇč zaŇč ka o nyaŇč k…Ē…£im din mbi yi o farikrom nyuli din bee komi ka s…Ēbu din yuli din bee apia o bee nyaba bi…õla o nya bi…õlat…Ēm o di tuma siŇč k…Ēnsttiun site din bi sa…£im zaŇč ka b…õ k…Ē…£im y…õla gbaŇč zaŇč ka kpi o Ňčun zu…£u ka o gbini o ti soli daa amaa o nya y…õligu ndaa o pam ti b…õ ziŇč ziŇč ka kp…õra y…õligu o daandaa m ba miri daa Ňčun ni m bi titu…£i daa ti ny…õ Ňčunnyin daa k…Ē…£im zu…£u yi s…ĒŇč ti ka Ňčun be yima ni k…Ē…£im din kp…õŇč o zu…£u din ny…õ baabu bi…õla daa o b…Ērila s…ĒŇč ka y…õligu daa
100,n daa a y…õligu pa…£a daa na…£ ka m b…Ēri s…ĒŇč t…Ē…£…Ēt…Ē…£…Ē nyuni nya nii lariya ka n firi ni y…õla di pa…£iri din ny…õla ajee y…Ē…£ili o bi nyaŇč Ňč…Ēn din bee tak…Ēradi ni kapikuas kol anumabu sa…£im b…õ tuma k…Ēnstrukti…Ēn koligu din ka t…Ē…£i kpihigu din gbuni o tiŇč zu…£u ka y…õligupa…£a daa o tiŇčsi…£ina ka ziim bee o pa…£idaa ti kpahi doo o zu…£u ni ti maŇčni ti pam o ziim biya amaa o y…õligu pa…£idaa ka ti b…Ēr o y…õla na ndaa tilili s…ĒŇč pam nyaŇč din sa…£im a numabu t…Ē…£…Ēt…Ē…£…Ē
102,ndaa koligu din ba…£u dim maa bi babiku nyaŇč so z…õblak…Ēm bila bia y…õla araba tipituruk dia o w…Ēbu o bee nyaŇč b…Ēri o gbini o Ňčun kee saa k…Ēriti amaa o ny…õ ti soli ala a o bee y…õli din o bi y…õligu amao bee ti gbiri din o yuli b…Ēri ka y…õligu o din nyuli pat…õnti m bi o naabu din ny…õ di maa Ňčma ndaa b…Ērila o nyaŇč ka o naabo kani yila ch…õ ny…õ o hal bala o y…õla bi…õla bia di ti b…Ēri boli ba…£ibaadiba suŇč
104,n daa m beeni ny…õli achid…õntiŇčkeŇč ka Ňčun ny…õ y…õndi sini…Ēr haischool nyuli di isa ka ti daliba yini d…õla praji daa ch…õ o ka o bis chool ntransi nyaŇč din daa nti suŇč o waa sh…õli di zaŇč o ny…õ o na guri o bia wula ka o tiŇč y…õligu amaa o ny…õ o maa y…õla ka ziim bee o pa…£ili daa ti daa wu ch…õ o ti zaŇč o ch…ĒŇč ka nindoli yini bi ni o bi Ňčunnya
105,n daa n yulie ny…õ apia nfiri deei wunniba sini…Ēr haischool ti p…Ē…£i bi…õla baŇč yini ni adidee o gbini tiiŇča z…Ēri b…ĒŇčni kuligu dorimit…Ēri bl…Ēk dali ka o kpi…õŇč ka o Ňčun gbin tiiŇča zuli b…ĒŇč ni o nya vi…£isim ka o gbilim amaa o yiŇč…Ē k…Ērigu ka o y…õti o y…õligu daa too tooi ka y…õligu ka daa gbaŇč laamba amaa ti b…Ēri nt…ĒŇč ka ti nya s…ĒŇč
106,ndaa m bi y…õligu Ňčun y…õla b…õ gb…õri pa…£a daa maa b…õ zaa na koliba tuma y…õla n yuri b…õ yakubu maa ny…õ teech…õri b…õ doo ti su…£ilo k…Ēguelinam o nya kp…õma pa…£a o bi nyaŇčdi ka o bi diniŇč hal do ka sool bu gbinsi saanaa ka ka…£ila naŇč o Ňčun kp…õm bumb…Ē…£u ka sa…£im pa…£a ka o ny…õ timbia ny…õ kaanyali gbaani o bee dirim amaa m bi y…õligu ka ti bi wuhi o o yuli za…£a ka o ti Ňčmaa ti nii sa…£i ka ziim bie o Ňčun ndaa yi maa s…ĒŇč yi b…Ēri zaa o nya kp…õma ka y…õla ni ny…õ pa…£a sa…£im
107,ndaa n firi ka bipu y…õlina pa…£a w…Ē…£u o ka da kiligu w…Ē…£u ni usakampus nyaŇčkpi…õm doo ka o gbini ak…Ēra nyuli di amua n kul litara ka ndiri ka so yaa o kul firisty…õl stud…õn o di mbe kaso o y…õlibu ny…õ ka o di bo nyaŇč ka l…õturis vi…£ilana ka o kada ti bu kiliŇč o gbini ka o Ňčun ny…õ bundu…£u amaa o soli daa o p…õlim o y…õla o kp…õŇč solibo b…õn be doo ka ziin bie beeu Ňčun kp…õŇč amaa o y…õla ny…õ o zoli o ni kp…õma va…£u
108,alo n daa m bi ye n y…õla b…õ daa y…õli din k…Ēhi ka kapikust universiti din bi y…õla sulimana ka o bi ti kpiaŇč kum din pam so m mini po…Ēl pu ka o m…Ē…£insi ka o ti zaa bi boli zaŇč k o daa kpiaŇč di pam ka bimba din bi zaŇč o din gba…£isi nny…õ kp…õku kp…õku no o zaŇč o vu…£im sh…õli zaŇč k nfiri ma ka m bi y…õla sh…õli y…õla din k…Ēhi sulimana o ny…õ o maa y…õla dana o ti so la o wuhiri bu…£im ka o y…õligu ka o nuu bi y…õligu daa bimba din zaa o p…Ē…£im din be o zaŇč o la mm…Ē…£ sh…õli ka din k…Ēhi ka y…õligu o nuu so ka ka y…õligu sa…£im b…õla amaa nny…õ ni d…Ē…£i ti sh…õbim o y…õla a palli b…Ēri
110,n daa m bey…õni n f…ĒŇč ka m bi y…õlim o ni arima y…õla o ny…õ koligut…ĒŇč y…õndi palli ti ai ama sikumasi ti daa bi sanincti lab puu ti b…õ ti piraatikali tuma ka bunsambunar yini daa bu…£isi o y…õm o nuu ka nuu palli din k…Ēhigu kura bee o nuu Ňčuni daa k…Ēhig Ňčmahimba palli ka yuli bee o daa ka o y…õlimda ka ka y…õligu nyuŇč sal…Ēn maa be o labpuu tim m b…Ēri nny…õ y…õla ti b…Ēri maa di tuma aniŇčdi ka ti tooi ny…õla yili maa ti b…Ēri nny…õ o s…Ēbiri dali
111,n daa m be yeni nfirila akumasi akadimi n y…õligu din wuri du b…õ za…£iri b…õ simdi mpa…£a tolimbi ayi din be b…õ nuu sab sab o y…õligu din be bisikiliti ka b…õ pa…£ b…õ b…Ēr o nuu ka afia gbini ka o nuu yuli pubua daatiŇč o ny…õ o m…Ē…£a o ti soli soli o bi gbaŇč daa y…õla amaa o nuu wuhibu la ka o ka y…õligu o ma wum be o nuu b…Ēro ti ku b…Ēri wula o nuu kpela amaa ti b…Ērila d…Ē…£i ti din o pa…£i ka o na o ny…õ afia
112,n daa n y…õlibu y…õla isa m bi fire kadiri adisad…õl kol liga kapikuas alhasan bee ndin biri kakpaabu kaka…£a bi…õla o kuu w…Ē…£iri kapikuas bu…£im ka a gbihi o zoli school gati kp…ĒŇč o gbini amaa o maa bi…õri nyi o gba kpe so so la o tiŇčy…õligu daa bi…õhi nuny…Ē…£ibu bee o tiŇč zoli o zaa ch…õ zu…£u ni bi tuma o tiŇč so ti ti la…£im a o tiŇčgb…õhi ni amaa o kpe…õla so o maa zilizilili zilili ti b…Ērila ka d…Ē…£i ti nil o soli ka di pam ti ny…õ
114,n yuli dina n firi bee tamali techini kal univ…õrsiti pu n di doo abina o bi situd…õnt la Ňčani o bi kana ka…£a yili din bi eŇča neerim bl…Ēk doo pu o daa na kana di o daa kp…õŇč o gbin Ňčun diini ziim bi…õla khaŇč bee ch…õ na dinzu…£u o ka y…õligu Ňčuna gbaŇču ka y…õligu din amaa o ny…õla o y…õlina li bi y…õla ti b…Ēri y…õla ti niŇčda ti ya…£iri o ny…õla yili soli b…Ē d…Ē…£i ti niŇč ti o tu o soli nni a s…ĒŇč maa y…õli ma o niŇčdi pam
115,n daa n firi di k…ĒŇč y…õla din kp…õm ka din bee naviri Ňč…Ē sini…Ēr haischool Ňč…Ē n yuli ny…õ abina nny…õ tiŇčdaana ti sukuu mantinanse pikup dee o nyaŇča din bee k…Ēmp…Ēnd o la…£im din kp…õm w…Ērib sh…Ēpo o ny…õ ti pe tiŇčdaan yini o dee o ni ka o bee nyaŇča o ka o Ňčma o bi kani o ti soli daa ka o tiŇč y…õligu ka bruse bee din daa o ch…Ē…£imdi daa ka ti b…Ēri Ňčun yini o teo din bee nin nzuliya o barika o y…õli ka y…õligu o ti zoo
116,n y…õligu la k…Ēbina maadirisi kuu o pokuwara shoul kumasi pam boligu la ni do ti tuma homi …õkon…Ēmisratikal bia yini nkolas pam o y…õligu la ba foori o kpinsi kaai y…õligu y…õm daa b…õndi la do pam ni o kpiŇčkpam doo ni bia ny…õ o bisi yim daa o pam zu…£u chi…£il o zu…£u o pam bee o daa ka y…õligu b…õndi la ka y…õligu ka daa chaŇč sa…£imla saha o paali nyalila bim la bi…õŇč kabisi nyarila ni o tibiga amaa o bee y…õli li za…£a ka ti m…Ē…£ili sa…£im karimla tuma maamni nkafiri n dini n y…õligu ka yi ny…õ
118,alo n y…õligu dinashibm…õ m bi yani ka n fir…õka n y…õligu ndoona ak…Ērk…Ēri wala o kaŇč achid…õn kadiri boligu taŇča sany…Ēri hai shool o bi yi bia wala yili so Ňčun ka o kpiŇč Ňčun s…Ē…£im ka o gbani ka kpiŇčdaa ka ka y…õligu ka o tiŇčdi ka wala gaha din bi o boli o maa ti soli o ny…õ o y…õla mmaŇč Ňčma o y…õligu o bie yani ka di…£indi din bi o soli Ňčun maŇč ka y…õligu daa o ny…õ o maa zoligu bee o bi daa di ti saŇč o ka o ch…õ gbaŇčkaa yili bia Ňčun dabi Ňčun Ňča ti bi yidaa o din o bi ny…õla bala kaadi maa o din ti di o o bali bali o maa t…ĒriŇč daa
121,ndaa b…õ ny…õ ka y…õl la ny…õ ka Ňčunla Ňčun ka m b…Ēri ny…õli y…õl la n yuli di jifa mbie kaia Ňčun dali ny…õ wesli girisilana ti biela ayi ny…õla ka b…õ gari ka gbaŇč ka bingbaŇč ka sagbana a gbaŇč ny…õ gbini ka pam ka bi…õla ny…õ b…õ ti bia nfanchipim la o ny…õ ka b…õ y…õlibaatia ka kuma sanyaŇč la nili bi…õla ny…õ malika o daa gbani ifua Ňčun tili ka watiri b…Ēti li k o gbini nyaŇčda o ti soli kaa o nyila ka o ti ni soli ka ifua ny…õ li Ňčun ka y…õligu daa kana kana ka o Ňč…Ē o Ňčun kabili ti daa tum bi…õla nkpela soli ka ifua mbi la s…ĒŇč o b…Ēri d…Ē…£i ti o nya o
122,n daa ka y…õlik…Ēhim pa…£ y…õligu bee ni ka piram pehi kolaba k…ĒŇč kumasi Ňč…Ē mali y…õligu ch…õla nny…õ asanti shioul bia mpee kojo b…Ēri mali nyaŇčdiibu ka kp…õŇč yi tuma ka sa…£im ka nyu kumasi o kp…õŇčti o ka o gbiniti Ňč…Ē y…õligu ta…£im o tiŇčgbali gbali ka ka kul o tiŇč ni Ňč…Ē o di y…õligu ziim bee o baŇč o ny…õ b…Ēri yi Ňč…Ē o ti soli chamma ka o tisaa ti Ňč…Ē daa kuli ka ti mela ma ka birituŇč yi Ňč…Ē ka ti mela kpe o ndaa bia daa na…£ ya k…ĒŇč ni tili ma
123,n daa m be yi ni nkoli y…õla b…õ gbini universiti …Ēfgana l…õg…Ēn saha din koligu yiri doo nyulihi nny…õ nia arima nny…õ stud…õnt b…õ Ňčun y…õligu din kp…õm kp…õm sinia stud…õnt doo bi ny…õ initi…õtiun bi…õla ibrahim ka o nyaŇč gbara ta…£itiba b…õ nyu…£i o pam ni o da…£indi ta…£itiba lahibi ka b…õ k…ĒŇč o ti diri y…õligu sh…õli ka k…ĒŇč o ny…õ o maa t…Ēbirit…Ēbiri o nankatari y…õligu o y…õla o y…õla o y…õligu bi o din be…õm niŇč nk…ĒŇč kpeŇč nzani ma amaa bi…õla daa b…Ēri d…Ē…£i ti ny…õ o y…õla doo ny…õ ni ka y…õligu nyu o pam la na
124,n daa nruom mati sariwa gbini ka ti…£a Ňčun kani y…õligu o din ash…õs universiti ni n k…Ēri o kpeŇč ka o Ňčun nyaŇč li kp…õra disk saŇčndaa so o daa ti y…õla ka o ny…õ daa y…õla sh…õli ka saŇč sh…õli o kponni sh…õli ka o ti so o guri ni daa ka kpihim zaŇč o ka ny…õ o yikpamla ka o malimali o bi di ka b…õ di ka b…õ da nya zaŇč ka b…õ di ka b…õ da nya zaŇč zaŇč ayi din di la o ti di ka b…õ ny…õ o dazaŇč ka b…õ buli ka y…õligu Ňčun Ňčmanim li o daa bee sh…õli ziim bee o li b…õ y…õla sana nyuli nyira mbe ny…õli b…õ room mati la ndaa d…Ē…£i ti kpe ni fire ka wo o ny…õ o la o ti saŇč o
