id,asr_transcript
0,m…õpa wo ky…õ wo m…õba kwame hy…õ aksid…õnte wo dam…îngo ha ne wi…õ yi …îrek…îtwa …îkwan no ho faakoa a eb…õn market no na pir…õgyee bi b…î no na …îtuu fam ne nan no y…õ no yawo na y…õhunu no kuti ne skrakyes bi wo so nanso …îtumi sesa no kakra enti y…õny…õ dis…õ bubu me din d…õ bafo na mep…õ s…õ obikyer…õ me as…õm a mahunu no bi fa ho s…õ d…õn na meny…õ mano seesei
2,meniabarima mensa abob…îyaa bi b…î no k…õse fatakor…õ dii market area h…î ny…õ te saa bik…õ no b…î na …îtuu fam papa na ne tiri ne ne k…în ho hy…õ no yaw w…î saa fasaa fa…î no mu …înim ne ho na …îreka as…õm nanso …îreka se ne k…în y…õ ne y…õw k…õse na ne tiri fa bi ho asu me ne nhyira meka ne ho seesei ara y…õhiaa obi a …îb…õba mmoa y…õn …õfiri s…õ y…õnim s…õ y…õn s…õy…õn s…õmuvi no anaa dade
4,m…õpa wo ky…õ wo mep…õ s…õ meb…î repot fa aksid…õnte bi h…î a …õbaa kuma si tamal kwan so b…õbiara a …õb…õne …õdwura medin d…õ naa dedee yi na merefer…õ faa aberante bi h…î w…îfer…õnii a …îhy…õ rod aksid…õnte mu aksid…õnt no y…õ no f…õf…õ ara ne …õy…õ sekare bi b…î no na …õhuruu ne yie ne buruane ney…õfunu na …õy…õ no y…õwo pa ara nanso …îda h…î na …îtenk…î mu …înhawo koraa …îny…õ …îkae koraa nanso …îdah…î rematendin m…õpa woky…õ wo obi mmara mmoano firi s…õ hiahelp nt…õmara
5,m…õpa wo ky…õ wo biribitwa ase papa na mehia mmoara ntam ara me din d…õ apae a na mer…õfer…õ faa …îpanyin bi h…î w…îfr…õ no ab…õn a …îrey…õ adwuma biaa a …õb…õn kat…õkirakyi kwan no ho k…îsedambae…õ …îretu nnwuma d…õnd…õn no mu …îsoa a desoa d…õnd…õn na biribi k…î fe wo na w…îhawo no papa w…î ne buburuwa ne buluwa ne yafunu mu …õy…õ ne y…õwo pa a na …întumi nyina yie ndwuri no y…õ hu papa mm…õpa wo ky…õ wo y…õnhia obi a …îb…õba ntam ara …õfiri s…õ …îy…õ opanyin na as…õm yi y…õ d…õn pa a maa y…õn a y…õw…î ha y…õntumi nk…î so ankasa
7,mepa awo ky…õwo biribi k…õse bi aba ha w…î as…õmntural na me…õhia mmoa nt…õm ara me din d…õ agyema no na mereka ho as…õm …õfa aberante bi a w…îfr…õ no owusu kare bi b…î no w…î …îkwan so saa bebre yi ara aberante no ho nye koraa nananho bapaa …õte sefratere k…õse bi na mogya retu para …întumi nnante anaa sisi ne nan koraa na …õye ne yaw bebree …îda fam ho b…õy…õ d…õn bia
9,mepa wo ky…õ wo biribi b…îne pa a asesi saa abofra baabi a w…îfr…õ no felistia no so w…îkuma sikap…õ koas …îkwan no so mankasim ho mmarima bi dwuruu no w…îb…î no pa a na ne nsa ho tee saaa …întumi nyi no koraa na no ahob…îwo na edan b…îne b…îne so med…õ mey…õ bo…î aten mereb…õ mekarimu na meahu no …îkwan akyiri so na obiara remboa no mepa woky…õ wo mo ntenam ho mommama obi mmara a nt…õm pa ara …õfiri s…õ abofra no retu mogya bebree na …õte s…õ …îb…õkola pusi ara
10,me din d…õ asa…õr…õ merefer…õ s…õ meb…õka biribi a …õsii elinam ho …îreduadua dwolof w…î ne folatmu ha ad…õnta piresuro a …õw…î pot no mu maa lid no pue fitaa fitaa na stiem na nsuo hy…õ a …õw…î mu hahaa too ne nsamu ne forem no so ngog…îte reba nanim w…î h…î na …õy…õ no y…õw pa a …îte h…î na …îreka as…õm nanso buru no y…õduru na …îsee y…õne y…õwo daa …õrek…î so sene y…õhia nimdee s…õ y…õb…õy…õ denama no seesei ara
11,mebak…îdwo…î nya …îwie…õwo …õna a afei w…î ha …õsenifosu ber…õ a …îreboa w…î karpentiri hyop no mu du…õ bi tuu hw…õ fam k…î ne nsa so k…î taa no kakra enti mogya retu no kakara nanso …îtumi k…õka ne nsa yi ara mene k…îsi mene agya y…õahoroo ama no yie na y…õato ntam ahy…õ h…î nanso meretwe me ho aba reka ama mo se …õfiri s…õ …îy…õ ab…îfra k…õtewa na menim a y…õhia d…õ no baabi anaa de…õ a
13,m…õpa wo ky…õwo mep…õ se meka biribi a …õsii ha w…î dambae mehohoo ba fatima w…î a taksi bi b…î no w…î …õkwan so asid…õnt katiwa na ab…îfra no hw…õ…õ me din d…õ ed…õm me ne …îkwan a m…õfr…õ no …îw…î kut wo ne nan so nana nenan no ho ho bi w…î h…î nanso …înan te wo kakra enti y…õnhunu no se y…õrk…õse pa a y…õp…õ se y…õdi ho yie na w…îhw…õ no yie
15,me din d…õ …õk…îfi na merefer…õ s…õ merekyer…õ w…î as…õm bi a …õsii menuabarima asare h…î w…î y…õn fie hakape koas mmarima bi bae na w…îhy…õ ase kasa teaa no na obi d…õ nsa bubui no tiri so w…îatwitwa no k…îk…îk…î kakraa w…î h…î na ne k…î no nso y…õ no y…õw kakraa nanso …îte h…î na …îrekasa nye d…õn pa a nanso mep…õ s…õ obi nim as…õm no
16,mepa wo ky…õwo mer…õfr…õ s…õ merebu ns…õm bi a …õsii …îpanyin bi kwab…õna h…î …îkwan a …õfi kaperkoas k…î eumina no so ogyaa no mete se nsu hyew bi anaa se biribi hyewo kaa ne ns ank…î ase koraaames ase s…õ meboa …î…õ …îpanyin ni a mesu nu anso …îte ne ho a reka a…õm …õhia obia …îb…õba naw…õ no
18,mekunu selom otuu fam ndora awiaha y…õn fie ha nhyiae…õ so …îrey…õ dua ase na …îtuu na w…îk…îbuee ne nky…õn so yie medin d…õ ama mey…õ ne yer…õ …îse ne buluwa ne ne yafunu ho y…õ no y…õwo kakra nanso …îtumi siesie ne ho enti menye suro se …õy…õ k…õse pa a y…õp…õse y…õhu se y…õn d…õ no b…õk…î baabi anaa y…õnye d…õn
19,mepa awo ky…õw biribia asi ha aba ntama ne awie yi meh…îh…î…î ba esaa …îredie aduane w…î …îkwan nky…õn didiabiaa bi mu na kerosene stovi a …õw…î h…î no fl…õmespoe faa neanim ntam ara na …îgyaa …õfiri no no b…î ne buruwa no ne yafunu mu …õnye k…õsepapa no hoho no apempen na …õy…õ no yaw na …îrenya nkwa no nek…õsa yie mene kwku na mew…î biae no ho ara ber…õ a …õsii obiara b…õtumi bahyia ne ho hw…õ
22,mepa wo ky…õwo biribiera sikape koas elmina …îkwan so na mep…õ s…õ meka ho as…õm menuabaa adwoa noa …îw…î torotoro bi mu a kar fofor…î bi b…î no kar no baa firi baabi a y…õnhunu nu na …õb…î w…în w…îtoro no w…î ne tiri so noa …îreka se no k…îny…õ no y…õwo pa ara nanso …îrehunu no a …îreka as…õm medin d…õ selom na mew…î ne nky…õn seesei ha …îkwan ho y…õhia obi a …îb…õbaboa y…õn …õfiri s…õ mogyinu a …õntot…î
23,pwok…õwbiri be pnanso no na no mu y…õ b…îne pa a wapuntuu no na mogya retu no bebree na y…õntumi nsi no …îy…õ …înk…îkatuwani …õfiri s…õ nkurona w…îde no br…õha n nso na y…õnkoma atowasema no meamhamza menamfr…õ mepawoky…õ wo y…õhia mmoa bi mmaraha nt…õm pa a …õfiri s…õ y…õnim de …õ…õy…õ
24,mepa wo ky…õ wo b…îne k…õse bi atoa ase ha w…î asokwa kuma si …îpanyin bi a w…îfr…õ no owusu b…õhy…õ nsu mu b…õy…õy…õ na y…õsuro no pa aa …îrohonom ara nanso …õy…õ ber…õ wo na nye d…õn na ne tiri ne ne k…înhy…õ mu na …õhw…õ seranye pa ara s…õ biribi y…õ no y…õwo mu mey…õ ne h…îh…î na menam metwe ne firi nsu mu nanso …întu so yiy…õ koraa mepa woky…õ wo y…õhia mmoa mmara ha ntam ntam …õfiri s…õ onipa yi y…õ …îpanyin na …îhw…õ serios paara
25,me din d…õ isa merefr…õ s…õ maka aksidente bi a …õsii ha so hu …îbaa panyin bi adwoa ara …îretwa mo …õkwan no mu a torotoro bi b…î no kakra na …îtuu fam …õnye s…õ d…õn pa a nanso nenano y…õ no yawo …îsee y…õ no yaw nans…õnkyer…õne k…õse bi nni ho nkotoo nkota bi w…î h…î …îtumi yi nenan kakra kakara nanso …îhia onipa bi a …îb…õba na …îhw…õ no yie
27,m…õpa wo ky…õ wo biribi atoa magya na okunafo ho ha w…î adum kuma si kabena tuu fam ano p…õ yi …îhw…õe …îkwandan so na …îbuee ne tiri ase fam …îy…õ …îpanyin enti y…õsuro paaa na ne k…îno nso y…õ no yaw na ntumi ntwe ne yie mene abenaa ha mey…õ ne ba na okunafo na sesei no…õkuna nanso …îkyinkyin kakra na …îreka se ne tiriy…õ no yaw paara y…õhia onipa bi s…õ …îb…õba ne ho wienu firi s…õ numis…î noho sr
28,me din d…õ fori merefer…õ wo na mente ns…õm bi a …õsi won hehai no ho kasoa nky…õn …îpanyin bi y…õ wo …îtuu fam mesusu s…õ …îs…îre wo …îkwan no nky…õn na nanaa y…õ wo yie ebiara no nsa nso …îtumi k…õka mfatamfata nanso …õy…õ no y…õw pa ara na …întumi s…îre no ankasa …îny…õ …îbarima k…õtewa koraa enti y…õesuro no akyi
32,m…õpa wo ky…õwo biribi b…îne na …õsii wo y…õ no nk…împ…în haa w…î diky…õm so mmarima bi na w…îkaa owusu …îpanyin a …îte beaa a …õb…õn ntranse no ho w…îb…î no w…î ne tiri one k…î no ho meda amoa a mey…õ ne h…îhoo na s…õ metie ded…õn a meredie so mepuee ab…î no ho na mefaa no w…î …îsore fam no ho …îtee no k…îmfusi na no k…în y…õ no y…õw pa a …înkolopuse nanso no ho nye koraa …îpanyin no hia mmoa
33,menuabaa raba hy…õ asid…õnti mu ne wea no kumasi tamar l…õ …õkwan so bebia eb…õn edwura ho karebi bokare a …îne ne ho k…î no mu na …îbuaa ne tiri yie pa a ne k…î no nso rey…õ no y…õw bebree …îtee nk…îm na …îrekasa nanso ne ho nhyi…õ yie na …õhohu s…õ ne tiri ho aho fofor…î …õhia mmoa …õfiri s…õ y…õnemuhunu se …õy…õ safe anaa w…îb…õnya no d…õ ne ho k…î baabi
37,mepa wo ky…õwo meniabaa bena w…î a tahi bi b…î no faam woy…õne efie ano ha navor…îngo …îy…õ abofrabea ne mfee b…õy…õ edunsia p…õ moto baeka a ane tahi no b…îne nan nanso no ho y…õ …înkolopu se anaa biribisaa na y…õ no y…õ wo kakra na ker…õ bi w…î h…î a w…îgya no mena mefr…õ me din d…õ araba mepa wo ky…õ wo y…õp…õ se y…õnte s…õ y…õb…õy…õ no d…õn siesii
38,mepa wo ky…õwo me din d…õ …îfore na mep…õ se meka biribi a …õsii …îpanyin bi haa faako a eb…õn savelugu w…î tamarl…õ y…õndi kwan so w…îfr…õ no noa dede yi …îy…õ …îpanyin pa ara na …îrey…õ dwuma w…î efuu bi a …õb…õn …îkwan no ho no biribi to no mesuose firi kat a …îrey…õ load no so y…õ no yaw wo neburua ne ne akyi nanso …îda h…î wo reb…õka as…õm enti …õnye biribi a boro saa a nanso ohia mmoa meka no ho no nto yie
39,nnanso …înyame da ase nye d…õn pa a …îwo yaw kakra wo ne y…õfunune ne burua ho s…õ w…îb…î no ho s…õ w…îb…î no ho nanso …înye aware …îrehw…õ na …îreka nas…õm me din d…õ agyeman me w…î ne ho afei wo fie m…õpa wo ky…õ wo y…õp…õseyeinom d…õ y…õsey…õy…õ ama no afei
41,meniabarima yaol hy…õ aksid…õnte w…î akra kumasihihwae no so b…õy…õ nsaw…î me ho mena mey…õ bafo …îna me panyin na obi fr…õ me sikare bi b…î no wo nakyi ber…õ a …îrek…îtwa …îkwan no so …îy…õ…înk…îfo …îw…î mfe b…õy…õ dunsia a anaa aduonu d…õn a w…îkaa kyer…õ me no a …întumi agyina tratera ase nanso …înnimne a w…îreka kyer…õ no …înhawo no k…î mu bi …îrekasa mepa wo ky…õ wo y…õhiaamboa na y…õnd…õ no k…î hospital ntam ara
42,mepa wo ky…õ wo mep…õ s…õ meka b…îne bi a …õsii ha w…î savilugu anwile yi mey…õ …înk…î fusenii …îy…õ …îpanyin …îresane fi market no mu baa baabi a mmarima bi k…î so d…õ nowo na w…îp…õ s…õ w…îd…õ ne sika k…î w…îpuhwii no fam a w…îbubui ne nsa no ber…õ a …îp…õ s…õ …îtia w…în na afei ne nsa no ahoahoa na ntumi mfa so koraa …õy…õ no y…õwo nanso …îtee ho na …îrekasakasa mena mey…õ abubakar obi fr…õ me ber…õ a …õsi nu mepawokyer…õ
44,mepa wo ky…õwo biribiaa yi ara asisi ha w…î dansoma no mena na …õfuaa …îtuu fam owie yi na …îhy…õ mu d…õn pa aa na anano baako atwi akyi …õkwan a …õnye yiy…õ koraa rw
45,meba abigail na …îreb…õk…î wo h…îhoe gyesika na …îkwan so a torotoro bi b…î no fi ne akyi …îy…õ abofrabaa akyi mfe dunsonanaa mena mene no na medin d…õ hadigya …îy…õ meyaw…î w…î ne k…îno ho na ne tiri so nso w…î kunta kakra nanso …îda wakye na …îreka no kyer…õ y…õn y…õw…î ne nky…õn seesei na …îte se no ho y…õ nanso mep…õ se obi te se ne asi
46,mepa wo ky…õ wo biribi b…îne sii ase na m…õnhiaa s…õ meka ho madamfo mu ntari w…îb…înofo w…î h…îh…îe gya sika na kwan so nnipa bi b…îne w…îb…î no w…î ne tiri so na ne k…în nso …õy…õ no yaw nanso …îda h…î reka kyer…õ no na no nso retee enti mensusu sei y…õ saa d…õnd…õn me ne abubakar na mew…î ne nky…õn ber…õ a na …õsii y…õhia obi a …îb…õba ab…î y…õn ho kwan anaas…õ w…îmeka kyer…õ y…õn de…õn …õfiri s…õ ne ho ye koraa
47,mepa w…îky…õwo mep…õ s…õ meka biribi a asi moho w…î hahim me din d…õ felitia na metuu mfam w…î efie mu mw…î k…õwo mep…õ s…õ meka ehrle nk…õtwa bi m…õtui si s…îrokkrkn meawe mu s…õ birib borokn
49,m…õpa awo ky…õ wo biribisii h…îhoe gyesikan …õkwan so ha kakra no abusuabaa tan bi w…îfr…õ no selom …îtene piregyia so na piregyia no danee fam w…î …îkwan so h…î meda me din d…õ soloman a mek…î h…î a na saa ara as…õm yi resisi abofra no ani da ho na reka as…õm nnso …îreka s…õburua ne yafunumu y…õne ywo s w…îhonwmu hony…õhupapa koraa nanso esue obi b…õa na hw…õn
52,mepa wokyew biribi tia pa ara ba ha wo sunyani na merehia mmoa nt…õm ara me y…õnkoba apae a abofra k…õtewa …îtuu nsuo mu na …îtene wo nsuo mu twea ansa na y…õtuu no firii mu s…õ y…õtui no firii mu no s…õ y…õtui no firi m no …înyina yie na ne bulo a ne y…õfunu hw…õ s…õ w…îasor…õ…î na y…õhw…õ ser…õn ye s…õ biribi y…õron wo ne mu apiaher…õ hom nanso …õy…õ wiak pa ara na s…õ y…õfer…õ ne din no …însuo yi…õ mepa wokyew momboa mmer…õha ne statey…õbade pa ara mene maame na mew…î ha ne nky…õn seesii na meretwe…õn
53,m…õpa wo ky…õ wo biribi b…îne pa a ab…õsie ab…îfra k…õtewa bi ha wo ba woku mehohoo baa adwo a …îtuu fam fii bob…õ dua k…õse bi so wo efie anim na kwan a …îhw…õ ase no …õhy…õnyiy…õ koraa ne nsa da so kyinkyina …õnyiye na …îsusususu na …întumi nyi ne na no mu koraamene m…õfa mete hohoo efie no ho pibirim na ne maamei ha enti mena mrefr…õ mepa woky…õ wo y…õhiaboa nt…õm pa a …õfiri s…õ ab…îfra no y…õ
54,medin d…õ remetu merefer…õ wo fa biribi a …õsii w…î tamale y…õndi kwan so savilgo nky…õn …îbarima …îfoforo bi a w…îfer…õ no asare no …îreboa w…în d…õ serea sak yi firi turukimu w…î …îkwan ho na sak baako b…õhw…õe no firi …îfa so b…õb…î no d…õn w…î ne bulowa so …îgyina ho na …îreka no nanso …îkaisenekakra a …õw…î ne bulu mu noyyaw na …îho nso y…õ no d…õn kakra m…õsi w…î …îkwan ho na mahunlu w…în na w…îb…î mok…îfr…õboa
55,mepa wo ky…õ wo mep…õ se meka aksidente bi a …õsii ha kaper koas…î me h…îho baa afia w a taksi bi b…î no w…î …õkwan so bee a eben market no ho …îy…õ…õ abofra baa ebiara wo mfe adu…îsona pia b…î no no y…õ hu kakra …îw…î ya w…î ne k…î no ho na …îgya bisi ne tiri so kakra nanso …îrenya no a …îreka as…õm mena mefer…õ no …õfiri se ne maame na …îw…î no ho siisii na w…îreb…õhwe taksi bi d…õ no k…îkilini
56,mepa wo ky…õ wo miniabarima asante w…î domaa ahenkuroha karubon wo main roadh…î na …õy…õ serius paa …îy…õ aberante wo …îte s…õ afeha dunkuron anaa aduonu ho na …înan y…õ no y…õw para …õte s…õ …întumi nyinaa anaa nko biara na …õy…õ no y…õw pa
57,maha y…õ a agya me din d…õ k…îfi mene …îfori papa …îfore y…õ me ba …õne wiaber…õ yi …îfori hyewo y…õw…î y…õne efie k…împ…în hatamale …îw…î kokimfiri h…î na nsu a …õhyehy…õ no to no so …õkaa ne buruwa ne neyafunu so nye serius paa sikin …õy…õ h…în na …õy…õ no yaw kakra …õber…õ yi ab…îfra no nante wo yie na …îsu na …õny…õ dodo bio nanso mefr…õ se mebisa y…õhw…õ s…õ y…õd…õ no k…î hospital anaa y…õtumi tret no ha fie ara
63,mepa wo ky…õ wo biribiara si haa w…î goa so na mep…õ se meb…õka ho as…õm me din d…õ …îfore na merefer…õ efa …îbaa bi h…î w…îfr…õ naa dedeyi ab…îb…îy…õ a b…õto no w…î …îkwan so na …îtuu fam pa a …îrekyekyer…õ ne k…în na …îrekase ne tiriy…õ no yaw nanso …îte ho na …îreka kakra nye d…õn pa a nanso ohia mmoara …õfiri s…õ …întumi ny…õ ne k…în yie
64,meba amoa na …îreboa me adwuma bi hafie ha y…õndi na …înya krataa tiaa w…îbi w…î ne nsa so firii adwumanne…õma no mu baako ho …õnye din bebree w…în tiaa w…î nk…î ara nanso mene d…õm na mep…õ s…õ meka ho as…õm kakra …îho y…õ surotia w…în nk…î ara na mogya a …õretu no no asa bebreb…õ de…õ
65,mepa awo ky…õ wo merefer…õ efi sema menuaba muntare abuno no a mewer…õ ahoopa a …õfi sema no na y…õw…î kintampo h…î …îkwan a …õk…îkum asi no so na saa …õber…õ no asii na …îreboaboa biribi na ogya hyewo no nanim fa burua ne y…õfunu ho no …îy…õ abofra maeb…õ mfee edunsia na …îw…î na y…õk…îk…î nampoboa no w…î so nanso …îda ho renya ne ho a …îreka as…õm nyame ad…îm mene asi naontie na mew…î ne nky…õn seesei nanso y…õhiaa s…õ y…õhunu de y…õb…õy…õ ansa na y…õataa k…î hospital
68,m…õpa wo ky…õ wo mep…õ s…õ merebuu nsam bi a …õsii …îpanyin bi h…î wo y…õndi ha me nua a …îte me nky…õn no asar…õ …îy…õ…õ …îpanyin pa ara onipa bi baa …îk…îkaa no w…î ne fi wobuaa ne nsa yie pa ara na …õaho no saa ne me din d…õ …îwusu met…õne nky…õn na s…õ megyee nn…õ no a meba p…õ ahu de…õ asii …înya wo s…õ w…îb…õwu nanso nensa no y…õ no y…õw pa ara na …întumi ny…õ no soro y…õhia obi a …îb…õba aboa no anaas…õ w…îmma y…õn nsama y…õn
69,me din d…õ dela merefer…õ se merebu nsam aksidente bi a …õsii kapekoas ha …îbarima koraa bi a w…îfr…õ no kpo do …îte s…õ …îwo wo ne mfee ynanaasse …înkhospital anaa
71,m…õpa wo ky…õ wo mep…õ s…õ meka aksidente bi a …õsii ha navor…îngo me din d…õ muntarei na merefer…õ fa me nifa asareh…î hyaretase bi b…î no w…î …îkwan so seesei ara ne ho y…õ nye d…õmd…õm nanso ne nan hy…õ no y…õwo kakra wo h…î …õy…õ meyawowo y…õdwene s…õ anka kut anaa bire sa ara na …õy…õ fraktere biara ni mu nanso y…õp…õ s…õ oduruyafo bi hw…õ no yie na y…õhunu nokwasam
73,os…õ waret…în no ba no nsa nohw…õ yaw na ahyewona ahye wo na akyekyer…õ no te s…õ biribi nye p…õ yap…õ s…õ obi ba hw…õ no yie …õfiri s…õ ne tirim atete na wany…õ d…õ no kumaa biara w…î seesei
74,mepa wo ky…õwo biribiara si takoradi kaperkoase hehwa no so anomaa b…î h…î oku nani bi a w…îfer…õ no silom mete s…õ …îw…î afedudu as…õ bi karobon …îtuu fam no ohuro ne tire ne ne k…în yi y…õ…õ w…î …õkwan no so na mogya retu no fi ne tire mu nanso …îrehome na …îreka no kakra me na mey…õ ak…îsuara na meretu …õkwan no so ara na …õsii na nnipa biarahohyia no ho siesi y…õhia mboa mommerantam …õfiri s…õ abofra no hia …îdulo…õf…îw
75,medin d…õ maame na mer…õfer…õ mo s…õ meka biribi a …õy…õ d…õn pa a …õsii …îpanyin bi ho faa kintampo h…î w…î kwan a …õk…î tamar no so ne din d…õ wer…õdu na nnipa bi bono w…îb…î ne y…õwo paa wo ne ktiri mu na wo ne k…în so …îy…õ…õ …îpanyin a …întumi nnante …îda fam k…înkoro na mogya r…õtu fii ne tiri mu mepa a wokyew situation no y…õ d…õn pa a ohiamoa ntam ntam ansa na biribi a …õy…õ ho b…õba no ase
77,meba k…î fi hy…õ aksid…õnt w…î takoredi kaperkoas hehua no so b…õbiara a eben nomaab…î menene maa me me din d…õ elinam karebi b…î no w…î …îkwan ho no …îy…õ ab…îfra ne mfi nyinaa b…õy…õ ye siksin na …îtuu fam na …îkaa ne nky…õn bebiara a eben ne buruwa ne y…õfunu …îni baabi a …õy…õ d…õn pa a …îte ho renya no ho na …înante nanso …õy…õ no y…õw kakra enti meba me br…õ nsam no y…õda h…î ara bebiawara a aksid…õnt nisi h…î no
78,m…õpa wo ky…õwo biribiara asi haa w…î tekyima no na mehia mmoa me din d…õ efua na mew…õfr…õ ho fa miniabarima y…õw h…î …îtuu fam na w…îtwe yi w…î efiemu na …îbuee ne tiri w…î famu yie pa ara …îte ho na …îhunu hw…õ…õ nanso …îreka se no k…în y…õ no yawo na ne ho te s…õ …îy…õ komfusi kakra y…õsoro …õfiri s…õ …înse no ho ankasa seesei
81,maha meba mawule pr…õgye…õ bi b…î no ne wieyi w…î h…îk…îe…õ gya sika no kwa n so bik…õ no b…î no a …îtuu fam na …õy…õ s…õ ne nsa ahuy…õawo osu na …îkyer…õ no nanso …îtumi tete ne nsatea kakra mene bo at…õn mne ne agya mepa wo ky…õwo y…õhia onipa bi mmaranhw…õ no …õfiri s…õ wom s…õ …îh…îh…îda no so nanso memp…õ s…õ meda ab…îfraba dangili mu momboame
82,m…õpa wo ky…õ wo mep…õ s…õ meka biribi a …õsi hawa sentral meh…îhoba amoa ab…îb…îyi a b…õhy…õ no w…î …îkwan so nt…õm yi ara awopaboa no y…õ aberante ebia w…î afee …îhadum w…îtwe anaa nanay…õ wo yi…õ w…î atid…õnte no mu na no hun na …întumi egyina so koraa …înkoro pu see anaa hw…õ…õ saaa nanso …õy…õ no y…õwo p ara na yesu y…õ me din d…õ fatema na y…õhiaa obi a …îb…õba mboa y…õn anaase
84,m…õpa wo ky…õ wo mefer…õ s…õ merebo nsamfa aksid…õnte bi h…î a …õsii akra kaperkoas …îkwan so menaba nky…õn baabi me nuabaa …õkoan a …îw…î torotoromu a kar fofor…î bi bon na way…õ ne yaww…î ne nan so nanno ah…îho na ntumi nhy…õ so koraa …îy…õ…õ ababaawa k…õse afedkoronbi nky…õn no w…î me dinnii na merek…î ne nky…õn siesii nanso mep…õ s…õ mefr…õ kan na obi b…õba ak…îhw…õ no
86,menana gifti kare bi b…î no no takwa ha y…õn efie nky…õn …îy…õ…õ …îpanyin na kar no b…î no yie pa ara na n ase na mogya pii retu me din d…õ kwaben a mey…õ nasefo mepa wo ky…õwo …întumi agyina ho koraa na reda susey…õsromano paokora
89,mepa awoky…õwo biribi asi w…î tamarlek bolgatanga kwan so walowal…î h…î abarima bi agyeman nnipa bi d…õ hy…õ no so w…îbubu y…õn n yie wone tire no no k…în so mene aman nkwa mek…î h…î na mehunnu yi enti mekae s…õ meboa no …îhunu hw…õe na …îreka kakra nanso ne k…îno ho resusu na w…îhu sei y…õ no y…õw pa a y…õhia onipa bi mmara ha anaa w…îma y…õn hu bea a y…õb…õd no k…î ntam
90,mepa wo ky…õw biribi b…îne paa aba saaa ab…îfra b…õn ha medin d…õ efia na merefer…õ faa abofora bi ho ne din d…õ agyeye …îrese…õ dwuma na makyini bisiim ne nsamu na …õtwitwa ne nsa no yieyie na mogya retu paa y…õw…î ahim reod no so benhauf asini ab…îfra no y…õ ney…õw pa ara na y…õn ani agye hu mepa wo ky…õw mamboa mmer…õ …õfiri s…õ ne ns√£ no y…õ hu paapaa
91,meba agyeman rey…õ adwuma w…î k…înstrukti…în site bi haa wo tumu na biribi duru tee k…îhw…õ…õ no na …õk…îbu no w…î ne buruwa ne neyafunu so …îy…õ ab…îforara fi dunkrontim na w…îhunu na …õy…õ no y…õw nanso …îte h…î na …îrekasa da a me ne p…õkye ntse ne maa me na ne nkur…îfo…î a w…îy…õ adwuma ne no fr…õ me ber…õ a na …õba a …îrekasa ne bulua y…õ no yaw paa paapaa ber…õ a …îrohom nanso ntan biara nni h…î a remm…õtu mogya koraa …õhiaa obi a …îb…õba boa y…õn anaas…õ w…îmmer…õ y…õn nsam a y…õnye …õfiri s…õ y…õnim yi…õ s…õ biribiaraboe…õ ne mu anaas…õ daa bi
92,m…õpa wo ky…õ wo mep…õ s…õ meka biribi a asee fa me nua kumaa ho …îdin d…õ kwame na w…îadi afe aduonum kronn na …îrey…õ…õ adwumaa w…î konstruktion site bi w…î akra kape koas road so k…îsewineba nky…õn na biribi tuu hotuu n ns√£ so …îk…õka s…õ y…õ no yawo nanso …îtumi sesa no kakrakakra enti y…õntumi nsua s…õ …õy…õ …îhaw k…õse pa ara medin d…õ …îf…îre na mep…õ s…õ midia hu s…õ ohia k…î kilenik anaas…õ y…õb…õtumi efie
93,mepa wo ky…õ wo mep…õ s…õ meka biribi a ase ha wotumu m…õhyi fofor…î nii tuu fam w…î komkp…în nomu …îhw…õ…õ na …îbuaa ne tiri wo fam …îho y…õ…õ …îtee ase na …îreka as…õm nanso w…îkut k…õtewa wo no k…î ne ho na …îreka se y…õ no yia h…î me din d…õ ebrahim mete ho fofor…î p…õp…õp…õ na meba a s…õ menhw…õ no ber…õ a metee nsi no y…õnnwen sey…õ k…õsepapa nanso y…õp…õ s…õ obitwe y…õn wi na kyer…õ y…õn de…õ a y…õb…õy…õ k…îs…î
94,me din d…õ soloman a merefr…õ w…î h…î fa me y…înk…îfo h…î …îpanyin bi a w…îfer…õ no baaforo …îk…î aksid…õnte w…î asokwa nye kakra na …õk…î wo y…õn fie h…î na saa ara na w…îde no baa fie no …îd…õ nsa kyer…õ…õ ne buluwa no ne nky…õn fam …õny…õ ne a …õy…õ hu paa mogya retu no anaa biribi te saa ni ho nanso …õy…õ no ya w…î ne yafunu ho ne ne nnomp…õ ho …îpanyinn yi enti y…õp…õ se yehw…õ se no ho y…õ
95,medin d…õ akua meref…õr…õ …õfiri s…õ b…îne bi asi afofor…î abofra bi ho ha w…îfr…õ no efia …îwo edunum anaa edunsia fisaa na …îguu buruno …õkaa ne k…î ne ne tiri ho ntim no y…õwoborgatanga baku kwan so navorongo fam ho buonktew koraa amne …õ hu paa y…õ ne a asu naso …îda ho na …îrekasa mepa wo kyew y…õhia obi mbara moa no ntam ara
96,marha m…õpa wo ky…õ wo mep…õ s…õ meka biribi a …õsii tamaale y…õn de kwan so savilugo bia no nky…õn medin d…õ ebirahim na merek…î akwan no mu na nhunuu abofr…õ bi agyeman a …îtuu fam fii ne bikyekel…õ so w…î kwan so nenan y…õ no yawo kakra nanso …îho y…õ nye koronn …îte kwan nky…õn na …îtumi yi no seese obi w…î no ho seesei nanso mep…õ s…õ meka wo h…î w…î s…õ ohia s…õobi b…õhw…õ no
98,m…õpa wo ky…õ wo biribi a …õy…õ d…õn pa a na …õsii ha na merehiaa mmoa ntam ara me din d…õ me…õmuna tu na merefr…õ wo ho as…õm bi faa ab…îfra baako ho w…îfr…õ no nii kw…î yi …îtuu nsu mu fa k…õtakilakyi kwa no ho baabi a …õb…õndam bae…õ h…î …îk…î ase wo nsu mu na ber…õ a y…õto no firi mu no w…îany…õ hw…õ…õ koraa …îk…în ne tiri no hy…õe…õ no suro pa a …õt…õ s…õ biribi nye y…õ wo h…î ab…îfra no y…õ k…õtewa pa a na …îk…õka ho y…õ d…õn pa ara seesei m…õpa wo ky…õ wo somaa onipa bi ntam ara …õfiri s…õ y…õnim de…õ y…õb…õy…õ noo ama no ha
99,mepa wo ky…õ wo mep…õ s…õ meka biribi a …õsii …îbarima ak…õkyewa bi h…î w…î af…îrekurom ha me din d…õ kwame na abusuabarima no din d…õ apae a …îy…õ me nkoara ba …îwo nky…õn ara …îreyee adwuma w…î k…însturukti…în site bi a …õb…õn ha no na biribi tuu fam bonuu kyiri so na …îtuu fam …îhunuu hw…õe de…õ nanso …îwo o komfusu pa a na ne k…în y…õ no y…õwo d…õn ara enti y…õn n ho suro no pa a y…õhwehw…õ obi a …îb…õbaboa y…õn …õfiri s…õ ndwuri no ho nhw…õ s…õk…õk…õ koraa da
100,m…õpa wo ky…õwo biribi tuntum pa a aba asi na me…õrehiaa mmoa nt…õm pa a me din d…õ nii laia na merefer…õ wo fa onipadue bi a w…îfr…õ no agye no na …îrey…õ adwuma w…î …õkwan so wo takoradi kape koas hihwai no ho anomanab…î nky…õn …îna …îrey…õ k…înstruktion w…îko h…î na ekuipement tuntum bi tuu k…îhw…õ ne nan so …õy…õ b…îne pa a ne nan no ay…õ krushe d…õn pa a na mogya reto no bebree y…õb…îb…î ne a y…õahy…õ hu yi ho s…õ y…õb…õgyae mogya no tu nanso …õy…õ no y…õw pa a na y…õsuro pa a ne ho mepa wo ky…õwo moma mmoa aba nt…õm paa wo …îkwan no so anomaab…î nky…õn no
102,m…õpa wo ky…õ wo biribibaa ase yi akyiri yi bakurod so zebula h…î ababaawa bi araba tiper turk bi b…î no ber…õ a …îrew…î …îkwa no ho …îtuu fam na …îbuaa ne tiri wo fam nanso …îte ho no a …îrekasa na kutkakra bi w…îm na …îkeka se no k…îny…õ no yaw mene p…õky…õ nsi …îh…îh…î bia nahw…õ de…õ …õsii m…õpa wo ky…õ wo y…õhia obi mmara a nhw…õ no …õfiri s…õ …îy…õ ab…îfra na y…õmp…õ s…õ as…õm bi baa no so fr…õ oduo…õfo bi mmara
104,m…õpa wo ky…õ wo mep…õ se meka aksidente bi a …õsii ha wo y…õn di sene haestol me din d…õ esa na y…õn stud…õnti mu baako dela pr…õgye…õ bi hy…õ no wo stol ntranse no ho s…õ …îregyina so baa mu saa anopa yi …îy…õ abofra kumaa bi na nan y…õ no yawo nanso …îhunu nadwene na mogya retu no koraa saa y…õama no tena ase na obi gyina nakyi seesei
105,m…õpa wo ky…õ wo me din d…õ apaea mefr…õ wo firi wineba senio haestrol y…õnomabea baako na dedee …îhw…õ…õ fam w…î sarkase a …õw…î domitori bl…îk ho no so na …îtuu fam na …îb…î ne tiri w…î step no ho …îte h…î n na …îrekasa nanso …îd…õ ne nsa so ne k…în na …îse …õy…õ no y…õw kakra ny…õ s…õ y…õd…õ mpa a nanso y…õp…õ se y…õhunuu ade nyinaa y…õ …îkae
106,m…õpa wo ky…õ wo merefer…õ wofa biribi a …õy…õ hu pa a aba ha wo ho sene…î haehye …î me din d…õ y…õkobu mey…õ …îkyer…õkyer…õfo baako w…î sukuu no mu y…õn sukuu nu …îhyenam elinam …îy…õ …îpanyin …îrek…îtwa komp…în no mu b…õndine nhaw no ho na sukuu buu so no sane na akyi ntam paa maa …õb…î no otuu fam maa ne tirib…î fam d…õn pa aa na ne k…î no so …õy…õ hu …îrehom nanso s…õ y…õfr…õ ne din a …îny…õ so yie na mogya retu firi ne tiri mu m…õpa wo ky…õ wo y…õhiammoa mmara nt…õm paa y…õ …îpanyinasituatin ny…õ hupaa
107,mepa woky…õ wo meref…õr…õ faa …îbaa aketewa bi h…î waka no …îk…õde bi …õber…õ a …îrek…î s…õ w…îb…õtwam …îkwan no w…î ufsa kempus get no ho ha w…î akra me din d…õ amo a mey…õ lekturewo ha na y…õa y…õ y…õn studente baako wo felistiyerum …îrek…î s…õ …îb…õtwa swie ekyi no na …îk…õda rider no bo no …îtuu fam na …îbuye ne tiriwoo fam no so nanso …îho y…õ no …îte ase na …îreka no as…õm nso no k…în y…õ no d…õn kakra na w…îataa ne tiri so nanso …õnye yaw pa a s…õ y…õhununu
108,m…õpa awo ky…õ wo mep…õ s…õ meba so ka b…îne bi a asi ha wo kap…õ koas universiti …îbarima bi a y…õfer…õ no soleman aa …îhwehw…õ…õ s…õ …îb…õb…î wo wo sumin p…îlo no mu …õda ndwuma …õdi sum bi so w…î …õde yi awiaber…õ …îk…îmu ne ne nnipa bi nanso …îsr…õ agele k…õse na …îk…î ase kakra ansa na w…îtwe ne firi m kwakum na …îde no k…î p…îl…î no ho enti …îna …îfr…õ me s…õ meba so ka adansi yi soleman aa …ît…õ awar…õ pr…õn nanso …îka se ne ns√£ y…õ no yawo ebi w…îfam a w…îte ne ns√£ twe ne firi p…îl…î no mu no …õnye k…õsek…õse nanso y…õdwene s…õ …õs…õ s…õ oduruy…õfo bi ba h…î na w…îahw…õ no
110,m…õpa woky…õ wo merefr…õ wo famenuanii ama h…î biribi baa no so ne awiaber…õ yi ha t…õe ama aso wokum asi y…õwo senselab mu y…õ praktikal na bunsinbonabaakomu flarebaa ne ns√£ so nye d…õ papa …õfa ne ns√£ ase famp…õ na ne ho ay…õ k…îk…î na …îreka se …õy…õ ne yaw medin d…õ selom mey…õ ne labmat mep…õ s…õ menhunu nea y…õb…õy…õ arama ne ne sisi ansa na y…õd…õ no k…î kilini
111,mepa wo ky…õ wo merefra wo fii kumasi akadami medin d…õ wir…õdu biribi baa mu wo brak timi mu y…õ ne nkur…îfo…î mmienu no wo bikyikile so wo sp…îrt bl…îk nky…õn na w…îne mmienu no hyiaa wo kwan mu s…õ w…îreb…õdwanee firi w…în honam mu na …õfi…õ tuu fam na …îk…îbuaa ne nsa so yie …îho y…õ …îtee ase na …îreka nanso ne nsa no ahoboa a na s…õ …îb…õ so karii …îkwan biara a …õy…õ no yawo y…õsusu s…õ fra torene nanso y…õp…õ s…õ oduruy…õfo bi b…õba na w…îb…õhw…õ no
112,m…õpa wo ky…õ wo me din d…õ esa mefer…õ wofiri adisader kolegye ha kap…õkoas alhasan resan a bafiri kurom wo dropin taksi mu na karbi b…î taki noho bebi fa sko gate no ho otuu fam nanso no ho y…õ skrapiskakra no burisibi w…î nenan so …îtenaa ase seesei na …îtumi yi nenan enti y…õwenesrfraktori bi wom anaa biribisaa k…õse bi te saara y…õhia s…õ y…õhw…õ no yie papa efsaskakrasaa daha
114,me din d…õ na merefera mu firi tamarle tekyinikal universiti mefr…õnd ab…õnaa …îy…õ student wo ha …îrek…î s…õ …îb…õk…î abokar park a …õwo engyinerin bl…îkhon na kampus bus bi baa nky…õn no d…õ gyee no so ber…õ a …õredadan no otuu fam na ne tiribo fam na w…îayi krakut kakra wo ne tiri so na ne k…în y…õ no yawo nanso …îni nkwa …îreka ns…õm y…õp…õ s…õ y…õhunu s…õ s…õ y…õde no k…î hospital na w…înhw…õ no yi anaa
115,m…õpa wo ky…õ wo mefefer…õ s…õ merekyer…õ ade…õ a …õsi ha wo…î navolongo senir hastro…î me din d…õ ab…õna mey…õ teakyar y…õnsor…î me ntenansepikup noo no ao …înany…õ no ya abrsibi w…î h…î
116,me din d…õ kwabena mey…õ student w…î opokuware suo…î wokumasi …õne awie yi y…õw…î hoh ekonomiks praktikal mu na …îbarima bi w…î meklaesemu baafow…î no ho kaa p…îthy…õbi a w…îayi fistovi so no ho na …îgya hyehy…õ…õ no kaa nekyi nehy…õ no yafunu ho nye k…õsepapa nahosam no y…õ b…îne kakra na ne b…îgye no y…õ s…îrena …õt…õs…õyi…õ kakra nanso …îresu na y…õn nyinaa wre teaky…õr…õ no s…õ mes…õ memerep…ît yey…õ…õ seesei ara
118,me din d…õ na hyeo me merefr…õ wo fame adamfo na ak…îr…îk…îr…î h…î woahu aksid…õnte w…î ha w…î boogatanga senior hastrol …îresiwo fam stals no so fi domitori bl…îk no opim so noa …îy…õ step faakosofo na …îtuu fam na …îk…îhw…õ famu d…õn w…î ne nky…õno ne akyi …îte h…î na …îtumi kasa nanso …îreka s…õ y…õ no yaw pa a w…î ne mba ho na …întumi homyie …õd…õ no tenaa …îfam s…õ …îp…õn no ho guan no guanka no na y…õamp…õsey…õsesa no pii …õfiri s…õ saa …õber…õ a y…õda y…õ no nsa b…î saa beae no saaa ara no okyinkyini na …õy…õ no yaw
121,mepa awo ky…õwo biribi asi w…î y…õn domitore ha w…î wsel…õ yi gels na mep…õ s…õ meb…î rep…ît me din d…õ azi faa mew…î h…îsokoro p…õ no mu y…õn afanaa mmienu hyia a w…îy…õno mu …õfiri b…îye bi fi mfrantipem a w…îne mmienu p…õ no ho nanso nok…î fisikala w…î koridoro mu afanaa foforo no bua a …õfuara wo ne tiri nky…õn w…î wat…õreb…îtele so na …îtuu fam k…îkyee a …õpono no so …îhunuhunu nanso ne k…în y…õ d…õn na …îrekase ne tiri b…î no y…õ…îpa ara y…õsoma afanaa foforo no ak…î nanso efua ho nye koraa ohia onipa bi abahw…õ no
122,mepa wo ky…õ wo biribi k…õse pa ara na asi ha per…õmpee k…îlegye ha kuma asi me din d…õ asante …îsud…õ nini med…îfo k…îdwo na …îrey…õ s…õ …îb…õfor…îw …îp…în a …õwo akyire no so w…î anadwo no mu s…õ …îrek…î tan na …îtuu fam fefe na nenan no so na …îk…îhy…õ yi ara nye nenan no ahy…õ mu k…õk…õ a anka ny…õ saa a na …îsusu na …întumi ny…õ no sen koraa mogye bi nsor…õtu y…õn suro s…õ y…õb…õyi no mu …õfiri s…õ nenan no y…õfira tore pa ara
123,m…õpa wo ky…õ wo mep…õ s…õ meka ns…õm bi a …õsi w…î halbi mu ha w…î universiti …îf hana legon medin d…õ nii arma mey…õfina yal stud…õnt senel stud…õnt bi w…î reyi ebrahim fr…õhyere bi k…îmuna …õk…î…õn paa rek no w…î ne yfuunbu so a aafei b ne ho k…îase nantumi ayina te a…îses…õnow ber…õa p…õ  homu…î kre amsmyaesrbria
124,mepa woky…õwo meroma te s…õwa kolopuse ha woy…õ ne rumu w…î ahyesi universiti …îtuu fam na …îbuaa ne tiri nifa so w…î d…õskno ano ber…õ a …îkolopusi no …înyane ansa nanso ne tirini ho y…õ na ne k…în y…õ ne yaw …îreb…õy…õ ne adwuma w…îna s…õ …õno na …õbaa saara ne tiri so kut no k…õtewa mogya retu no kakra kakra medin d…õ ehyira mey…õ ne roma te mepa woky…õwo obi b…õba na w…îahw…õ no
