id,narrative_ewe
0,"Meɖekuku, vinyɔ nye Kwame wòɖo accident ŋu afisia Damongo egbe fiẽ. Ele ʋɔ ƒe dɔ wòle xɔ ƒe ŋɔlim egbea, gake pragyia ɖekae hí eɖe eye ewu ƒu. Afɔa eyi nam nye ame, eye míakpɔ vãwo kple wokpa wokpa le eŋu, gake ele ŋu ʋu afɔa neva neva, nenye ale ɖe mígblɔ be ɣleti vɔ o. Ŋkɔ nye Baffour. Meɖi ame aɖe me ɖe nyim be makpɔ eŋu nane esia gbɔ."
1,"Meɖekuku, meɖi gblɔ nami nu si wɔa afisia Tamale central. Ɖevi si le xɔ ŋunye — Kwame — ewo trotro dzi, akɔ ɖeka aɖe bubu tso dzidzime dzi na trotro la — eyata, akpe na Mawu, nu gãã medo o — gake Kwame ewu ƒu akɔ gbɔ la, ewo ɖo kple ta ɖe anyigba dzi. Ɖevi la le ƒe ewo ɖeka si alo etɔ̃ si gake. Dela wòɖoa ŋkɔ ŋunye, nye mefrɛ la. Ɖevi la dze ɖe agbe fifia, eɖo edzi, gake eyi wɔ be ɖo eyi nam kpui kpui."
2,"Allo! Meɖekuku, kpe ɖe ŋunye! Nɔvie Mensah, aboboyaa ɖo eŋu kpɔkpɔe Takoradi market ƒe ɖa la ŋu — mele gbã o. Motor la dzo kpɔ eŋu, eye ewu ƒu ka, eye eta kple eƒe ɖo ɖa ŋu wu ŋutɔ le wuwu ɔ la me. Eɖo edzi eye edze gbe, gake eyi eŋu ka Eyi nam ɖo ŋɔ dzi, eye swelling le eƒe ta ɖa ŋu. Nyeŋɔŋlɔ nye Nhyira — mele eŋɔ fifia. Meɖekuku, ame aɖe nava kpe ɖe ŋunye, elabena mitse abe nèɖe eyi nɛ abe o — mitsɔ edu eyi nɛ o le abe mado eyi nɛ ɔ."
3,"Meɖekuku, nudzadzra gãtõ wò ave afisia Axim. Ɖevi ɖeka si le nabesinɔla ŋunye — Issah — akɔ dze i ƒu ʋɔ dzi, ʋɔ si maɖi ŋgɔ dzi le ŋɔ la, eye wotsɔe wɔ va afisia. Gake ɖevi la ɖe ŋu ko o gã. Eƒo afɔ la yi gblẽ gblẽ — ekpɔm be ɣleti vɔ, eye dzi le etsotso gãgã, míaɖe egbɔ. Nyem enye Mawuli, mele ŋgɔ dzi ko afisia, eye eƒe nɔvilawo le afisia, gake wonya nusi wòa wɔ o. Meɖekuku, mi kpe ɖe ŋumí vevie, mi va siã nyuie, ɛ̃e ɖevi la enye ɖevi keteke, eye eyi nam gãgã. Djro nami!"
4,"Meɖekuku, medi be mégblɔ accident si wɔ le Kumasi-Tamale ʋɔ dzi, kplim Ejura ŋutam. Ŋkɔnyem enye Naa Dedei, eye mefre mi le ŋkɔ nyɔnu si ŋkɔe enye Nii xɔ accident ŋu le ʋɔ dzi fifia. Nkeke ma o, akɔ ɖeka wɔ ame dzi eŋu, eye eyi nam be eyi nam wu na ɖevi ŋɔ kple abɔ ƒe ʋu dzi wu. Gake eɖo edzi, eye edzi da amewo le gome. Eme nyuie o, gake ele ŋu ʋam. Meɖekuku, ame aɖeke ni va kpe ɖe eŋu, elabena eɖi kpɔ ŋunye tso enumake."
5,"Meɖekuku, nusi vɔ̃ aɖe wɔ wò, eye meɖi kpɔ ŋunye gaga. Ŋkɔnyé enye Appiah, eye medze ɖe Abena srɔ̃ nyɔnu ŋu. Eле Kete Krachi ʋɔ ŋutɔ kple Dambai kwata, gake nusi vɔ̃ wɔ wò eƒe ʋɔ dzi. Ele dɔwɔwɔ eƒe nyuie wɔm — ele nɔvitɔwo tɔtro le asi o, ale abe ame si nɔ wɔ dɔ fifia ene abe kaba kaba ene — eye woƒo zu vɔ̃ gaga eƒe ɖevi ŋɔ kple abɔ ŋu. Eyi nam vɔ̃ gaga, eye mate ŋu yi le yeyem o. Nudzadzra sia kpɔ vɔ̃ kaka — mele nyawo ta o. Meɖekuku, mi frɛ ame aɖe ava ko ko, esi eye srɔ̃ nyɔnu sia le ŋunye, eye dɔ sia ka dze ŋunye le mia ƒo dome o."
6,"Allo! Meɖekuku, kpe ɖe ŋunye. Nɔvinyɔ̃ɔ̃ Hamza wɔ accident ɖe Salaga fɔliƒe sia egbe fifia. Nyeŋutɔ nye Yakubu, eye mele ebe ŋunye nye, elabena eƒo kpe fifia. Pragyia ɖo asi eŋu ne afɔwo li ŋu, eye edo ƒu, gake etsɔ eɖe ŋkeke eɖeke ha, eye woaɖe numedede adeke na ame o. Eyi eŋu ɖevi ŋɔ ƒe dzɔdzɔe li be xɔxɔ, eye ɖe ame ene ƒe dzi, ɣleti vɔ o, eye nusro adeke me le eŋu o. Gake míeɖi nyawo ɖe da, mi su be Hamza le nyuie gem, eye míeɖi nyɔ be míe ɖe eya de asiwo ge o."
7,"Meɖekuku, nudzadzra gãtɔ aɖe wɔ ɖe afisia Wa Central, eye meɖi kpɔ ŋunye enumake. Ŋkɔnyem enye Agyeman, eye mele ŋkɔ dzi Owusu — akɔ dze ɖe eŋu ɣe ɣeyiɣi aɖe vo ŋutɔ o. Ɖevi ŋutɔ mele nyuie o kpɔ, eƒe afɔ vɔ bɔbɔ — enézã ɣleti vɔ kpɔ, eye dzi le etsotso gãgã. Mate ŋu ɖe afɔ ŋu zã o, nagbɔna o megbu, eye eyi nam gãgã — ele ƒu ɖe ŋu dzi fe fe. Meɖekuku, miaɖi ambulance aɖe zi ɖe afisia enumake esɔ abe wò aɖu eme eneƒe o."
8,"Meɖekuku, mefrɛ mi be maɖo gbe nu siwo woa ŋutɔ ɖe nɔƒe. Ɖeviŋɔ woyem Kwabena nye ŋutɔ kɔ afisia Yendi. Ele ƒu dɔ le ƒe tsi — ele nudzedze le ƒe dzidze ŋu, mehã xɔ gbɔ — eye nubabla ɖeka vɔ do lala le eƒe ta emegbe ŋu. Appiah woyem, nye ŋutɔ wofɔ telefon elabena. Eɖe be eyi enam gawoe, eye nudzedze si bia wo nye abrabra ɖeka, gake dzi le etsotso kakakaka nu, eye míaɖi be míakpɔ ko be nèvo anyi."
9,"Meɖekuku, nudzadzra gãtɔ wɔ ɖevi nyɔnu aɖe si woyi ɖe Felicia ŋu, le Kumasi-Cape Coast ʋɔ dzi, kplim Mankessim. Amewo aɖe lé eŋu wu, woyi wu eŋu gãgã, eye asi kɔkɔe le nu gãtɔ me ɖeɖe — mate ŋu ɖe eŋu zi o, eye ewɔ bɔbɔ eye ega ta vɔ tɔ. Nyem Boateng, me le akɔ dzi bena mevá, eye mekpɔ eŋu le ʋɔ ŋkɔme le gɔ̃me, ame aɖeke megadzro eŋu o. Meɖekuku, mixa ame dzi nyuie, kpɔ kpɔkplɔm o — ɖevi nyɔnu sia dzi etsotso gãgã, eye ekpɔ abe eme na vɔ etsɔe ɖe eŋu vá ene."
10,"Allo, yèame nye Asare. Mefrɛ wo nyanuie ɖe nudzadzra si wɔ ame si wɔa Elinam ŋu. Elinam nɔa fɔ jollof le efɔ̃ dome fia Adenta — akɔsi dzi ŋgɔ tso asikpɔ ŋu vavãm, eye ece tsɔ ŋku hã fli dzi habọbọ, eye dɔ si le nu dome tsɔ ahuhũ kple tsi vũ kpee le eƒe asi doa — asi ŋkɔŋkɔ sia le eƒe asi gbã dzi. Esiwo le dzi fifia le ɖem ɖem, eye blisters — nudzɔdzɔ ƒe nuwo — le yi dzi le eƒe asi doa ŋkɔŋkɔ sia dzi. Eyi nam vavãm, eye eɖo edzi, le ɖoɖo kple mawɔm, gake wuievivi si tsɔ ahuhu do eƒe asi doa dzi la gblɔa be egayi vevie gbe gbe ɖe gbe ɖe. Meɖekuku, kɔ mia nami be míaɖo dzi trɔ ŋu ɖe eŋu fifia fifia ale afi si ela egɔme."
11,"Allo, meɖekuku, kpe ɖe ŋunye. Nyeŋutsu Kwasi, Kojo ɖeviam ŋutsu. Egbe fia, Kojo xɔ dɔ le carpentry shop eƒa si le Assin Fosu ɖe. Ame le dɔwɔwɔ ƒe akɔ egbea ko, ɣlati kple asi eve ene wɔ dɔ ene, akɔ zu ɣli to asi dzi, eye dzi le etsotso kekeke — gake eƒe asi le se faa, ele ƒu asi le zãzã nyuie. Míawɔ nudzɔzɔ kple eƒe asi dzi, míatsɔ nyagbe woanya do eƒe dzi ŋu, gake ɖevi la ɖo ko, nyeŋutsu, manye nuto to eye mato ŋu ɖo eŋu o. Mibɔ le xɔ asi Asiwo alo mibɔ kpe ambulance ɖe ŋunye? Kojo nyɔ lolo ko, ŋkeke geɖe medoa dɔ o — menyo aɖeke aƒe ana mia yiyi?"
12,"Meɖekuku, nudzadzra gãna wɔ ɖe Cape Coast-Elmina ʋɔ dzi. Ɖevi ŋutsu dzetɔ ɖeka, Appiah, akɔ ɖe eŋu eye esi gake agble. Afɔ tso eŋu — mebu be afɔ, alo asi le — eyi nam kosikosi, abe ɣleti vɔ aɖe la ene, eye dzi le etsotso gãgã. Nyɔŋɔ nye Maame — me le ʋɔ dzi le asi ko la megblɔ na ŋutsu la si do ƒu ʋɔ aɖe dzi, eye amewo le ɖe eŋu gome, gake ameke si dze ŋu wɔ nuŋu o. Meɖekuku, tsɔ kpɔ ŋunye ko, woafrɛ ambulance dze ava sukpɔɔ — ɖevi la ɖi kpɔ ko egbɔ si!"
13,"Meɖekuku, meɖi gbɔ nu siwo wòwɔ afisia ɖe Dambai. Ɖevi nyɔnu si le asi ŋutɔ ŋɔ Fatima — akɔ OA taxi ɖe woƒe ʋɔ dzi wue, nudzadzra kakra wɔe, gake ɖevi la xɔ dɔ kakra. Nye ŋkɔ nye Edem, nye ŋutɔ wòkpɔ. Afɔ ŋɔ la ɖe wo, eye ewɔ fɔ kakra kple boblɔe le afɔ ŋɔ dzi, gake ede ɖoa afɔ la kakra kakra, nenye eye mia gblɔ be dɔ la gbo megawo vɔ o. Miaɖi be woakpɔ eŋu nuto, be woañɔ eŋu gabobo."
14,"Allo! Nyem nye Mawuli. Mefrɛ mi ɖe nudzadzra si wɔ nyɔnu ɖevi ɖeka, Sena, eŋu abe eya si wɔ dɔ gome. Eya nɔ dɔ le afeme le ʋɔ ŋu — le Kumasi-Sunyani ʋɔ dzi, xexe Techiman kpɔɖeŋu. Nu kekeke ɖeka do tsi asi eŋu — mexɔ be asi tɔtro gome le eŋu, eya le ŋuŋu kaba eye mate ŋu ɖu eya nyuie o. Gake eɖo edzi, egblɔ gbɔ, eye eƒe gbɔgbɔ le agbe nyuie. Nu si wɔ le numetata ŋu kpe, gake eyi nam eye eɖi dɔkta kate wo ze ŋu aƒɔ eŋu enumake. Meɖekuku, ame ɖeka ni wa kpe ɖe eŋu. Kpe ambulance ɖe eŋu, eye mi wa ɖe eŋu vovovo!"
15,"Allo, ŋkɔnyé nye Kofi. Meɖe kuku, mefɔ telefon la ɖe afi si ɖeka agbɔɖevinyɔm Asare xɔ nudzadzra to ŋutɔ ŋu yeyé nye afi Cape Coast. Ame ɖeviwo tso de yeyé afi, wokpɔ ŋu wɔ ayaɖi kple Asare, eye ame ɖeka le wome xo ɛ ta dzi. Ta dzi le eŋu fɛɛ ɖeka, eye ɖo yia ŋutɔ ɖeka, gake eɖo edzi eye egblɔ egblɔ. Dzɔdzɔ manye vevie loo, gake medi nyagbe be ame aɖe ni nya nyem."
16,"Meɖekuku, mefrɛ ŋu na mi be menɔa nubɔbɔ ŋu ɖe nu si wɔa ame agbenyaga aɖe ŋu, Kwabena, ɖe Cape Coast-Elmina ʋɔ dzi. Dzo ƒu eŋu — mesu se be nuvivitɔ aɖe, akɔ gã ame ta nu o, ɛnye asi ƒe ŋkume wòtsɔ wu i. Mamlɛ xexe le o, gake ŋkume la ɖoa vivi, kpɛɖɛkpɛɖɛ, eye eyi nam ɖe esime. Nyem ŋutɔe nye Ofori — me le ʋɔ dzi le em eye meƒo ŋunye bena mekpɔ i abe wɔ alesi naɖe kpɔ i ene. Srɔ̃ sia eɖo edzi eye egblɔ na mi — agbenyaga ge, medeka ɖe eŋu be eko wò ame na do. Meɖekuku, kpe ame aɖe va kpɔ i nyuie, de ame bia i kpɔkpɔ nyuie."
17,"Allo! Meɖekuku, kpe ɖe ŋunye! Ɖevi nyɔnu ce Naa Akorkor tsi ɖo egbe ha afime ŋu afim le Sunyani. Eda gbɔ kuku ƒu ŋu eye woxɔ akɔkɔ vevie, eye akɔkɔ vevie ʋoa le asi dzi. Ko le etsotso eye eyi nam vevie, gake edzi ɖo edzi eye etia na ame. Meɖekuku — nyem nya Fatima, eye meɖi nyá be maɖo ŋku le eƒe dzi tso fifia ko eye míate ŋu wɔ nusi míawɔ na eya, eye míaƒu asiwo ɖo."
18,"Allo! Meɖekuku, kpe ɖe ŋunye. Nyɔŋɔ ame nyem, Ama wɔm, metsɔ ŋkɔ nam. Aƒe ŋume le Nhyiaeso, eye nɔvim Selorm, ŋutɔ nyem — ewu ƒu egbe fifia ŋdi le aƒe. Ezo tso ƒe dometɔ aɖe ŋu le edzi, eye eɖo dzɔdzɔe, ewu ƒu ƒuƒu le asi dzi. Eyi nam ko — ɖevi ŋɔ kple abɔ ŋkɔ la, gake eyi nam dzetɔ ko, eye ekpɔ ŋu zã afɔ le eme. Mele su be eyawo le gã si me o. Medina be mele su be nudzadzra vovovo wɔ na ame o. Meɖekuku, kpe ŋkɔ miam — mia nana Selorm la de asiwo, o mia wɔ mi aƒe fifia?"
19,"Meɖekuku, nuɖoɖo ɖeka wɔ ɖe afisia Bantama egɔme egbe nyawo me. Avilɔ̃ ŋutsu ɖeka le haƒe, Issah — ewo ɖu ɖe dɔwɔƒe nu le ʋɔ ŋɔna, eɣi kɛ kerosene stove si le ɖeɖe yayi, fifia agbo tsona gbɔ kpem, abe keli la ene, na ɖevi la ta dzi le eƒe ɖevi ŋɔ kple abɔ ŋɔ. Mede loo, nuwo manya nyui hafi, ɖevi nu le esiwo la xɔ gbɔ, eƒe ŋugbe nyuie, abe nane mado o ene, gake eƒe ŋugbe le edadada, eɖo edzi. Yame nye Kweku, mele egbɔ ko fifia gake nuɖoɖo ne la wɔ. Mɔgbe kpɔ, ameɖekawo ate ŋu wa ƒua kpɔ eŋu, elabena míame mele ezo o be esia hia alɔdzɔdzɔ o gake mienye nyuie be ame wa kpɔ eŋu ɖoɖo."
20,"Meɖekuku, nudzadzra ŋu wo le Bolgatanga-Bawku ʋɔ dzi, Navrongo ŋɔ koe. Ɖevi ŋutsu aɖe, Kweku, ewo dropping taxi dzi gake tipper truck aɖe wɔ accident kple wówo. Mese gake akpa ha abe nɛ o, gake ɣesiaɣi míata ɖe ŋuti, yɔ nɔ anyigba dzi o eɖo ta kple ɖo yi asi. Ɖo yi enam akpe ta abe. Eɖo edzi, gake ene la hã ewo mɔ kaba. Eƒe ta dzi le dzi tsotso kakakaka. Nyɔŋkɔ nye Adwoa. Míe ame siwo kpe nu nɔ ene. Meɖekuku, miafrɛ ame aɖe ava hafi mídzi ku nyanya be nusiwo woɖo la wu hafi loo."
21,"Meɖekuku, meɖi gbɔ nudzadzra siwo wòwɔ ɖe yeyiwo ŋu afisia Ho agbɔme. Ɖevi ƒe ŋkɔ enye Kpodo, eye ele dɔ wɔm — mesusu be eɖoa nuvɔvɔwo ŋu, alo elea dɔ bubu wɔm — gake nu ɖeka wo wu ɛ kɔ asi eƒe asi dzi. Fatima enye nyaɖoa, yɛ̃ nɔm afisia le egbɔ le gbeƒe sia. Ɖevi ƒe asi xɔ titi kakake, gake etutu ɖo le eya dzi, eye esia ko na míɖe susu be enu gãã wɔ o. Gake sɔ̃ ame nava ƒo asi le eƒe ŋu, elabena ɖevi enye eye mídi ɖe ŋu aɖe susu be ele nyuie."
22,"Meɖekuku, nudzadzra aɖe wòwɔ ɖe Cape Coast-Elmina ʋɔ dzi, eye meɖi na mi nusi wòwɔ. Nɔvi nyɔnu ce Adwoa le trotro si akɔ aɖe dzo abe kò wòe ná be akɔ la wòyi dzi be aɖeke mese o — akɔ la va tso xexe ná, wo ko trotro la ŋu akpokplo. Dzi le etsotso ɖe eƒe ta ŋu, eye eyi nam ɖo ŋu te — gake eɖo edzi, ele ɖɔɖɔɛ. Nyɔe Selorm, mele eŋu fifia ɖe ʋɔ dzime. Meɖekuku, dze ame va kpe ɖe ŋumɛ ɖe afisia, elabena dzi la ɖɔ tsotso o."
23,"Meɖekuku, nuɖuɖu nyui tso ɖe afɔliɖoƒe si le Tamale, le ŋɔ yeyiyi ame ƒe ƒome. Nɔvim Boateng, akɔ dzro ɖe eŋu ɣeyiɣi eƒu ƒe ʋɔ dzi, eye wotsɔ wo zi ɖe afɔliɖoƒe sia, gake eƒe afɔ le nu vɔvɔ̃ aɖe me — ewɔ kakaka eye dzi tsotso wɔwɔ kpe ɖe eŋu, míate ŋu dze edze o. Ɖevi nuɖeke wònyea, le ƒe ewo kple esiaaɖeka ene ŋu, eye ele agbe kpem eye eɣi atoto, míele ŋu kpɔkpɔ nyuie o eƒe ƒe. Menyem Hamza, yame le frɛm. Meɖekuku, kpe ɖe mía ŋu, vi gbã, afɔliɖoƒe sia, elabena míenya nusi míele wɔm o."
24,"Meɖekuku, nudzadzra gãtɔ aɖe wɔ ɖe afisia Asokwa, Kumasi — Srɔ̃ aɖe wònɔa Owusu, édo ame dzi le tsi me, eye míeyɔm nyuie hã. Edzi ƒu ame, gake ƒu la yɔ tsitsi kple gblẽgblẽ aɖe, eya kuku me ɖe o, abe nusiwo wɔm le nu me ene. Ata kple ɖo le hẽhẽ kple ɣeyiɣi aɖe, abe nuti le vɔ ɖe nu me ene, eye mídona dɔ ɖe o. Nyeŋu nɔ Kwame — menye ablɔayi ŋutɔa o, nyem aƒe ŋɔ tɔa. Nyeŋu zã asi dɔm tsi me kɔ eʋe asi, gake eŋlɔ ɖe ŋun o nyuie — efua asi ɖe ŋun o nyuie. Meɖekuku, kpe ɖe ŋunye! Frɛ ambulance mi wò va afisia kpuie kpuie, elabena Srɔ̃ sia le nu dzi gãm, eye eme nu le nyuitɔ o ɖe nukɔnye."
25,"Ŋkɔnyé nye Issah. Mefrɛ wo be mena wo dzi nudzadzra si wɔ ŋu afisi mele Suhum. Nyɔnu srɔ̃ ɖeka, Adwoa, eɖo ʋɔ ŋgɔ na akɔ si wofrɛ trotro gblɔ eŋu, eye ewu ƒu. Kaba o — asi le eŋu gake afɔ nyawo eyi nam, eye ehia be ame aɖe a va kpɔ eɖe nyuie."
26,"Meɖekuku, nudzadzra gãtɔ aɖe wɔ ɖe afim ɖe Techiman. Ɖevi nyɔnu si nye agbɔgbɔ ŋutɔ ame ƒe, Abenaa, akɔ aɖe dom eŋu ɖe ʋɔ gã dzi fifia egbe — akɔ la bum eŋu eye ewu ƒu nyuie hã o. Eƒe afɔ vɔ nyemetia o, afɔ la twi ɖe ŋkɔ si maɖo wɔ o eye mate ŋu ze eƒe afɔ la kpɔ o. Dzi vɔvɔe le etsotso. Ramatu le afim kple nyem eye miaɖe eve le esime miatrɔ ɖe eŋu le ŋɔŋlɔm — gake ɖevi la le feƒe o, eɖo edzi nyawo hã o. Meɖekuku, xo kpe kpɔɔ. Ɖevi nyɔnu la ƒe dɔwɔwɔ nyuie nye ale be wòyi asiwo la fifia fifia."
27,"Meɖekuku, nudzadzra aɖe wɔ agbɔ̃ yɔ esɔ be nyɔnuƒe ta ɖe Adum, Kumasi. Kwabena edo ƒu ŋdi sia — ewu ƒu afɔ ŋɔ ɖe anyi eye eta wo ɖe ƒu ŋɔ dzi. Ele agbenyaga me, eye mìtɔ miɖi ŋunye nyuie. Ne eɖo edzi abe ƒu, eye ɖo yi nam ɖe eŋu hã, eye mate ŋu tsi noa ɖe edzi o. Abe nyɔnu ɔ, ŋkɔnyé enye Abenaa, nye ŋutsunyɔnuƒe ɖevi ame — si ke ɔ, eɖo edzi, gake eŋlɔ ŋutinya kakaka, eye eyi nam ta nyuie ŋutɔ. Miɖi ame aɖe a wa kpɔ ɛ, elabena mate ŋu fɔ asi egɔme ɖe eŋutɔ o."
28,"Ŋkɔnyé nye Ofori. Mefrɛ ŋuwò be maɖe ŋkɔ nàwɔ nudzadzra si wò wɔ le N1 highway la ŋu, kpɔ Kasoa le. Srɔ̃ ɖeka, Yaw, edo ƒu — megblɔ be ewu ƒu le ʋɔ ŋkɔ dzi — eye afɔ nyé vɔ ŋutɔ, hã eye asi nyé ƒe sii gake meɖi woé o. Enya nu ɖe xoxo gake eyi nam nyuie, eye emate ŋu ɖo ƒe nyɔ ŋutɔ o. Srɔ̃ wɔ ne, ame axɔxɔ, ne míakpɔ ŋunye, míedi be mí ƒe ŋutsu Yaw la ƒo mi."
29,"Meɖekuku, nudzadzra gãtɔ ame wɔ afii, ɖa kpɔkpɔ Adidome ŋu, Ho-Accra ʋɔ dzi. Srɔ̃ ɖeka, Wiredu — nye ƒe husɔ gã — le eya dada Volta tsi dzi akɔkɔe dzi, eye akɔkɔa vɔ̃ eye etsi me. Míakpɔ mía ŋu ɖe eŋu mia ɖe tsi me egɔme, gake etsi me ku ŋu dzi na eŋu le blim. Edzi ƒu ame, gake ƒu ame nyuie o — nyawo ŋutɔ ve wu ŋu — eye ɣe míafrɛ ŋkɔe ɖe eŋu o, eŋu na míaƒe ƒu o. Eƒe ɖevi ŋɔ kpɔ ŋgɔ dzi nyuie o — ekpɔ ŋgɔ dzi aɖeke wɔ. Nyeŋɔŋlɔ nye Dzifa. Meɖekuku, míeɖi kpɔ ŋunye akpokpɔ — kpe ɖe miŋuwo ɖe afii enumake, ebe eya le srɔ̃ eye míe lɛ dzodzo gãgã."
30,"Allo, meɖekuku sro ŋunye. Nɔvinye Ibrahim wɔ accident — ewò le aboboyaa dzi, eye aboboyaa la vɔ ɖa esia egbe fifia ŋdi, fí kple ʋɔ si le ɖe ŋɔ yɔ ne mía xɔ la. Ewu ƒu eye afɔ eyi nam, gake ele ŋɔgblɔ be eya nɔ zɔzɔ kakaka le azɔ dzi, abe wò te ɔ — nenye ame gbɔ ka loo. Ŋkɔnyé enye Abigail, mele xɔ kple wo. Miaɖi ba wòam se be, na yia asiwo à, ke ablɔ miàkpɔ nu le xɔ gbɔ loo, elabena afɔ la xɔ zɔzɔ didi didi kakaka. Meɖekuku kpe ɖe ŋumí be míe wɔ a?"
31,"Meɖekuku, nudzadzra gãtɔ aɖe wɔ ɖe Kumasi-Sunyani ʋɔ dzi, ɖe Techiman ŋɔ kpokpɔ. Mawuli, nɔnɔ hã le asi — akɔ aɖe dze akɔ si eyi na edzi dzi, eye wotsɔ ɖe ɖevi ŋɔ kple abɔ ŋɔ, egbe le wu aɖe dzi. Srɔ̃ɔ la eyi ŋu to gã, ate ŋu ɖo ɖe edzi ame hã wɔ o. Nye ŋkɔ nye Hadija, mele afɔ la dzi kpɔkpɔ ɖe ŋunye fifia, eye míele tɔgbɔ kɔ ɖe asiwo, gake miɖi kpɔ ŋunye be eƒe dɔwɔwɔ la nye gãgã — miɖi kpɔ ŋunye zi le!"
32,"Meɖekuku, nuvo ɖeka wɔe ɖe afe si mele Dichemso. Aƒomevinyɔwo ɖeka woe xlɛ Owusu, srɔ̃ sia si le ɖe ŋu afɔmewɔm — woɖe xevi ɖe etame kple eɖo ŋɔ. Nyeŋu nye Amoah, mele eŋɔ ame, eye gake me se dɔdɔe ɣesiaɣi, mede eme dzidzi na eƒe ŋkume eye me dze ame eye me mɔ ame le ɖe foma dzi, eɖo edzi kpɔkpɔ eye eɖo le eŋɔ yi eyi nam nyuie. Eɖo edzi o kata gake ezi dɔ o, srɔ̃ ɖia bia kpɔ ŋunye tso midzesia."
33,"Allo! Meɖekuku, kpe ɖe ŋunye akpɔkpɔ! Nɔvinyɔnye Araba xɔ nudzadzra egɔme fifi sia la ƒe ʋɔ dzi — ʋɔ si le Kumasi kple Tamale dome la, fɛ Ejura ŋutɔ. Akɔ ɖeka dze akɔ si eƒu eme la ŋu wu, eye Araba ƒe ta ƒu ɖe gã — ɖo nɔme eyi nam tutú kpɔɔ. Eɖo edzi eye edze gbe le, gake enézé la, enya gbegbɔgblɔ le eme, eye ta ŋɔ ŋu bɛ gã. Meɖekuku, miɖi kpɔ ŋunye nyuie, elabena míe nyí nkeke o be enya kpɔ míateŋu ɖe mi wu eye emegblẽ o. Frɛ ambulance mi! Kpɔ ŋunye!"
34,"Allo! Meɖekuku, nusiwo le hafi — ŋutɔnya Ekua ewu ƒu le Takoradi market fia, eyi nam ŋutɔ. Edo ƒu ɖe ɖevime, kpe eƒe ta wu ƒu ŋu ɖoƒe, eye fifia egblɔ gɔme o, eye eƒe ɖo kpɔ ŋgɔ bibi. Nyem nye Asare — me le eŋu le nu si wɔ la blim. Edzi ƒu agbe, gake eyi o, eye dzi le eƒe ta — nuɖe vɔvɔ wɔ ame! Meɖekuku, frɛ ambulance fifia, miava atitina!"
35,"Meɖekuku, meɖi gbɔ nyawo ɖe woŋu si wòwɔ afisia Nima. Ɖevi si le agbɔ̃ŋutsu ŋunye ŋu, Issah — amewo xɔe dɔ fifia ŋdi ɖe ʋɔ dzi — woyi zi ɛ, eye wotsɔ asi na asi ƒe ɣlɔ dzi, esi le dukɔ dea. Fuseini wòɖom, míkpe wofrɛa. Ɖevi la eɖo edzi gbãgbã — eɖo edzi o, gake xɔkɔ la ku ŋutɔ, eye asie yi nam tɔtɔ. Mídi si ŋu woɖo ɖe o — mibe koa de woɖe eya be mídona ɖe asiwo, ke efoa ŋu be míwɔ ame ƒe ŋkeke la ŋuti dzi."
36,"Meɖekuku, nudzadzra ɖe wo le Bawku ʋɔ dzi, kplɔ̃ Zebilla kɔ. Ɣlɔ ŋutsu ɖeka, Nii Kwei, tipper truck ƒe tɔtrɔ wo kpe eŋu, eye ewu ƒu vevi le ʋɔ dzi. Eɖo edzi — enya nɛ, eƒu agbe, gake afɔa nɔa te vevi — masɔ masɔ ɣleti vɔ, alo eyi nam vevi ŋutɔ — miegblɔ miegblɔ hã mele su o. Nyem nye Akosua — nɔm le gã ɖe taflatse le wòzɔe, eye amewo dada le eŋuti fifia. Eɖi kpɔ ŋunye vevi — ate ŋu ƒu afɔa akpɔ o. Meɖekuku, frɛ ambulance me, wòva kpe eŋu."
37,"Allo! Meɖekuku, kpe ɖe ŋunye — nɔvinyɔnu ŋunye Abena, OA taxi dze eŋu fɔ etɔ Navrongo, ɣeyiɣi le ƒetɔ ŋɔ ko. Eya nye ɖevi nyɔnu ŋutɔ — le asi ewo ɖeke ŋɔ ko te gake. Akɔ a dze eŋu fɔ afɔe ŋɔ. Gake mele dɔ ƒe ŋgɔ o, eɖo edzi nyuie — ewo dɔ ŋutɔ, eƒu agbe nyuie, eye wɔ ŋu sɔ ame xɔ asi o. Afɔe yi eyi enam kpui, eye wu ŋɔ le wu ŋɔ ɖe eŋu. Nye ŋutɔ nye Araba — nɔe nye ame si le frɛ sia frɛ ɖea. Meɖekuku, ɖe nɔ kpe nami be miaɖo dɔ ŋgɔ nɛ fifia nye?"
38,"Allo, meɖekuku — nɔŋkɔ nye Ofori, eye meɖi gblɔ wo nu ɖe nu siwo wɔa ɖe nyɔnu srɔ̃ aɖe ŋu afisia ɖe Savelugu kplim, le Tamale-Yendi ʋɔ dzi. Ŋkɔ ɖe eŋu nye Naa Dedei — agbenyaga wòle, ame srɔ̃ pɛpɛ. Ele wɔwɔ dɔ le aʋa ʋɔ ta fifia, eye nu aɖe do eŋu — makɔ nu siwo ewɔ le ɖe cart si wòle sɔ tso eŋu wòa. Eyi nam le ɖevi ŋɔ kple eƒe gota, gake eɖo edzi, etɔ dzra nuto le gblɔgblɔm, eye enyɔ kakaka o — gake eɖi kpɔ ŋunye nuto. Mele kplia eŋu fifia, eye emate ŋu zu dede o."
39,"Allo, meɖekuku! Nɔvinyɔ nye Afia woƒle accident ɖe fɔ ŋutɔ ɖe egbeƒe ŋu afim la kpɔɖeŋu Suame, Kumasi. Etrɔ ava egbe ŋu akɔ ŋɔ dzi le ʋɔ dzi, gake Mawu akpe — evɔ o ku o. Eyi nam ɖe abɔ kple ɖevi ŋɔ ŋɔ la ŋu, eye wotsɔ akɔ ɖe fifia la ŋu la, gake Afia le edzi ɖo eye ele gblɔgblɔm. Nyeŋɔ nye Agyeman, mele ŋutɔ ne ɖe egbe afim. Meɖekuku, medi se dedie be míawɔ nane na eya fifia."
40,"Allo, yɔ nyem Afia. Mefrɛ mi ɖe nudzadzra si wɔ wɔ ɛ ta. Accident wɔ wɔ le Tamale-Yendi ʋɔ dzi, ɖe Savelugu ŋutɔ dzi. Ŋutsu ɖeka, woylɔ ɛ Appiah, le trotro me, eye trotro sia xɔ la, articulated truck tso ŋɔ ƒu. Ewu ƒu gɔme loo. Enye abe ta ŋu la, ta ɖe yia le yi eŋu, eye ɖo yi eŋu ka — eyi nam ɖem la dziɖze. Gake eɖo edzi, le gbe yɔyɔ, eye esɔ kpɔ abe nu sɔgbɔ vevie o abe la. Fifia míéle ʋɔ ŋɔ dzi la, eye meɖi ame aɖe atrɔ va kpɔ ɛ nyuie nyuie. Meɖekuku, dzro mi nami."
41,"Allo! Meɖekuku, kpe ŋunye! Nɔvi ce Yaw wɔ accident ɖe Accra-Kumasi highway dzi, fɛ̃fɛ̃ la Nsawam gɔme. Nyem nye Baffour, nɔvi tɔ fe. Ame ɖeka frɛ ŋunye be akɔ ɖeka dome yi eŋu eƒe ŋɔ, gbe si elea ʋɔ dzi la. Ame deka le eŋu ahãhã la, akɔ woe dome Yaw eŋu eƒe ŋɔ gɔme. Ɖevi la le ŋkeke ewo kple ɛ̃ alo ewo kple ewo la gɔme. Abe naneɖe xoa nye ŋu la, eyi nam tɔxɛ ɖe eƒe ɖevi ŋɔ kple edzidzi dzi hã, eye mate ŋu ɖo to dɔɔ o. Gake eɖo edzi eye etɔ gbɔ. Meɖekuku! Meɖi kpɔ ŋunye ko. Kpe ambulance ɖe ŋunye, woaɖe eyi asiwo gɔme zi ŋutɔ. Kpɔ ŋunye, woana kpe ŋunye!"
42,"Meɖekuku, meɖi gblɔ nu siwo wòwɔ afisia Savelugu fiɖeŋ egbe zanzan. Ame ɖeka le ŋutɔm — Fuseini — srɔ̃ ɖe eŋu — le yɔ̃ le aʋaɖoƒe le dɔ hafi amesiwo ɖe nutiwo trɔ asi eŋu eye wotsɔ eƒe ga wòɖe. Wonu wu eƒe asi eye eƒe asi su kple nyuie fifia; mate ŋu ɖe eƒe asi dzi o. Eyi nam dɔdɔ, gake eɖo edzi eye egblɔgblɔ le. Nye Abubakar — ame ɖeka frɛ ŋunye hafi nugblɔgblɔa trɔ. Meɖekuku, mi va kpe ɖe eŋu, esi nɔɖe eƒe ta la, srɔ̃ wò."
43,"Meɖekuku, meɖi gblɔ accident si wòwɔ le Cape Coast-Elmina ʋɔ dzi. Ŋutsu ɖevi aɖe si wɔ ŋkɔ Darkwa, aboboyaa wo ŋu eŋu gbe be ele ʋɔ ɖa ƒu, eye edo ƒu. Nye ŋkɔ nye Edem — nele ŋkɔ eye mele egɔme le gbe sia gbegbe be nuia wɔe. Eɖo edzi la, eye ele ɖoɖo wɔwɔ, gake afɔ si le eŋu eyi nam susu, eye kpɔvi aɖe le afɔa dzi. Meɖi ame aɖe a va kpɔ ee, elabena miemitsi ɖe be ɣleti vɔ o, ablɔɖi ŋudi."
44,"Meɖekuku, nudzadzra gãtɔ aɖe wɔe afi sia Dansoman. Mama Efua, ɖoɖoe wú ƒu egbe ŋdi sia, eye edze le xexe gãtɔ me — afɔ aɖe si le eŋu ná vɔ̃ le ʋɔ ŋu si mele nèm o, eye mate ŋu trɔtrɔ a o. Edze ná wɔe ɣe ɖo ƒu egbe ɣeyiɣi si, eye ewu ƒu dɔɔ. Yèame, Naa wòyom, nɔ víwo ame. Mele egbɔ egbɔ ɖe eŋu gãtɔ afi sia, elabena srɔ̃ e nye, eye eyi nam akpa ŋu — edzi ŋu asi le yiyi ƒu dzi nyuie. Meɖekuku, kpe ɖe ŋutsɔ nyuie, medi kpɔ ŋunye akpokplɔ — wo ni ze fifia yi afi sia."
45,"Allo! Meɖekuku, kpe ɖe ŋunye. Nyɔnuvi ɖeviŋkɔ nye Abigail — ewo le Hohoe-Jasikan ʋɔ dzi, eye trotro ɖeka wɔ accident na eƒe megbe. Nyɔnuvi la nyɔnuvi ɖevi — xɔlã esiaeve abe esia ene ene. Nye ɖe nyɔnu nye ɖe eƒe da nye, ŋkɔnye nye Hadija. Eyi nam le eƒe ɖo ŋɔ, eye ɣleti si le ta dzi la, vɔ abe nuɖekɔkɔ eve. Gake eɖo edzi, ele gblɔgblɔm kpɔ míaƒe. Míele xɔ eŋu fifia. Ekɔ la, mele didiɖeɖe be woawɔ nuto, — nye fé mele bia be nudɔwɔla aɖe ni nye le wò nukae wɔ. Akpe na wò."
46,"Meɖekuku, nuvo ɖeka wɔ ŋgɔ eye meɖi na mi kpɔe. Domekɔ aƒe ŋuti, Muntari, ame wo ta ɖe eŋu ɖe Hohoe-Jasikan ʋɔ dzi — ame geɖe wo yi ɖe eŋu wu eɖe. Wo ɖe ta dzi nam eŋu, eye ɖo le eyi nam le eŋu, gake eɖo edzi eye ele nu ƒle le eme, nenye ale abe nu sɔ gbãtɔ ene o. Nyem Abubakar, nɛ wɔ nudzadzra la, me le eŋu. Meɖi ame ɖeka a va kpe ɖe ŋumitɔ anyi, alo mi ɖɔ nami le wɔa ŋɔ la, efiawo ko abe nuwɔwɔ a le wɔna ene, esi Muntari mele mɔ nyuie o daa."
47,"Meɖekuku, meyi ŋu be megblɔ nu si wòwɔ nam fifi afi sia Axim. Nyem nye Felicia, eye medo ƒu le ƒe dometɔ ŋgɔ sia — me le ame si le yeye le ŋgɔgbe la dometɔ eme, eye afɔnyem sua sua aɖe. Asim ɖem wòyi, gake ezi le egbea o — eyi nam kpui kpui, eye esi nɔm vevie o. Mate ŋu ɖe asi le eŋu ke ke, ne mese be nu vɔ o."
48,"Allo, meɖekuku kpe ɖe ŋunye. Nɔvi-nye Kojo ewu ƒu egbea afi sia Wa Central, eye afɔ-nye eyi eɖɔ. Esia magblɔ be enyo dukɔ o — ele ɖo le ƒɔ ƒɔ, gake ele ɖo le tsɔtsɔ eye ele be eyi nam. Nyenye Amankwah, nye mefrem ɖe be eya hã megba be mava asiwo o, gake mese be woawɔ eŋu ɖo nyuie. Meɖekuku, ame aɖe ate ŋu abe ɖe miaɖe nuwɔwɔ si míawɔ eneŋ?"
49,"Meɖekuku, nudzadzra ɖeka wɔ ɖe Hohoe-Jasikan ʋɔ dzi enumake. Ɖevi ŋutsu ɖeka, wɔ ŋkɔ be Selorm, ele pragyia dzi, eye pragyia ɖa ʋɔ dzi abe. Nye ŋkɔ nye Sulemana — mele ʋɔ dzi la woƒom eye nudzadzra la wɔ loo. Ɖevi la eɖo edzi kpɔkpɔ, egblɔ gɔme wo kpɔkpɔ, gake eyi nam mɔ le eƒe ɖevi ŋɔ kple abɔ ŋɔ dzi — abe eƒe ŋutinya titina la ŋɔ ene. Nusi ɖe meɖo ŋu be neva nyuie o, gake midos be ame aɖe na va kpɔ eɖe. Meɖekuku, frɛ ame aɖe na va kpɔ eɖe."
50,"Meɖekuku, meɖi ŋlɔ nu siwo wòwɔ afisiafi ɖe Dormaa Ahenkro egbɔ. Ƒomenyaƒo ce Nhyira wɔ agbagbadede kple ŋutsu ɖeka ɖe xɔgblɔgblɔ ŋkume le akɔxɔwo ŋutae, eye adzodzo le ɣeyiɣi dzi ƒe ga wu. Ŋutsu ma tsi aʋa Nhyira ta ŋkɔ dzi eye etu agbɔe fufɔ. Ewo ƒu nyo nyo o, gake ɖoe le eyi nam, eye eta le eyi nam ge hã. Muntari wɔe nye ŋkɔ ce, mele afea le nu siwo wòe wɔ la gɔme. Meɖi ŋlɔ nu sia nyo nyo, efeke ŋutsu la dzoe ɖa ame ne o, eye Nhyira meɖo nyo o fifia."
51,"Meɖekuku, nuɖoɖo aɖe wɔe fifia kaba la Dansoman. Ŋutata ŋunye Araba le ʋɔ ŋu le xɔ ƒuƒoƒo la ŋu ko, tipper truck aɖe ŋɔ kpe eŋu, ewu ƒu kpuie. Afɔ ŋɔ wɔe na eye mate ŋu ɖu afɔ la dzi abe nusɔsɔ o — gake eɖo edzi, le agbalẽ. Enyem Vida, meɖo eŋu fia, míeɖi kpɔ ŋunye, elabena míekpɔ ɣleti vɔ wòle o, anyi nuaɖe bubu le, míenu sɔ o. Meɖekuku, wɔ ɖoɖo dɔm."
52,"Meɖekuku, nudzadzra gãtɔ aɖe wɔ ŋu afisia Sunyani, eye meɖi kpɔ ŋunye enumake. Ɖevi ŋutɔ si le aƒe sidzedze ŋunye, Appiah — ɖevi koklo — ewu ƒu tsi me, eye edzo ɖe gome le negbe ŋutɔ eye mègale ŋu yi atsɔ eɣi egɔme o. Gake ɣesiaɣi mɔkpɔna eŋu, eye eƒu agbe la, wòƒu agbe la gblẽ, gblẽ abe agbe meɖo eme o ene. Ne miekpɔa edzi, eƒo ɖevi ŋɔ kple abɔ dzi vevie, aɖe nɔ eme abe nusiwo vɔ ɖe eŋu gome. Appiah eƒu agbe la, gake eƒu agbe gbɔgblɔe dzi, abe agbe yia ŋu ene — eye né miekpɔa eŋu, emegblɔ nu o, emedzo ŋu nu o. Meɖekuku, dze kpɔ ŋunye enumake — Maame nye ŋkɔe, eye mele abe eŋu ko afisia le subɔsubɔ."
53,"Meɖekuku, nuɖoɖo gãgã ɖe aɖe wò va si ɖe afim ɖe Bawku. Ɖevi nyɔnu si le ŋutɔ ŋunye ƒe lɔlɔ̃vi, Adjoa, ewu ƒu afisi agble gã le ʋɔ ŋu le afɔliƒe ŋu, eye nusi ŋu eƒu, ehhh, eme nyuie o le edzi ɔ. Eƒe asi xɔ asi ɖe nyi kaba eye eyi nam gãgã, eye mate ŋu ɖe asi ŋu o. Nye nye Emefa, mele ŋutɔ dzikpɔkpɔ le ŋuti, eye eƒe nɔ̃vi medze o, abe nyawo wom nɛ mefrɛ. Meɖekuku, medi kpɔ ŋunye akɔkɔe, ɖevi la eyi nam gãgã kaba."
54,"Allo, yeyeye. Nyem dzɔna Ramatu. Mefrɛ wo afi nudzadzra bubu xɔ ame dzi — le Tamale-Yendi ʋɔ dzi, kplé Savelugu agbɔ̃. Ɣeyiɣi bubu ŋu, ŋutsu vie bubu dzɔna Asare le egblɔ be ele agble akɔ ʋa ŋutɔ dzi le ʋɔ ŋkɔmé, ele nutsu ɖowo kpɔ dzo sacks ga la ƒe yi truck ƒe ta. Gbona si, sack ɖeka vavãtɔ la do nu ɖe nɔ egbeme, va tso eƒe ɖevi ŋɔ dzi kpakpɛ. Masɔ asi wɔ nane o gake eɖo edzi, ede le egblɔgblɔm. Gake ede gblɔm be eƒe ɣleti le ɖevi ŋɔ dzi la yi ŋunye, eye mate ŋu ƒu agbe nyuie o — efɔ dzi bubu. Meɖi geyiɣi, mekpɔ wo le ʋɔ fé la, eye wogblɔ be meyi gblɔ ame ɖe wo ŋu. Meɖekuku, frɛ ambulance yi tso Savelugu agbɔ̃ la ko."
55,"Meɖekuku, meɖi ɖe accident bubu si wɔ ɖe afisia Cape Coast. Agbɔviwo ŋutsu si le ŋunye kɔŋkɔŋ ƒe ɖevi, Afia, OA taxi ŋu wu eɖe ʋɔ dzi, eɖe market ŋutɔ egbɔ. Ɖevi nyɔnu wò nye, ŋu le eŋu bena afe awo alafa eɖeka kple bubu geɖe. Akɔ ŋu si wu eya nyo geɖe o — eyi nam eɖe ɖo ŋɔ, eye ɖa kakaka le eta dzi, gake eɖo edzi eye ebua nu. Nyenye Alhassan wò bi wò, nye ɖe nam axɔ telefon sia ƒe, efɔ eƒe nɔ nye le eŋu fifia, eye woɖi ƒe akɔ bubu si na wɔ wòɖo yia clinic."
56,"Allo! Meɖekuku, kpe ŋunye! Nɔvinye Asante wɔ accident fafi Dormaa Ahenkro, koko le ʋɔ gã ŋutɔ la ƒe ŋkɔ ŋu, eye nu siaa yi dukɔ. Ɖevi la le ʋuʋu — akpa la le eƒe ŋkɔm hã, ela ŋɔ enewo alo eɔ-ewo ƒe ɣeyiɣi la me. Eƒe afɔ la vɔ dukɔ — mele mɔ ŋuti ɔ ko la, ɣleti vɔ la hã — eye dzi tsotso le gɔme. Nyenye Nii, meɖo eŋu fafi, eye ame geɖe tso ŋkɔ wɔm, gake ame aɖeke to ƒe ŋku le nu wɔm o. Eyi nam, eye mate ŋu ɖu afɔ la o ko. Meɖekuku, frɛ ambulance mi vie zi, kpe ɖe ŋumivo! Eyi eŋu dukɔ!"
57,"Allo! Oshwiee. Yèe, medzɔ na wò be míaƒe ɖevi Ofori, woɖo nu eŋu fiɖe egbe ŋdi le míaƒe agble o — ɖevi ŋɔ la yi Tamale. Enya, eле tso dɔwɔnu dzime, gake tsi vevie xɔ eŋu, eyi ɖevi ŋɔ kple abɔ ŋɔ — le agbea me. Mele kuɖe o, atike ŋɔ la gbɔna tsotso, eye evi la le enum akakam. Yèe, ŋkeke siaa nye Kofi, menye eƒe tɔ. Ɖevi ŋɔ la le zãzã nyuie, ede eme ede ame, eye etsi agbe kaba la. Megblɔ ta ʋɔ dzo o — gake mele sɔ ɖe edzi kple nàwò be míaɖe ɖevi la asiwo, ke nàle wɔ atike na eya le ŋutilã? Meɖekuku, kpe ɖe ŋunye na kpɔ nu si mia gbɔna wɔna."
58,"Meɖekuku, mefrɛ ɖe mi ƒe ŋu be megblɔ mi nu e si wòwɔ afisia Nalerigu. Ŋkɔnyé nye Mensah, eye menyé ƒometo na aƒe la. Ɖevi nyɔnu ame yia, Elinam, ɖevi nyɔnu ɖeka, edo ƒu eye eyi ŋunye — asi anɔ afɔ, mese vevie o, gake eɖo asi dzi eye ebé nyuie. Menya ɣlɔ̃ɣlɔ̃ be nɛ si eyi la nye asi o afɔ, gake eɖo asi dze dzi eye egu nu kpɛkpɛ. Evɔ tea o — adu vɔ o, ana dzi me o, nusiwo ɖe va o. Gake aƒetowo dii be ame aɖe ni nya na, eye be woato kpe ɖo. Fifia la, Elinam le mɔ nyuie dzi, abe ame si ɖo egbɔ ko ene."
59,"Allo, meɖekuku kpe ŋunye. Nyɔnye ŋkɔ nye Felicia, eye mate ɖe wɔɔ ŋu le fone la dzi. Nye tɔgbui, Nii Laryea, kpe ɖe ŋunye — afi siaɖe le Zebilla la, egble dzi wom siaŋ. Esia le dɔwɔna me la, eye esi enɔa ɖe dzitsi kɔkɔe la, ne la tsotse wu asi le agble dzi wom ŋu, ewu atsatsa wu eɖe — tsɔ eɖe ɖo ŋɔ kple abɔ ŋɔ dzi. Nii Laryea nye srɔ̃ amenye, nenema mia tsɔ agbɔ aɖe le eŋu ŋutɔ. Gbɔgblɛ̃ la mewo tsɔ tsɔ o — asi le dzɔdzɔ, eye aɖewo le anya vava ŋɔ dzi, la gɔme le hɔhɔm aɖewo le eŋu. Meɖekuku, mia di se be míe wɔ ɖe etame dze sɔ nenye abe wò te la ene, eye míe kpe eya wu míe dze eyi le kpɔkpɔa ga ɖeka. Mia tsɔ agbɔ aɖe ŋusẽ ŋuti de eŋu la akɔ se?"
60,"Meɖekuku, meɖi be woate ŋu wɔ nuŋlɔ dzim de nudzadzra si wɔe fiam afi ɖeka Cape Coast. Ɖekame Boateng — eƒe ƒe le ewo kple ɛ̃ gbɔ la — ago be eyi ɣa dzi ɣa si le ʋɔ ŋkɔŋ la, ɣa sia xɔ tsi le dzidzime tso sigo, eye ewu ƒu le gome. Amewo le xɔ la kpɔkpɔ la to ɖe asi ɖo kpuie, Nyame nɔ ŋutɔ dze ame. Eɖo edzi le gɔme eye etɔm, gake eƒe asi kpoe fu bena wòtrɔ ɖe eŋu la — eye asi sia gbɔ le bɔbɔ eye eyi nam ʋui. Nye nyɛ la, Alhassan. Meŋle xɔ kple aƒe eƒe le fifia. Meɖekuku, woate ŋu ɖe ame ɖeka aƒi mia be eme wòdi eŋu le nyo?"
61,"Meɖekuku, meɖi ɖe nudzadzra siwo wɔ wɔ Cape Coast-Elmina ʋɔ dzi ŋu. Nyɔnu aɖe, woyɔ Memunatu, ele bicycle ɖe ɖeƒe ʋɔ ta ko wɔm, gake akɔ aɖe siwo ŋlɔ aɖu le egbe megbe gbɔ yi, wu eɖe, eye ewu ƒu dukpe. Edo ƒu eƒe asi dzi, eye asi sia fɔ xexe fifia, eye mate ŋu tsɔ asi sia le xoxo o. Baffour wɔ ŋkɔnyem — neo me le ŋlɔ aɖu megbe gbɔm, eye mekpɔ nudzadzra sia bubu katã. Meɖekuku, kpe ambulance ɖe eŋu, woawu bɔbɔ, elabena eyi nam dukpe ŋutɔ."
62,"Meɖekuku, nudzadzra le xɔ ɖeka Ashiaman, eye meyi be manɔ nu agbɔm. Amedzidzinu ɖe ŋutɔwo wɔ Abubakar hafi, wo su i geɖe, eye asi si wo su na wo gbo le xoxo eye mate ŋu dze i nyuie o. Nyenye Mensah, mele ɖoɖo xɔwo geɖe me, eye mekpɔ nu si wɔa ɖe gome. Eyi nam le asi la me, gake eɖo edzi nam gake — eleŋu eye egblɔ nu, eye ewoa ta o. Meɖi gbɔ ame aɖe va kpe ɖe ŋune alo zã ɖo na mia be maxɔ taɖodzo ka."
63,"Meɖekuku, nuɖoɖo aɖe wɔ afisia Goaso, eye meɖi na mi se. Ŋkɔnye enye Ofori. Mefrɛ mi ɖe nyɔnu aɖe dzi, ŋkɔe enye Naa Dedei — aboboyaa aɖe wu eyi ʋɔ dzi, eye edo ƒu akɔkɔe. Egble ɖo tɔe, eye etso kpɔ be ta eyi nam, gake eɖo edzi, eye egblɔgblɔ kakaka. Mele bɔbɔ ŋutɔ o, gake eɖi kpɔ ŋunye, efiafia ɖo eyi enam, eye mate ŋu ɖo zazã o."
64,"Allo! Nyem nye Edem. Meɖi na wo ɖe nudzadzra dzetɔ ŋu. Ɖevi nyem, Amoah, le wo dzo ɖe azãzã siwo meɖo wom ɖa Yendi. Nɔnɔme, asi ŋɔ ƒe nu dzetɔ mɔ ɖe ŋu, go be tool siwo medo wom ŋɔ ŋu. Agbagba o — xexe ɖeka ɖeka, dzetɔ ŋu o, gake le dzi ƒu asi ŋɔ. Eƒe dzi tsotso atso ɖa la, ele nyuie. Eɖo edzi la, gake xɔ egbɔ dzetɔ ŋu. Menye nu gãgã o — meɖi be maga se nusi wòwoa ɖa ŋuɖoɖo nyuie."
65,"Allo, meɖekuku — meƒɔ wò ŋu ɖe esi si Muntari, ŋutɔ̃nyɔnume, xɔ tɔ̃ eye mele egbɔ dzi gã. Míele Kintampo ƒutre, ʋɔ si yi Kumasi, gome si nudzadzra sia wu ame. Eɖoa le nuɖuɖu siwo ŋu eye dzadzra wu egbe — ɖevi ŋɔ kple abɔ ƒome la le veve. Ɖevi la nye aɖaŋunɔ, eƒe ƒeaɖe le ewo bliboa ɖeka hã, eye egbe ƒome la le dzɔdzɔ vevie — edzedze le egbe dzi eye blistering le le eme, gake eɖo edzi hã eye ele ɖe nu gblɔm, akpe na Mawu. Nyem Esi, aƒɔvi nyɔnu tɔ, eye mele egbo fifia, gake miɖi nyim nu si míado ŋu wu na wo afi si míate ŋu yi asiwo ŋu."
66,"Allo, yèŋu nye Dzifa. Mefrɛ ŋuwò le ŋku si dzi nye ƒe ƒetɔ ɖeka le Cape Coast. Naa wɔa adanu le adanu xɔ ɖe eƒe ta, eye ele ato agbledze ƒe xɔ dzi wɔwɔ ame, ke asi vɔ ɖe eŋu eye asi dzidzi ƒe xɔ dzi kpɔ eƒe nu ɖeka ŋu kakakaka. Dzi le etsotso ke ha ɖe vevi o — dzi didi hã o. Eɖo edzi, ke elele eɖe kakra, abe nudzadzra ƒe ɣlu ene. Míaɖe aʋu ɖe eŋu la, ke míaʋɔ ɖe mí be míga ŋlɔ: Ehia be yae tso fia, be wodze hɔ xɔ ŋu nyuie eye wokpɔ eŋu nyuie, abe nudzadza la ha ŋgɔɖe vɔ dzo."
67,"Meɖekuku, medi na wo be accident le Suhum afisia. Ɖegbe ŋutsu — Asante — srɔ̃ wò nye, aboboyaa yi wu eŋu ʋɔ dzi ɣeyiɣi siaoɖeka gbã. Aboboyaa xɔ eŋu ɖevi ŋɔ kple abɔ ƒe agbagbe la gome, eye edo ƒu dzi kaka. Ŋkɔnyam nye Ramatu — nye woyɔm esia — me le agbea ɣesɔɣi si eme eye me kpe ɖe eŋu me tsɔ e yi ʋɔ ŋkɔ. Eɖo edzi eye edzo gblɔgblɔ, gake eyi eŋu — abe nu bubu o vɔna hã, gake eɖi na e be dɔkita nɔ kpɔe."
68,"Meɖekuku, meɖi na woɖe nu bubu kple nudzadzra si wòwɔ na srɔ̃ aɖe fika Yendi. Ametɔ si le ŋunye dzidzi, Asare, eya srɔ̃ dada — ame aɖe wòa va xo eŋu eƒe ƒe dzi, wòta eƒe asi ŋgɔ le gã ŋgɔ, eye asi sia tɔ̃ akpa fifia. Nye Owusu, mele eŋu dzidzi, eye gake ke metsɔ nunya ame wòwɔ eya ɣeyiɣi la, mava kpɔ nu siaga wòwɔ. Elo ame si aɖu eŋu o, gake eƒe asi eyi nam dada, eye enye mate ŋu tsɔ asi la ŋu tegbee o. Meɖi kpɔ ame va kpe ɖe eŋu, alo mi nana egbe nu si woawɔ."
69,"Allo, yɔ nyem Dela. Mefrɛ wo se nudzadzra si wɔ ɖe afisia Cape Coast. Ɣeyiɣi kakaka o ke, trotro ɖeka du Kpodo — ɣlã vɛ̃a si le agbɔ̃ ɛne ŋu, se asi ɖo agble ɖe ewe eneawo ŋu la. Afɔe yi ta gã — avava le esia dzi, eye woɖe be eyi nam ŋutɔ. Gake eɖo edzi la, ede gbe. Mekpe eŋu aɖo ewo ɖe ʋɔ dome be ewɔ du ʋɔ si, eye ame ɖeka le kpɔ eŋu fifia. Meɖekuku, kpe ɖe ŋuwo — miʋɔ se dɔwɔwɔ si ŋu mia wɔ fifi la, alo dee eyi be ede yi asiwo."
70,"Meɖekuku, mekɔ wò telefon si ŋu be maɖe nunya na mi afi si nudzadzra si wɔe fifi fia Takoradi market ŋu. Nyemegbe nye Hamza, eye nɔvisame ƒe ŋkɔ nye Yakubu — ewu ƒu abe market stall ɖeka ŋu ene. Eta do ƒu ƒu edzi, gake eɖo edzi le fifia — mele dɔ ŋu o. Ele ekɔ be eyi nam ɖo megbe ŋu geɖe geɖe o, ɖevi le deɖe ŋkeke. Nudzadzra me le gblɔ ŋu o, gake miyi be mile dzeɖe nya si ɖe axa ŋu nenye."
71,"Meɖekuku, meyi ɖe accident si wɔ ɖe afisia Navrongo. Ŋkɔnya enye Muntari, eye mefrɛ gake esia kaka la nu — ameŋkɔnya enye Asare, nye ƒe agbɔta. Akɔ si ame woƒo ƒoa nu ameawo dome le ʋɔ dzi la hiti ye akpɔkplɔ sia, gake eƒe ʋe mele ŋgɔ o. Eɖo edzi, eye eƒe dɔwɔwɔ mele vɔ̃ akpa o. Afɔe tɔ̃ eyi ye gake mede ŋku aɖeke le edzi o. Míewɔ to míaƒe nu bɔbɔ la, míexɔ lɔlɔ̃ be wuiyi nye azɔ abe mɔ aɖe ene abe eme akpɔ la. Gake míeɖi be wòkpɔe le asiwo la gbɔ be wòkpɔ nyuitɔ eye míenya nuto."
72,"Meɖekuku, mefrɛ mi be matso nudzadzra si woa ŋu afii Hohoe. Nɔvi nyɔnu ŋunye Maame, ɖevi nyɔnu wo, akɔ kakaka ɖeka tso ŋu eŋu ʋɔ dzi, eye edo ƒu geɖe geɖe. Nutoe yi eyi eŋu ɖe ɖo kple ta — eɖo edzi, gake eyi nam ɖe ɖo kple ta ŋu, eye mate ŋu tsi ɖo agbenyui o. Me nye Kweku, mele eŋu afii fifia, eye meɖi kpɔ ŋunye, afi kake míetse ame o, elabena míenya aɖe míaɖe eŋu o."
73,"Meɖekuku, meɖi ɖe nudzadzra si wɔ na ɖevi ŋutsu aɖe Mankessim kpɔ, le Kumasi-Cape Coast ʋɔ dzi. Ŋkɔnyem enye Vida, eye ɖevi la ŋkɔ enye Abubakar — eɖeka le ƒe ewoaɛ̃ alo ewoasia hafi. Ewu ƒu le tsi si le ʋɔ dzi, magatsɔ bena tsi ɣoɣlɔ alo nuɖoɖo aɖe ene, eye eya ƒu tsi gome ɖeɖe ke abe, eye amesiwo le ŋutɔ ɖo xoxo yi nu ɖe eŋu. Esia ko, edzi ƒu ame nyuie fifia, akpe na Mawu, gake asi la xɔ veve afi si wole etsotso ɖe eŋu la — efle, eye ele eɖo na asi la abe nuto aɖe ene. Medo̲ bo̲ ko̲ bena ame aɖe a wɔe va kpɔ eŋu nyuie, elabena esiwo kata la, ame la kpɔ ʋuʋu si gɔ."
74,"Meɖekuku, nudzadzra ɖe Takoradi-Cape Coast ʋɔ dzi, egbea Anomabo. Ɖevi ŋutsu aɖe be wɔ‍ŋlɔ Selorm wòa la, akɔ dze eŋu — medze ŋu be esia kple ɛ̃ ene alo ewe ŋkeke la woɖe eŋu. Egbe ewu ƒu la, eta kple eɖo dze ʋɔ dzi te te, kae dzi le etsotso le eta, gake eƒu agbe, ale koe ebe gɔme nu. Nyeŋɔŋlɔ Akosua — me le ʋɔ dzi la ko be nudzadzra sia wɔ, eye amesiame katã le egbe le afisia fifia. Meɖekuku, kpe ɖe ŋumitɔ wo ŋu be wòva akpakpa, ɖevi la ɖi doktoa kpɔ eya hã."
75,"Allo! Nyem ŋkɔ nye Maame, eye mefrɛ mi ɖe nu si ŋutɔ wu dzi — nu vɔ̃ aɖe wɔ wò Kintampo ŋu, le ʋɔ si yi Tamale ŋu. Ame si xɔ nuvɔ̃ la ŋkɔ nye Wiredu — srɔ̃ aɖe. Amewo ƒo we, wofɔ ta kple ɖo wu dzi ŋutɔ. Wo wɔ we vevie wu. Edzi wò le ɖo o, ele akpo le ƒe gbɔ kɔkɔe, eye dzi le ɣu le ta ŋu. Meɖekuku, nuvɔ̃ si le eŋu la vɔ wu — eɖi kpɔ ŋunye akpɔkplɔe na edzi, ke woava ɖe eŋu o ko. Meɖekuku, mi hã yeyiyi!"
76,"Allo, yèŋame nye Fuseini. Meɖekuku, meɖi gblɔ wo be accident àwo ƒe ŋu le Takoradi-Cape Coast highway dzi, kpɔe Anomabo. Srɔ̃ aɖe, Owusu, akɔ dze eŋu, eye edo ƒu nyuie le ʋɔ dzi. Eyi nam be afɔ aneɖe alo asi aneɖe àvɔ, elabena emega tso eŋu sɔ o — eye eyi ŋuɖoɖo nam kpuia. Gake eɖo edzi, egblɔ gblɔ kakaka. Míeɖe eŋu ɖe ʋɔ ŋgɔ dzi, eye amewo le esiwo le egbe fifia, gake eɖi kpɔ ŋunye sɔ zi yi ɖem. Meɖekuku, frɛ ambulance wu akɔkɔe na mia!"
77,"Allo! Meɖekuku, kpe ɖe ŋunye. Yʋom Elinam, eye Kofi yɔm, nye ɖevi ŋutsu. Accident wɔ ame le Takoradi kple Cape Coast ʋɔ dzi, ɖe Anomabo dzi. Akɔ ɖeka yi wu we le ʋɔ te — ɖevi la xɔ ene ɖe sia ɛ̃ le ƒe ŋu gbã. Ewu ƒu eye eyi nam le dzigbe ŋɔ kple abɔ ŋɔ dzi, ŋɔ la gɔme. Gake mele ƒoƒo le tegbe o — eɖo edzi eye ele yayra. Eyi nam kakaka, eye nye mɔ nu la eye me gblɔ mi fe. Míle nudzadzra ta fifi gbã ko. Akpe."
78,"Meɖekuku, nuɖoɖo aɖe wɔ afisia Techiman eye meɖi kpɔ ŋunye. Ŋkɔnyé nye Efua, eye mefrɛ wo afi Yaw — aseŋ ŋutsu ŋutɔnyé — eya. Ewu ƒu egbe ŋdi le ƒe tsi, eye etso ta ɖe ƒuɖoƒoa dzi blibo. Eɖo edzi, gake eɖi gblɔm be ɖony eyi nam, eye etsɔm le ŋusẽ aɖe me. Mede wò egbɔ ɖe edzi abe ame si le nɔ ame nyuie ɖe ne o abe."
79,"Meɖekuku, meɖi gbɔ nuŋɔŋlɔ ɖe ŋunye — nudzadzra aɖe wɔ ɖe ŋuti ɖevilaɖeke si wòɖe Kpodo, eye míele afɔliƒe míaƒe ŋu ɖo fifi Bolgatanga. Ɖevi la ɖo kple nyiɖuɖu — mese asa o, ede nyateƒe agbɔ dzi na etso wu — eye ewu ƒu akɔkɔe, tso ƒu dzi asinye dzi vevie. Esi la gbɔe vɔ la, asi la hã fɔ kpoo, eye eyi nam gbɔ be eyi ŋutɔ nam vevie — gake eɖo edzi hã, le ɣlɔɣlɔ me. Ɖevi la nye ɖevi aɖe si le afɔfɔlia, àkpɔ be eɖo ƒe ɛ̃ŋɔ bliboa. Menya aɖanugɔ o, elabena asi la fɔ ke fɔ, eye efɔ mele ɖa nu eme o. Meɖekuku, mawu ŋuti, wòtu akɔ aɖe fie nami, alo mì gblɔ nam se siwo maɖe wɔm? Kpe ɖe ŋumíawo!"
80,"Meɖekuku, meɖi ɖe ŋu bɔ nudzadzra siwo woa ɖe srɔ̃ ɖeka ŋu fifi afisia Techiman. Ŋutaŋu me, na mi nyém — domenyɔla meɖom Mensah, agbenyaga enye, la elewɔ dɔ nɔe ŋutɔ — mese be eɖo nu wɔe alo ede dɔ ƒe nu le afɔkpata dzi — eye eyi eɖo asi ŋu, alo asi nyuie katã, mekpɔ dɔtrɔ gã o. Amoah yɔ nyem, nye ɖe melegblɔ fifi sia. Akpo la, enyo kaba — seke la ŋutɔŋutɔ, eye eyi le eyi teƒe kpui, eye ede eƒu akɔ ʋɔ nyuie. Gake ehã agbenyaga la, misubo be ekaba be miwɔ ɖe ŋu mífrɛ, ebe minya nusẽ wòa wɔ. Eɖo esi le fifi sia, gake mibe: ele eme be eme nɔ yi asiwo alo mienye le ŋutɔ be mide seke la dzidzro le ŋutimé?"
81,"Allo! Meɖekuku, kpe ŋunye! Ɣlɔ̃ sia Hohoe-Jasikan ʋɔ dzi, pragyia ze ŋunye ɖevi ame — ŋutsu ɖevi nyem Mawuli. Motor dzo le eŋu, ewu ƒu, eye ale ko asi eŋu, eyi nam o — ele ŋuŋlɔ dzi le asi ɖe asi ŋu, gake tɔ̃tɔ̃, ate ŋu ƒe nuwo tɔ̃ ale ko. Nyem Boateng, nye wɔfa. Meɖekuku, kpe ɖe ŋunye — midzro ame aɖe ava kpɔ ɖevi sia, elabena ɖevi la gblɔa nɔna nyuie be ale ko, gake mele dzi na nɔ tɔtɔ dzi o. Ɖevi nye — mate ŋu wɔ bɔbɔe na eŋu o. Meɖekuku, frɛ ambulance ava kpɔ yi!"
82,"Meɖekuku, meɖi ɖe nudzadzra siwo wɔ ɖe afisia Wa Central. Amoah, ɖevi sia nyɔ aƒeviwo ŋunye — aboboyaa dze agba ɖe eŋu le ʋɔ dzi afã kple afã o fafã. Ɖevi a nye ɣeyiɣi ŋu ame, eƒe ƒe le fu ewo sia ewo eve o etɔ̃ vɔ gbɔ. Eƒe afɔ xɔ dzetsi ɖe nudzadzra sia me — efufu le eŋu eye mate ŋu zu afɔ ɖe eŋu o ɖe xoxo. Eɖo edzi — eɖo edzi nyuie, eɖo edzi o, gake eyi eŋu ŋutɔ nyuie, eye miaƒe ʋɔʋɔ le asi mi kpɔm. Nyemetɔ nye Fatima. Meɖekuku, kpe ame aɖe dze ɖe miaƒe ŋu be woajro mia, alo gblɔ mia be mia wɔ nusi gbɔna."
83,"Allo, yɔ nyem Nhyira, eye mefrɛ wò le esia ŋu be woawɔ nusiwo wòwɔe ɖe Takoradi market xɔm egɔme hedze. Srɔ̃ ɖeka, Fuseini, viwo ɖeka wɔ eŋu ɖa fe stalls siwo le afe la ŋutɔ — wotsɔ asi ŋlɔ eŋu eye wokpe eŋu, gake edo ƒu. Asi xɔ eŋu le do la me, gake elabɔ kpe — enyo, nyuie dze — asi la daŋ naɖe eye adaŋ ŋutɔ le, abe atsã ɖe dzi gbã aɖe hã le asi la dzi abe. Ame ɖeka si le agbɔɖagbe la kpe eŋu eye wòwɔ agbe be edzo atsɔ asi ŋkɔ, eye ela ɖo edzi axɔxɔ megbeme fifia. Gake mihiã ʋɔ ŋu be mefrɛ be esi la ŋutɔ na srɔ̃ ɖeka eye meɖi be woawɔ nane nawo, eye medzi nu noa."
84,"Meɖekuku, mefrɛ mi aɖe nudzadzra si wòwɔ le Accra-Cape Coast ʋɔ dzi, xoxo le Winneba ŋkɔ la gbɔ. Nɔvi nyem Akua na le trotro dzi, eye akɔ bubu ŋlɔ wo, eye eyi nam le eƒe afɔ dzi — afɔ la gblɔ, eye mate ŋu zɔ le eŋu o nyuie. Ɖevi nyɔnu wò nye, abe ame ƒe ɣeyiɣi ewo bɔbɔ ene sia ene ene abe ne, eye fifia amewo le ʋɔ ŋɔ la le kpe ɖe eŋu. Nyem ŋkɔ nye Nii, eye mele ʋɔ dzi kpɔ eɖe fifia, gake mɔm wade frɛ mi ɣeɣe be amea aɖe na va kpɔ eŋu. Meɖekuku, kpe mi ambulance va."
85,"Meɖekuku, megblɔ nami nu siwo wòwɔ ɖe ɖevi ŋutsu aɖe ŋuti fifi, le Hohoe kple Jasikan ʋɔ dzi hã. Ŋkɔnyɔ nye Efua, eye ɖevi ŋutsu la ŋkɔ nye Ibrahim — ele agbeɖeɖe me, akpa la le adolescent ɖe. Dzi wɔ ŋɔ ɖe ɖo ŋuti, gake mele vɔ nu kaka o — eƒe ɖo ŋuti la le huhɔ̃hɔ̃ ɖe siwo kpe ɖe blisters ketekete ŋu. Mègbɔ be togbui toɖoɖo aɖe wòwɔ ƒu ame la, eye toɖoɖo atata ka tsɔ dze ŋɔ ame la dzi. Eɖo edzi eye etu se nu gblɔm, gake miɖi be amegã aɖe a va kpɔ ame la nyuie nyuie."
86,"Nyɔnume Gifty, me mama nyé — akɔ ɖe eŋu afɔ kata ɖo Tarkwa sia, egbe fia yeɖe nɔƒi haƒe. Srɔ̃ nyé, eye akɔ nɔ aɖe eŋu vevie — eƒe afɔ ɣleti vɔ, eye dzi le etsotso vevie. Nyé Kwabena, me yɔna ame nyé. Meɖekuku, mate ŋu ze ɖe afɔ o, eye eyi nam vevie, enye abe eye edzi kum — míeyi egbɔ vevie."
87,"Meɖekuku, mefrɛ wo ɖe afi si akɔ vɔ̃ na Alhassan, ŋutɔ ame si le ŋunye xɔ ƒe dometɔ. Ele nɔnɔm va xɔ le Darkuman afisia, gake OA taxi ɖeka xɔ eŋu ƒe nu kakaka. Akpe na Mawu, ka mɔ o— manyuie. Eƒe asi yi eyi nam dzo le afi ɖeka, eye eme vɔ dɔ ake, gake ele ɖo dedie, eye eɖo edzi nuto. Woɖe mia le eƒe xɔ me fifia, yena wòxɔ eŋu. Nye Elinam, meva be manye be ame ɖeka ƒe dzidzi li be edzi asi ne edie be eyi asiwo."
88,"Allo, nye ŋkɔ nye Ramatu. Mefrɛ mi esi nudzadzra aɖe wɔ Adjoa ŋutɔ, ɖevi nyɔnu aɖe, ŋutɔ Techiman ƒe Kumasi-Sunyani ʋɔ dzi. Tsi kpevi aɖe le ʋɔ ŋkɔme fia, eye Adjoa do ƒu le tsi me, wɔ agbe ɖe eme vɔvɔ̃, gake ame siwo le ɖaƒo vɔ̃ ayi yi hafi woxɔ eƒe asi habɔbɔ. Fifia eƒu agbe nyuie — Mawu kpɔɖeŋu — gake ɖo yi nam fafia, eye eɖo ta le eme tɔtɔ. Nusi wɔ o nyo ɖe ŋkeke o, esi le egome wɔm eye wɔ gblɔ nu, gake míate ŋu dzo akɔ le asi ŋɔ o, esi miaɖe ŋu na mle mi. Miaƒe xɔ ame mia le ame si xɔ-nu-le-nu la ŋu, ɖeke miado eya dziŋkɔ. Miaɖi nya se be ede ɖe asiwo akpo dɔkita aɖe gbɔ abe le o, ame o. Meɖekuku, kpe ɖe ŋumia!"
89,"Meɖekuku, nudzadzra le Tamale-Bolgatanga ʋɔ dzi, Walewale ƒe ɖoɖo aɖe. Ɖevi nukɔnyawo aɖewo ɖo Agyeman — woɖo yi ŋutilã na eya, eye wokpɔ ŋutsu woɖo ta kple ɖo na ame ɔ nyuie nyuie. Míe Amankwah, meƒle ʋɔ dzi hã, eye mekpɔ nudzadzra sia, eye medzo gbɔ na kpɔe ŋu. Eɖo edzi hã eye exɔxɔ gome aɖe le, gake ɖo ƒome fɛ̃ le etsotso, eye eyi nam be eyi ŋue nyuie. Meɖekuku, kpe ame aɖe ɖe ŋunye — gblɔ mia ɖe fia míe na ɖe nɛ akɔ dzi akpɔ Asiwo dɔwɔlawo kabakaba."
90,"Meɖekuku, nuvo ŋutɔ le hafi wo ɖe ɖevi ŋgɔ dzi afisia. Ŋkɔnyé nye Afia, eye mefrɛ wo ɖe ɖevi ŋuti, eŋkɔ nye Adjei — ele dɔwɔm, akɔŋkɔŋ ɖeka xɔ ne asi, evɔ̃ ɖaŋ hã, dzi wɔ wu. Míele Axim ʋɔ dzi esɔ kpe ɖe Half Assini dzi. Ɖevi la eyi ŋune ŋutɔ, eye míetsɔ ɛ̃ le eŋu. Meɖekuku, zi kpɔ ŋumíe ko, frɛ kpɔ míe, elabena asi la susu nukae hã, evɔ̃ nyunyɔ ŋutɔ."
91,"Allo! Meɖekuku, kpe ɖe ŋunye! Ŋkɔnyé nye Patience. Ɖevinyé Agyeman le nuɖoɖo ƒe dome le Tumu, eye nugbɔgbɔ deka to ŋu do ɖe eŋu, ewó ta ɖo ɖe eƒe ɖevi ŋɔ kple eƒe abɔ dzi. Ɖevi ŋutsu wò nye — asime eƒe ƒe ene alo etɔ̃ adre ewo ene. Eɖo edzi, egblɔ gɔme, gake eyi eŋu vevie. Ede be eƒe ɖevi ŋɔ yi eŋu vevie — ame si efuƒu agbe ko, éyi nam vevie. Gake dzi le etsotso ŋukeke o, nuɣlɔɣlɔ aɖeke le edzi o. Ŋusɔ wo frɛ mi — eƒe aɖabawo le construction site ɔ dome nye wófrɛ nyem be nudzadzra si wó nye ɖo le eŋu. Míenya nu o be nubɔbɔ aɖeke vɔ le edzi abe — ɣleti vɔ alo nu bubu aɖeke. Meɖekuku, frɛ ambulance mia, alo gblɔ miam dɔwɔwɔ si míele wo ŋu wɔ fifia — ame aɖeke nava kpe ɖe ŋumitɔwo, afɔ nyuie be míétɔ́ ŋlɔ eŋu."
92,"Meɖekuku, meɖi gbɔ nu siwo wòwò na nɔvi ketia. Ŋkɔe nye Kwame, ene le ƒe ewo bɔ ɖeka ɖeka eme, eye wòle zu aƒe le construction site ŋu fifi le Accra-Cape Coast ʋɔ dzɔdzɔe kpɔ Winneba si, gake nu ɖeka wui do edzi ne asi dzi. Kwame gblɔ be eyi nane asi ɔ dzi, gake etuu asi enu kakaka hã — nenye vevie hã o. Nyem nye Ofori. Meɖi su be mado gɔme be eɖi yi clinic à, alo mègata se ŋu dɔ na eŋu le ƒe o?"
93,"Meɖekuku, meɖi gbɔ nu siwo wòwɔ afisia Tumu. Ŋutɔ la, ɖekuku wò si Nii, ewu ƒu le agble ŋu — eɖo ƒu dzi eye eta ƒu ƒu ƒe ŋgɔ dzi. Eɖo edzi la ŋu, etsɔ edzi ele abe ame si le ŋu ene, eye etia gbe vevie — gake le ɖo ŋgɔ la, ɣlɔ kpe aɖe le esia, eye eyi nam le ɖo la nyeme. Nyem nye Ibrahim — mele ŋɔ si tso esia ko, meva kpɔ eŋu gake manu nu kume la. Miaɖoe bena xexeame mevɔ o, gake miadi be ame aɖe agbɔ mia be míawɔ nɛ akple ŋgɔ."
94,"Allo, yɔŋ nyem nye Sulemana. Mefrɛ aɖe woŋlɔ ŋu ame ɖeka si le ŋutame, srɔ̃ ɖeka si wɔɖoa Baffour. Akɔ kpe ɖe eŋu accident ɖeka Asokwa, gbɔ ɖe afé si míe do ŋu ɖaŋ. Gake esi wodo eƒe ƒe, etsɔ asi ŋku ƒe eƒe ɖevi ŋɔ kple eƒe dzidzi anyienye ŋɔ. Woanɔ tɔtrɔtɔ ŋɔ ŋɔŋlɔ o — dzi le etsotso o, nudzadza bubu ŋdi o — gake eyi eŋu abɔ kple eƒe ŋkɔŋkɔ ŋɔ. Srɔ̃ wò nye, nenye fia abe woɖo agbe nyuie aɖe ene."
95,"Allo! Ŋkɔnyé nye Akua. Mefrɛ wò afi nyɔnu ɖevi aɖe ƒe nu vɔ̃ si wò le afisia. Ŋkɔ ne wò ɖe ɖevi sia nye Afia. Eƒe ƒe le ɣeyiɣi ewo ɖeka, gake eya nɔ esia kple esiaɖeka ɣeyiɣi. Tsi wó yi ezi ɖe etɔ̃, eɖo ɖo kple ta ƒe ƒuƒo dzi. Míenɔ Bolgatanga-Bawku ʋɔ dzi, ko Navrongo ƒe ɣlɔ̃. Gblẽ si wó gbẽ ɖe ezi eya hã nyo o — edzi le dzidzo la ƒe ŋɔ dzedzedze, le nu vɔ̃ hã. Eyi ŋuɖevi, eyi nam, ana yeyegbe le ame le, gake eɖo edzi fifia hã, le gblɔgblɔ hã. Meɖekuku, mia hia be ame ɖekaɖeka a va kpe ɖe ŋune vovovo. Djro nami srɔ̃!"
96,"Oshwiee, meɖi na mi adze nyawo. Nudzadzra ɖeka wɔ ɖe Tamale-Yendi ʋɔ dzi, ɖa Savelugu ƒe ɣeyiyi me. Ŋkɔnye enye Ibrahim. Mele ʋɔ dzi le gome la, mekpɔ ɖevi ɖekae, Agyeman, ewu ƒu ɖe eƒe bicycle dzi ʋɔ dzi. Eƒe afɔ yi eyi nam, gake ka wòɖo edzi nyuie — elesɛ ʋɔ ƒe ɣeyiyi aɖe la ŋu le enu wòtso na, eye wòtu afɔ la gede gede. Ame ɖeka le eŋu fifia la, gake maɖe mese mi ɖe eme abe maba ɖo ame aɖe nana kpɔ eɖe ene abe."
97,"Meɖekuku, meɖi ɖe nudzadzra siwo wòwɔ afisia Nalerigu. Ƒometɔ nye Vida — eya le zã le aɖabaƒe ŋutɔ ko, eye afɔ ŋɔ vɔ ƒe agbagba ɖeka wu eƒe afɔ, gake ewu ƒu, eye afɔ dzɔku vɔe didi. Afi sia, afɔ dzɔku la ɖo le efisi le sù sùm, eye mate ŋu ɖo afɔ eŋu o — gake eɖo edzi eye edzɔ vuvu nyuie. Nyem ne Elinam, meƒo eŋu afisia ɣeyiɣi sia. Meɖi se be menya be mado clinic abe o ameke aleke wòwɔnɛ le ƒe dzi abe."
98,"Meɖekuku, nudzadzra gãã ɖe le afisia, eye meɖi kpɔ ŋunye tso fifia. Ŋkɔnyé enye Memunatu, eye mekpɔ wò le ɖevi ŋutsu ɖeka wu dzi — ŋkɔe enye Nii Kwei. Ewu ƒu tsi tso Kete Krachi ʋɔ ŋutɔ, fɔli si le Dambai kpɔ. Elo tsi me, eye blibo kpe ɖe wotsɔ eɖa le tsi me la, eɖo edzi o kaka — egblẽ ame o dada. Ne miekpɔ eɖo la, eto ŋɔ kple ta nye vɔvɔ̃ kpem — ele abe nuse ɖe dzi be nuɖuɖu le eŋu ene. Ɖevi la nye ɖevi kakra kpem, nuti ɖeka eye elea xɔle bubu kpem fifia. Miele egbɔ dada. Meɖekuku, xlẽ ame dzo vaɖe afisia ko, elabena míenya se ƒe nɔnɔme si wòle eŋu la o."
99,"Meɖekuku, megblɔ nami nu siwo wɔa afim Oforikrom. Ŋkɔnyem enye Kwame, eye ɖevi ŋkɔ enye Appiah — eya nye kpɔɖeŋu ŋutɔ ɖevi. Ele construction site kpɔɖe afim dɔwɔwɔ me, eye nu ɖeka wui wui akpo ɛ ta dzi, eye ewui ƒu. Eɖo edzi, gake edzɔ vivitɔ caacaa, eye eɖo nɔ dzi gbɔgbɔ — ɖonye yi eyi nam teetee, eye míekpɔ eŋu dzo le ame eye míeyi nu siwo wɔ na ɛ. Míeɖi be ame ɖeka ni wa kpe ɖe ŋumíe, efɔ gbɔ, esi wɔwɔe sɔ ɣesiaɣi fiɛ o."
100,"Meɖekuku, nudzadzra gãkakã aɖe wɔ ɖe afe sia, eye meɖi kpɔ ŋunye enumake. Ŋkɔnyé nye Nii Laryea, eye mekɔ ŋu la, mele gblɔm ŋuti ametɔ aɖe si wɔ ŋkɔ Adjei. Adjei le zu le ʋɔ si le Takoradi kple Cape Coast ʋɔ dzi, xá Anomabo gɔme. Eve le kplɔ̃ wu ƒo ƒo le afe ɖeka ŋu, eye nuɖoɖo gã kpaka aɖe wui lo dzi le eƒe afɔ dzi — eye nya la gblɔ nyuie o, afɔ la ƒɔ ɖoɖo kakaka, eye dzi le etsotso dzo bebea. Míakpɔ bɔbɔe ɖi afɔ la dzi, le míadɔ nu le dzi tsotso ŋuɖoɖo me, gake eyi nam tɔtɔ, eye miade gblɔm bebea eƒe ŋuti. Meɖekuku, zã hame dɔ ŋu yi ʋɔ la ŋudɔ si le Anomabo xá dzi ɖo kpee, wɔ ka ka."
101,"Meɖekuku, meyi se nudzadzra siwo ɖe ame dzii. Nyeŋkeke nye Nii Armah, eye mefrɛ ŋu be mekɔ kpɔ doƒe si Abena le eme — nudzadzra wɔ eɖe Accra-Cape Coast ʋɔ dzi, ɖe Winneba ŋkeke. Akɔ ɖeka dzi trotro si Abena le eme, eye eɖo ta dzi chair si le eme ɣeyiɣi — ta ɖeka la. Ɖo eyi enam geɖe geɖe. Eɖo edzi eye egblɔ gɔme, gake miaɖi ƒo ŋu tso eŋu abe nuɖoɖo nɔe be ɖo la kpe. Miatsɔ eŋu fifia, eye miayi se ame awo ɖe eŋu agbɔ eɖo ŋu ɖe nyuienyuie."
102,"Meɖekuku, nudzadzra ɖe eve ŋu fifi yi egbe ɖe Bawku ʋɔ dzi, Zebilla kpɔŋɔ. Ɖevi nyɔnu deka, Araba, tipper truck ŋɔ ame eƒu eŋu gbã le ʋɔ te, gake Araba le ʋɔ teƒe le eƒu bena. Ewu ƒu eye eta ƒu ƒuƒlu dzi, gake eɖo edzi, ele eme na wɔ ble. Kpɔkpɔ bi le eƒu dzi, eye eyi nam ale ko ɖe eƒu ɖo teƒe. Nyeŋɔ Patience — mate ŋɔ ame si kpɔ nudzadzra sia wɔm. Meɖekuku, miaɖi ame deka aʋa aɖe na ɖevi si, elabena Araba nyɔnu ɖevi me, eye miaɖi aka o. Kpe ɖe ŋumiaa!"
103,"Meɖekuku, nudzadzra le Ho-Accra ʋɔ dzi, ɖe Adidome ŋkɔme. Nua, Nii Kwei, edo ƒu — mesea be eɖo akɔ dzi alo nutiwo dzi, eye eƒu asi eye ewu ƒu gã. Eta kple eɖo ŋɔ dzi woku wo, eye gake afi ke mayi aɖo eŋu, eɖo edzi, gake eɖo edzi o nyuie — egblɔgblɔ vevie, eye etsɔ asi de eɖo dzi, egblɔ be eyi nam vevie. Ɖevi ŋutsu enye, eƒe ƒe le asi deka bena wui blaeve eve alo etɔ̃ abe ne ɔ. Nyem enye Agyeman, mele eŋu wò. Meɖekuku, miadi kpɔ mia, abe mede asi ɖe eŋu wu nava vevie o, mate ŋu sisi eƒe dzidzime sia o."
104,"Meɖekuku, meyi ɖe accident siwo wɔ wɔe afisia Yendi Senior High School. Ŋkɔnya enye Issah, eye ame ɖeka le amesiaɖewo dome, ɣeyiɣi Dela, pragyia fo we ɖo Yendi Senior High School ŋkɔme ɔ, eƒe ʋɔ ŋkɔ la, gake eƒu agbe eye edzi ƒu dzi gede o. Ɖevi ŋutsu atã wɔe, eye eyi ŋu afɔ ŋunye. Miɖe ame aɖe kple we le afisia fifia, eye mide we abe aɖewo abe abe esi ate ŋu wɔ ewe fia."
105,"""Meɖekuku, nyeŋɔŋlɔ nye Appiah, mekɔ̃ fiafia le Winneba Senior High School. Ɖevi nyɔnu ɖeka hã, Naa Dedei, ewɔ ɣlɔɣlɔ le kpa si le dormitory block dzi, hena ewu ƒu, ewu ta ɖe kpa ŋkɔŋkɔ dzi. Eɖo edzi eye egblɔgblɔ fifia, gake ele ɖo tso ɖe asi eye egblɔ be eyi ɖo nam vɛvɛ to xɔxɔ. Ezɔ o kata gake meyra ɖe mia ŋu aƒe kpɔ ɖe nu si hena wɔ."""
106,"Meɖekuku, mefrɛ ŋu edzina esia le nudzadzra bubu aɖe si wɔ wɔe afi sia le Ho Senior High School. Ŋkɔnye enye Yakubu, menye ɖuɖua ŋutsu aɖe le suklu sia me. Ɖevivi woƒe suklu si wɔ nuɖuɖu, Elinam — nyɔnu srɔ̃ɔ̃ — le edzra ŋu le abɔtomegbe si le nuɖuɖu ƒe ago ŋutɔ la, eye suklu akɔ la tsi ʋɔ abe wogbugbɔ ene, eye eƒu ame ɖe ƒu. Eta ƒu dzi le anyigba tso edzi geɖe, eye eƒo ɖo la kpɔa abe eɣo ene. Edzi ƒu ame, la gake egbɔ nam o — mifrɛ ŋkɔe la, egbɔ o. Eye dzi le etsotso le eƒo ta dzi. Meɖekuku, mia di kpe ɖe woŋu mi ava siɖi siɖi — nyɔnu la enye srɔ̃ɔ̃, eye nudzadzra sia le dɔwɔwɔ bubu aɖe dzi geɖe. Kpe ambulance ɖe ŋumina vovovo!"
107,"""Meɖekuku, meƒle wò yeyewo de nyɔnu ɖevi aɖe si wò motor — okada — ɖe esi Accra, UPSA ƒe ʋɔ ŋgɔ ƒe gate gã ŋutɔ. Ŋkɔnyá nye Amoah, meɖo ŋɔli afisia, eye Yaa nye mí ŋɔŋɔnyawo ƒe ŋɔlisrɔ̃ ɖeka ame. Ewo gbɔ agbame le lecture megbe, ebe aɖu ʋɔ ƒu, gake okada rider ɖe asi eŋu — ewu ƒu ʋɔ dzi, eye ta xɔ ƒu ƒe anyigba dzi. Gake eɖo edzi eye etɔ wò. Ɖo le ekpekpe nu geɖe aɖe, eye ta dzi le adze aɖe kekeke, gake emegblẽ o tɔ̃ o."""
108,"Meɖekuku, meɖi gblɔ wo nuŋɔŋlɔ si wòwɔ afisia ɖe Cape Coast University — ame ɖeka le woŋu, Sulemana, aɖee wu ƒu ɖe swimming pool tso ŋutɔ ŋdi sia. Eyi wòyi ɖi xɔ nɛ kple ɣeyiɣi bubu ame geɖewo, gake etso ŋu ɖe dzeƒe ɖeka eye wotsɔ eɖo ɖe etsitsi vɔ ke. Kweku enyae woɖo asi le eŋu eye wòtsɔ e vɔ ɖe agbadzima, eye ɛ̃e nyeame kpe ɖe ŋunye abe mate ŋu wɔ nuŋɔŋlɔ sia ene. Sulemana eɖo edzi fifia, gake egblɔ be esi le eyi nam — hafi le nɛ ke wòtsɔ e le ame woŋu ɖo ɣi ŋutɔ ŋdi sia. Mele nu gãgã ŋu o, gake mide be ame aɖe na va kpɔ eŋu nu kokoɔ."
109,"""Allo! Nyeŋu nye Amankwah, meŋu student le Koforidua Technical University. Eɖeke, egbe le ŋgɔ dzidzidzi siwo wòwɔ le workshop la me, atike ame ɖeka le klass nyem, Emefa, eɖo grinding machine dzi, eye dɔwɔnu ɖeka ƒe ɣleti ƒom kpɔɔ eye ewu eɖe ta kpɔm. Eɖo edzi eye edzo ƒo ɖe nuwo dzi, gake ta ŋɔ le kpɔm dzi, eye elo be eɖo ŋɔ la nuŋlɔ, eye nuŋlɔ gede la ema. Ame mele edzi o, kpɔm ɖe ŋuye ame, woɖo o. Gake mie sɔ nukpɔkpɔ be kpɔm la loo, eye elo be ta le edzi yi, anyi yi, eye ele be enu kpɔm le edzi gbe gbe. Meɖekuku, kpe ambulance ɖe ŋumie!"""
110,"Meɖekuku, mekɔ wò fia Nii Armah ŋu — nudzadzra aɖe wu eɖe ŋdi sia T.I. Amass le Kumasi fia. Míele science lab dzi míe wɔ practical míeƒe abe ɖe Bunsen burner aɖe dzi la, eye tɔ gbɔ zoo akɔ asi ŋutsu la ŋu. Eya mate ŋu gblɔ be evɔ dada o — efɔ asi la ŋkɔŋlɔ la ɖeka, la dzidzim dɔ la ŋu, gake evi la bɔbɔ le eya dzi eye ŋutsu la gblɔ be eyi nam. Ŋkɔnyé nye Selorm — menye eƒe lab-mate, míele kɔ wò kpɔ be míawɔ aɖeke nane ƒo ake nami abe míe de eɖe clinic dzi."
111,"Meɖekuku, mefrɛ le Kumasi Academy. Ŋkɔnyé nye Wiredu. Nudzadzra ɖeka wɔ emeƒe break time me — ametɔ̃ɖeka de mia ɖeviwo ŋu le bicycle dzi ɖa egbe sports block ŋu, eye woyi dɔme ɖe ameɖeame ŋu wòɖi ɖe ɣeyiɣi le, eye Afia edo ƒu akɔklɔ aɖeke me, eye ebu ƒe asi dzi vovovovo. Edzɔ na eɖo edzi eye egblɔ gblɔ le ŋɔ, gake eƒe asi fɔ ŋutɔ eye toɖe le eme. Egblẽ be eyi nam toɖe le asi ŋu sɔ sɔ wòdi ɖe nu ɖe eme ɣeyiɣi. Miamɔ be ɣleti vɔ o, gake miedi be ame aɖe ava kpɔ eɖe akpe ɖem."
112,"Meɖekuku, nyeŋɔŋlɔ nye Issah, mefrɛ mi le Adisadel College afime ɖe Cape Coast. Alhassan le gbɔ le tefe le ɖevi ŋɔ, eƒu ɖe taxi dropping dzi le woyi akɔ aɖe gbɔ la, akɔ ɖeka wɔ taxi la ŋu kpɔ eƒe ŋɔ le school gate gbɔ — edu ɖe ƒu, gake ele nyuie, nyuie bubu. Eƒe afɔ le afɔ deke deke kpe la ne, abe scrape kple abɔ ɖeka le eŋu ene. Ele ƒo egbɔ le fifia, kple eŋu ɖo afɔ ene, nenye ɣleti vɔ o, mègbe se be nudzidzri aɖe le enu o. Gake miɖi be ame aɖe ni kpɔ eŋu nyuie, efoa eŋu le ɣeyiɣi aɖe — eʋom ʋu ɖe akɔ ɣe la tso eye ele vevie deke deke fifia."
113,"Meɖekuku, meɖi bɔ nudzadzra aɖe si wɔ ɖe afisia Tamale Senior High School. Nyeye Nii Kwei, aƒetɔ aɖe. Ame aɖe si le wɔwɔ nu le ɖu aƒe — Yaa — ele agbenyaga. Eya le ɖo be enɔ ƒu dining hall ŋu le gbã la, akɔ si de canteen nɔvi hã wɔ reverse abe gbedede o abe la, ehui eŋu dzi. Afɔ si le eŋu la kpɔ nyui o kpem — evio, eye dzi le etsotso dodo. Eɖo edzi la, gake eyi nam egbe egbe, eye aƒɔliwo le etotoɛ, eye mate ŋu fɔ afɔ la gbu o. Meɖekuku, kpe ɖe ŋumia dede, mia ƒe asiwo hã, esi ameame la le agbenyaga, eye afɔ si la le nyui nyui o. Frɛ ambulance mia ƒe, mia hiã kpɔ ŋumia vevie!"
114,"""Ŋkɔnyé nye Naa, mefrɛ ɖe Tamale Technical University. Ƒoƒo ce Abenaa — student wɔ fia — le car park si le engineering block ŋutɔ dzi xɔ gome le akɔ si nye campus bus la tso eƒe asi. Akɔ la dzu kpui ʋe eŋu gake edzi vɔ vɔ le edzigbam. Edo ƒu eye eta bui eŋu — ƒo si ka ta la dzi le dze, eye eƒo dɔm ɖo — gake eɖo edzi eye etɔm. Medi ba se be ehia mia du eya ɖe asiwo afe o ke, ka eya afe nyui wòanɔm se edze eŋu nyuie."""
115,"""Meɖekuku, mefrɛ ɖe mi hafi mekɔ nu siwo wòwɔ afisia Navrongo Senior High School. Ŋkɔnyé nye Abenaa, nye ŋutsu ƒe ɖoƒo aɖe. Ɛgbɔ school ƒe maintenance pickup le ɖoɖo le agbakɔ dzi do ƒo workshop ŋu, eye wòkpɔ PE ŋutsu ɖoƒoa aɖe, Fuseini, abe ame si le ɖoɖo la ene. Eɖo edzi — xexe o, gake afɔ ɖe eyi nam kaka, eye ameŋuɖeɖe aɖe le ɖe eƒe afɔ la dzi. Ele ɖo fifia la, gake médi ame aɖe va kpɔ noeƒe, efiafia Fuseini ɖe eyi la dzidzia o."""
116,"""Ŋkɔnyé nye Kwabena, meyi sukuu Opoku Ware School le Kumasi. Egbe ŋdi sia, miɖo home economics practical dzi, eye ɖevi ɖeka le klass ŋunye — Baffour — wòzɔ ƒo afɔ ɖe ɣ̃ame ɖe nɔɖi si wòɖo fii ŋutɔ le tso yeyeyeye — eye ablɔ sia xɔ veve ɖe wò ŋu, eye dzi tso wò abɔ ƒu. Asi si wòva egbe o dɔ o — agble ɖeka kukɔ le ele, nye dze wòle kɔ, eye wò ta ɖɔ na kɔ kɔ kɔ kɔ, gake mienya nane wòle dɔ nam. Ɖuɖɔla lɔ trɔ nam be mawɔ nusiwo maɖɔ na mi ko."""
117,"""Ŋkɔnyé enye Alhassan. Mekɔ wo ɖe nudzadzra bubu dzi — ɖevi afɔliƒe ŋutsu aɖe ɖe Nii ŋkɔ wɔa, akɔ dom eƒe ta ɖa Achimota Senior High School ŋutɔ afɔ ŋgɔ la si le Accra. Ebe ŋutɔ wòle aka ɖa ɣeyiɣi megbe school megbe akɔ aɖe dom egbe tegbee — eƒe ta doo ƒu ɣeyiɣi dzi wu, eye ebe eɖo edzi o ɣesiaɣi aɖe. Eƒe ɖo la hã esia nyo o, mile dzrɔ̃ egbe, medzea ŋutɔ nuxlɔ o. Wobla nu tegbee. Meɖekuku, kpe ɖe ŋuɖevi la — eɖi kpɔ ŋunye kaba kaba!"""
118,"""Ŋkɔnyem enye Naa Shormeh, meƒo wɔ telefon sia afi si neva kpɔ Naa Akorkor, ameƒonye, si wò accident wò afi Bolgatanga Senior High School. Eɖo le stairs dzi la — eɖo le dormitory ŋɔ si le etame la ƒe stairs dzi — eye edzi bena ewu ʋɔ ɖeka yi ewu ƒu, eye ewu ƒu ku ŋutɔ le eɣe dzimame kple eɣe megbe ŋu. Eɖo edzi eye etse ŋu gbɔ, gake egblɔ bena eyi nam wu dukɔ le eɣe ɖevi kpɔkpɔ ŋɔ gbɔ, eye egate ŋu ƒu agbe le teƒe wo nyuie o. Mekpea ame ŋu na eya bena eɖo megbe dzi ŋutsu ɣeyiɣi, gake mede ŋudze o bena mɔ eya wu, elabena neke ma tsi eɣe ŋɔ ko la, eya ʋɔ ta."""
119,"Meɖekuku, mefɔ ɖevi ŋunye afi a le Mfantsipim School fɔ̃ le Cape Coast — ŋkɔnyé nye Mensah, menyé house prefect. Ɣlɔ̃viwo geɖe le dorm ɔ̃ me wo ɖu ŋuti nuto, woƒe ta gblɔ̃ vɔ̃ kakaka. Nii Kwei wɔe wodui dzetɔ, abe ablɔ kakaka aɖeke, ewɔ eƒe abɔ kple eƒe ɣleti kpɔkpɔ ɖem ɖe ŋu. Eɖo edzi la, gake elo ɖo ƒu abe ame si nu eyi nam la ene, eye be ame aɖe ɖe asi ɖe eƒe akpɔkpɔ la ŋu ko, esi vɔ kaba. Mieɖi nyanya be ɣleti vɔ le eŋu alo cɔ, gake xexeme kpɔe, emegbɔna nusiwo miegblɔe o ko ɖeɖe."
120,"Meɖekuku, mele kɔŋ la me em le KNUST campus le Kumasi — ŋkɔnyé nye Owusu, mele hall football team ŋu. Mia le training le ŋdi, eye Kwabena yia ɣa ŋkeke le tackle ŋu, eye edo ƒu nyuie o le afɔ kɔŋ dzi. Afɔ kɔŋ la gbɔ vɔvɔ geɖe la fifia, eye mate ŋu ɖe afɔ le fo ŋu o. Ele dze le ƒuƒo la ŋkɔme, mia trɔ yi eye mia tsɔe fiafia le ƒuƒo ŋkɔme la dzi. Ɣleti ƒo o ka la, gake gbɔ la le yiyi le dada dada — eye Kwabena be eyi nam nyuie. Meɖekuku, ame aɖe ate ŋu aɖu be ana kpɔ eŋu nyuie à?"
121,"Meɖekuku, nudzadzra aɖe wɔ le ŋgɔyi feme Wesley Girls fe dormitory me eye meɖi la wɔm adze hã. Nyeŋu dzɔ Dzifa, mele ƒe ɖeka me. Ɖevinyɔwo eve le ŋgɔyi hoŋko gbo — wotsɔ nudzadzra ɖa ta le ŋutsu aɖe dzɔ Mfantsipim si woɖowo aɖewo, eye nuti wɔ nudodo le corridor me. Nyɔnu si kpɔ aɖe tsɔ waterbottle wɔ Efua ta dome, eye Efua edo ƒu agbɔ fom. Eɖo edzi fifia, gake eƒe ɖo le gbagbã eye ele gblɔm be eƒe ta yi ŋunye ɖe etɔ̃ame. Woɖe nyɔnu si wɔa nudzadzra la le ŋgɔyi, gake Efua nɔ nyuie o — mele ŋugbe be ame aɖe na va kpɔ e."
122,"Meɖekuku, nudzadzra gãtɔ aɖe wɔ ɖe Prempeh College afɔ fia Kumasi — nyem Asante, student. Ŋutsu aɖe si woɖe Kojo nye, eya gbɔ̃ ɖe ɖevi ŋɔ agbeve gbãa le zã gã si akɔ dzɔdzɔ wò to, be eya ade agbeme ƒu, gake ewu ƒu srõ le afɔ dzi hã. Afɔ la tia ɖe ŋkeke si mele mɔ o, eye eda gbe kpukpu, na emate ŋu si afɔ la o abe ɖe ɖeka o. Dzi le enu hã kakaa. Midzã ɖe mieɖe asi le eŋu gake afɔ la ɖa ŋku srõ — enyo be ɣleti vɔ ɖe eŋu. Meɖekuku, ame aɖe nava fiafia afɔ sia."
123,"Meɖekuku, meɖi na woƒe nuto si wòwɔ afisia University of Ghana, Legon, hall ɖeka dome. Nyeŋutsu ŋkɔ nye Nii Armah, meŋu final year student. Ɖeviwo bubu si le senior le eŋu wòle Ibrahim — fresher ɖeka — initiation wɔm, eye nudzadzra gã aɖe wòa. Wòda eƒe abɔ kple eƒe ɖevi ŋɔ dzi le gbegbe gbegbe, eye fifia de ŋgɔ la, eƒo asi ɖe eme eye mate ŋu ŋlɔ ŋutɔ ŋutɔ o. Ele gblɔm be eyi nam gbe sia gbe si eɖi ƒu agbe. Megblɔ ɖe eŋu eye mekpɔ woƒe nudzadzra la, gake ɖevi sia le akpɔkplɔ ŋu dzi. Nudzadzra aɖe le wòme gake mese ɖe agbe o. Meɖi kpɔ ŋunye — ablɔe ambulance na wo."
124,"""Meɖekuku, ƒometɔ nyem Serwa ewu ƒu afi sia Ashesi University yome mia dzɔme. Eƒu ɖo le ŋɔ la me, eye ta ŋɔ gbɔ vɔ akɔxɔ kpom bliŋ abe esi ewu ƒu la ene. Fifia la, eɖo edzi gake ebu edzi o dede, eye ɖo yi eyi nam. Ele exam dzidzi ƒe gɔme, ago eve la me, mate ŋu ɖu nuti, mate ŋu ƒu dzo wuiee — meɖi be woaɖe nyem nye ŋu si ava dom. Ta la ŋɔ vɔ la ŋutsu ŋutsu, dzi le etsotso gake kaba. Nyem nye Nhyira, mele ƒometɔe nye — meɖekuku, wòanɔ ava kpɔ etɔ nyem?"""
125,"Meɖekuku, mefrɛ le GSTS me afi Takoradi — ŋkɔnyem enye Fuseini. Egbe ŋdi sia, catering practical me, Selorm tsɔ akɔkɔ si le dzi gbogbo ɖe asi, abe xê le akɔ ƒu eye eƒo ƒo asi ƒo agbalẽ dzi. Eƒe ɣlɔ̃ le egbe dzi le blistering vɛ̃ vɛ̃ eye eyi nam nyuitɔ, ele ŋgɔ ŋu — gake eɖo edzi eye ele nya ɖo. Ameɖeɖe ɖe egba lé ŋutɔ eye eɖɔ nam be manakpe ŋutɔ. Meɖekuku, midzɔ be miaɖe nua siwo woawɔ n'etsɔ egbɔ ŋu sɔgbe kple clinic ɖe eŋuti."
