id,narrative_dagbani
0,"N daa, m bia Kwame k…õ accident kuu o hin ka Damongo bi, tia yi y…õla. O b…õ Ny…õŇč ti lahi maa market pam, ka pragyia bu…£a o, ka o gbini. O tiŇč y…õligu o daa, ka ti bia ny…õ za…£li ayi la o tiŇč zu…£u, ama o r…õ tiŇč ti lahi bihi, doli ka ti gba y…õ o tiŇč kp…õhim. N y…õligu din b…õ n yuli Baffour, ka m bori wunt…Ē yini u ti n y…õl maa n naŇč n m…Ē o Ňčmani din m ni m…Ē tia."
1,"N daa, n b…õ y…õ ni n y…õl' koo din m…õ…£im Ňčan kaa Tamale central. N nima bi…õla, Kwame, o b…õ trotro pam, ka ka…£a doo na o palli n daa z…ĒŇč ‚ÄĒ ka daa s…Ē…£im paai, ti paa Alla, ama o gbini ka o Ňčun ni o nuu m…Ē…£irim buni daa k…õ karam. O gb…õya bi…õla ‚ÄĒ din daa b…õ ay…Ēbu ni aw…õi zogum. Dela n yuli ‚ÄĒ maa din b…õ bie koom. Bia nina ka daa ch…õŇč b…Ē…£isi, o ny…õ o maa y…õla daa, ama o y…õra ko o nuu m…Ē…£irim ka y…õligu o tooi."
2,"Allo! N daa, s…ĒŇč maa! Nua maa ‚ÄĒ Mensah ‚ÄĒ aboboyaa daa Ňčm…õ o k…ĒŇč Takoradi market k…ĒŇč, ka o bii daa y…õ. O gbini ka y…õligu daa, ka o Ňčun ni o koliŇč k…ĒŇč daa y…õligu pa…£. O ti soli baa ‚ÄĒ o ny…õ o maa y…õla, o guri za…£a ‚ÄĒ ama o za…£ari ka o Ňčun nohili ka y…õligu daa ka ka o wari ka o maa ti kp…õli. N yuli ni Nhyira, n k…ĒŇč o taba. N b…õ y…õ ni yi fr…õ ambulance maa, ka Ňčun b…Ē…£ili k…ĒŇč ‚ÄĒ n pu Ňčmani bee ti ni d'aa ny…Ē…£i o ka o tibu bi zani. Yi kpe ka yi s…ĒŇč ti!"
3,"N daa, k…Ē…£im pa…£a gb…õŇč ka bee ti Ňčan ka din Axim. N niŇčdoo bi…õla, Issah, ka…£a daa o nyu ny…õŇč zu…£u ka ku bee yili v…Ē…£im, ka ba na o kpeŇč Ňčan ka, ama bi…õla ny…õ daa ka ku m…ĒŇč. O tiŇč y…õligu pa…£a ‚ÄĒ o tiŇč t…Ē…£i la kp…õŇč, ka ziim bee o pa…£a pa…£a, ti guli daa. N t…Ē…£i la Mawuli, n n…ĒŇč Ňčan ka niŇč, ka o ma ni o ba bee Ňčan ka daa, ama ba nan ny…õ ba m…ĒŇč di Ňčani ba niŇč. N daa, ti bori s…ĒŇč ka bi wa s…Ē…£im, bala ka bi…õla ka o ka bi…õla daa, ka y…õligu bee o pa…£a pa…£a."
4,"N daa, m b…õ y…õ ni m goli accident din kul Kumasi-Tamale ny…õŇč kara, Ejura si…£ibu. N y…Ēri Naa Dedei, ka m b…õ y…õ ni m goli y…Ē…£u din kul bia bi…õla din din y…Ēri Nii ‚ÄĒ o accident kul o ny…õŇč zu…£u, ka ka di k…õ di sim. Ka…£a gbaai o t…Ē…£a, ka o y…õligu ka y…õligu n paai ‚ÄĒ o digindi ni o pam, doli o y…õligu paai o b…ĒŇč. Amaa o ti soli k…õ ‚ÄĒ o m…Ē…£…Ē kaa ni o nyu…£u ni Ňčmanzi. O ti di kpam, amaa o b…õ tooi tooi ka y…õligu. N daa, yoli yinli kpam ma ‚ÄĒ o bori la s…ĒŇč ka di ny…õ so bi…õla. Dimi su…£ulo, yi yi ma kpe s…ĒŇč o."
5,"N daa, ka y…õligu daa na…£i ka n bori s…ĒŇč ka ziŇčli. M y…õligu Appiah, ka n fr…õ n y…õl…£i ka o bee nindaan o y…õligu Abena. O bee ka Kete Krachi ny…õŇč da…£ili bee Dambai ‚ÄĒ o bee ka o daa s…ĒŇč o tooi suhudiri doo ka o daa zaa na…£i ka o ny…õ ka y…õligu ka o digindi ni pam bee o ka o z…õlim. Ka y…õligu bee o ka o ti tol ka o ti tol soli daa. Ka o y…õligu daa ny…õ o ka o maa ti wuhiri y…õligu. N daa, yi fr…õ o s…ĒŇč ka yi wa ka ziŇčli b…Ēri ka o nindaan ni ka y…õligu wuhibi…£ili ‚ÄĒ ti ny…õ ti ti tol soli n dee ni."
6,"Allo, n daa. N pio Hamza, pragyia d…Ē…£ o gb…õ wula ni Salaga …£aa. Maa m ny…õ Yakubu, m fr…õ ka o ch…õŇč, bala ka o b…õ ch…Ē y…õ ni Ňč…Ē. Ka…£a bi…õla d…Ē…£ o tiŇč bo daa, ka o gbini, ama o z…Ēri o mani, o ti kp…õŇč o y…õla ‚ÄĒ o be ni naa, ka a y…õligu gba gba daa. Ka o digindi y…õligu o daa tooi, ka kpaŇč bi…õla b…õ o Ňč…Ē…Ē, ama o nuu ni o tiŇč ti kp…õ na…£im daa ‚ÄĒ o ti soli ka y…õligu be o digindi tooi. N bori la mi …Ē…Ē, tuma ka a doo be pam bee o, wala ka ti tooi ka ti di o ny…õla yili. N daa, s…ĒŇč maa b…õ y…õ o pam."
7,"N daa, y…õla gbana k…ĒŇč ti y…õ ka yi ni s…ĒŇč maa tuma. N yi y…õla Agyeman, ka m b…õ y…õligu Owusu y…õla ‚ÄĒ ka…£a gbini o ny…õŇč so ka kp…õŇč. Bi bia ka y…õla ni n maa daa. O tiŇč y…õligu daa, o tiŇč kpari tuu, ka ziim bee o daa pa…£a. O tiŇč bori o tooi kp…õŇč waa ni lahi, ka y…õligu ka o niŇč daa. O b…õ ny…õ f…ĒŇč, o gba tuma zuu so. N daa, yi fr…õ ambulance yi ka bi bi, n b…õ y…õ ni y…õla ni kpari bi…õla."
8,"N daa, m fr…õ ka n kp…õ wuhiri din z…ĒŇč n boro Kwabena ka, n√≠ wuhibi…õli Yendi. O b…õ o tuma doo o yili ‚ÄĒ o b…õ kp…õŇč kuli zu…£u, m y…õl a din o b…õ kori naa ‚ÄĒ ka kuli bi…õla gbini ka kpa o zu…£u dabi…õli. Appiah la n y…Ē…£u, maa la m fr…õ. O y…õl a ka y…õligu daa t…Ēri, di bi…õla p…õ…õ ‚ÄĒ kp…õŇč bi…õla p…õ…õ ‚ÄĒ amma ziim bi…õla bee o, n ti m goli ka n ny…õ ka o ny…õ ziŇč."
9,"N daa, kuli bee maa ka pa…£a bi…õla la b'a yiri Felicia, o ny…õ y…õligu daa k…Ē Kumasi-Cape Coast ny…õŇč poŇč, Mankessim sa…£im. Niba kpembu doli o, ka b'a nyu o pa…£aa, ka o nuu ny…õ y…õligu daa toŇč toŇč ‚ÄĒ o daŇč soli o nuu tuma kuli, ka o nuu gboli, ka o kul…Ē…£u ka a ka nye s…ĒŇčsim. N yiri Boateng, m b…õ zi ka…£a la yi ny…õŇč poŇč ka n ny…õ o ny…õŇč doli, n gbini, o b…õ y…õri ka niba kuli daŇč s…ĒŇč o. N daa, Ňč…Ē…Ē, yi tuma niba la ka b'a di z…ĒŇč ka bi wa s…ĒŇč o, barka, bimba la o ziim …£eya pa…£a daa toŇč toŇč, ka o ny…õ ni o daa ti zaba."
10,"N yuli Asare. N fr…õ ka n y…õl'…õ …£uribu bi wuhigu din gbinni bi…õla k…ĒŇč, o yuli Elinam. O daa ka jollof din Adenta, o yili k…ĒŇč doo ‚ÄĒ kpotopoto din b…õ pot' k…ĒŇč daa, o ku…£a gbiri ta…£a, ka nyiŇč daa n…õm ka yi mali, ka bugum mini nii ta…£ili o nuu k…ĒŇč, o g…ĒliŇč bee. Ka doo, o nuu Ňčgbani n…õm z…ĒŇč, ka b…Ē…£isi bee ŇčgbahiŇč o nuu zu…£u, ka y…õligu bee o pa…£a. O ti wuhi ka o gbari, a' ka kaa soli, n'ka y…õli ka y…õligu bee o chaŇč ka chaŇč ka pa…£im. Ti bori n ni ti b…õ y…õl'…õ din ti ma malli di kp…õŇč o maŇč doo, ka Ňčman."
11,"Allo, N daa. M bi…õla Kojo o gbini y…õsiti bine, o daa be kpaŇč carpenter yili ka o goli b…õ ka wuhigu o nuu. KpaŇč din gbini o nuu ka kp…õhi o su…£ulo, ziim bee o nuu la, ama o nuu kpa…£a ka o t…Ēhigu la daa n-niŇč. Mali y…õla maa ‚ÄĒ m yuli di Kwasi, m di o baaba. Ti lahi ti zuli o nuu su…£ulo ka ti gbani taba o nuu zu…£u, ama m b…Ēri n za…£i ama bi…õŇč k'a niŇč nindaŇč ni ‚ÄĒ o t…ĒŇč bia la, ka m b…Ēhi sabi bii ti bora n kpe o n-niŇč do waa, kaa n-niŇč n pahi la naa. N daa, s…ĒŇč maa n gba y…õla maa n niŇč."
12,"N daa, ka y…õli ti kpa…£a pam Cape Coast-Elmina ny…õŇč zu…£u. Bia bim…Ē…£u, Appiah, ka…£a gb…õ o, ka o ny…õ  í…õŇč y…õligu pam. O tiŇč ‚ÄĒ m gori m tiŇč bee o nuu ‚ÄĒ ka y…õligu daa, b…Ē…£ili o, ka ziim …£eya pam o zu…£u. M yuli la Maame, m b…õ Ňčm…õŇčdi ny…õŇč z…Ē…£u ka m nya o gbini ny…õŇč nisiŇč, ka nima ch…õ pam ka o ni, ama b…õ gb…õ baa y…õ o s…ĒŇč. N daa, yi tili s…ĒŇč ka naalim mali, bia bori s…ĒŇč zaŇč zaŇč dana."
13,"N daa, n b…õ y…õ ni n diri sh…õli ny…õ ka o k…ĒŇč Dambai. N tariga bi…õla, Fatima, OA taksi gbuni o ny…õŇč zu…£u ‚ÄĒ accident a y…õ doo doo, ama bi…õl…£a o y…õligu. Maa ny…õligu din n fr…õ ‚ÄĒ n y…õligu la Edem. O tiŇč zu…£u k…Ēri bee o, ani o tiŇč fu…£iri kpabi, ama o daa daa diri la…£im, ka ti ny…õ ka a y…õra ka o y…õligu wuhiri paai. Ti gb…Ē n daa ka d…Ē…£ite ny…õ o yeli o zu…£u bi…õŇč."
14,"M y…õla Mawuli, n fr…õ ka n y…õl …Ē ni p…Ē…£u bi…õla yini, Sena, o ny…õ y…õligu ka o be tuma la. O be Ňčmee tuma ny…õŇč daa ni, Kumasi-Sunyani ny…õŇč Ňča, sa…£im Techiman, ka kp…õm din bee o nuu ‚ÄĒ n gbila n y…õl …Ē ni o nuu ta…£im Ňča be d…Ē…£im, ka o nuu yi…£i, ka o be Ňčmani o nuu n kp…õŇč Ňčun, ama o maa soli, o be y…õla. O ny…õ bi zo o nii, ama ka y…õligu o, ka o bori d…Ē…£ite ka n na o gba. N daa, Ňčun yini ti b…Ē ti yi o s…ĒŇč."
15,"Allo, m yuli ny…õ Kofi. N b…õ bori y…õl n deem wuhigu din na…£a m manba Asare ni y…õligu m di…£im k…Ēlim Cape Coast. Bi…õsi nima b…õ ni nalibu, ka b…õ dinsi soli o ni, ka o yini doo dii o zu…£u. O zu…£u gb…õŇč bi…õla b…õ, ka o kp…õŇčkp…õŇč y…õligu bi…õla, ama o ti li soli ‚ÄĒ o ny…õ y…õla, o b…õ gbiri. Ka din y…õligu ka daa ti bili-bili, ama n nima b…õ so ka si…£um doo ny…õ."
16,"N daa, m b…õ y…õ ni fr…õ y…õ ka m y…õl y…õ n…õ b…õ ka o kp…õma y…Ē…£u, Kwabena, o ny…õ be Cape Coast-Elmina ny…õŇč zu…£u. Ziim bee o ny…õ ka‚ÄĒ naa, n y…õl din, ka zaŇč y…õligu nuu zu…£u. Za…£a k…Ēbu y…õla kana o Ňč…Ē ‚ÄĒ kaa gbali daa, am…õ o nuu zulini ka o b…õri kaŇč. Ka y…õligu bee o. N ny…õ Ofori ‚ÄĒ n bee ny…õŇč zu…£u ka m ny…õ a zaŇč n zani ka m yi…£i s…ĒŇč o. O ny…õ kp…õma ka m b…õ y…õ ni ka y…õ ni, am…õ o ny…õ pam soli, o y…õli ka o ny…õ. Y…õ bori la y…õ zaa ka d…Ē…£ite nni yini ka o ny…õ o niŇč Ňčma…£a."
17,"N daa, di pu…£u y…õndi, m b…õ y…õ ni n di s…ĒŇč maa. Ny…õla bi…õla tiŇč, m bi…õla Naa Akorkor, o k…Ē…£i nyiyili ka timili gbuni o zu…£u ka o bee ka o y…õligu ti din. Ka o nuu bee ka ziim y…õligu o nuu ni zaŇč, o ji…õri gb…õya o zu…£u. O maa kuli zaa o Ňč…Ē, amaa o kuli din pam, o b…õ yeli yela. N daa, m yuli di Fatima, n bori la b…õ din m b…õ kp…õ ni m tuma m bi…õla ni ny…õla yili ni ba ti kp…õ."
18,"Allo, N daa. Di n yi b…Ēri y…õsim. N bia s…ĒŇč maa. N s…Ē…£im Selorm gbini yinli-k…Ēbga w…Ē…£ibu, ka n yi zuu ka ti di y…õla sh…õli ka gbini tiŇč kpaŇč pam ny…õrim. Ka o ti g…õŇč k…Ēbga sh…õli ka o tiŇč p…õ ka o kp…õŇč tiba z…ĒŇč. N yuli Ama, ka maa n s…Ē…£im ba…£im. O y…õli k'o digindi ni o pam ka y…õligu o kuli bi…õla, ama o daa tuma o dee kuli, o daa tuma zibu, ka mi ny…õ o ny…õ y…õla fili. Ka o ny…õ ni ka a ny…õ bi…õla. Ka n b…Ēri la y…õsim, ti din s…ĒŇč o ka ti pa…£im ka ti ti o hospital, kana n ti di malli n di ni?"
19,"N daa, ka y…õla pa…£i Bantama ka ch…õŇč bi zaŇč. N nabi…õla bi…õla, Issah ‚ÄĒ o ny…õ dii n'daa ny…õŇč dii yiri si, ka kukuo nam b…õ zim ka o y…õ k…ĒŇč ka o digindi ni o pam zaa y…õligu. Ka y…õla o ny…õ kp…õ…õ aa, kana o nu…£u p…Ē…£im daa ni o y…õligu ka o t…Ē…£im. O Ňč…Ē ni o ni y…õli y…õligu. Kweku b…õ ka yi, maa ny…õ o din pa…£i. N b…õ y…õ ni Ňčun do di ka b…Ēri o ‚ÄĒ ka ti y…õldi aa ka y…õla bori ny…õla wala daa."
20,"N daa, something kuli ny…õ Bolgatanga-Bawku ny…õŇč zu, Navrongo baŇč. Saannaayili din bi, din ny…õ Kweku, o ny…õ passenger ka…£a din bi dropping taxi, ka tipper truck n…ĒŇč bee din, m n z…ĒŇč pelma b…õ o ny…õ…õ ka o ny…õ soli ti, amba ti gari ka ti kpiŇč palli, o ny…õ ch…õŇč ka y…õli o Ňčun be y…õli. O ny…õ o maa ni y…õla doo, amba o Ňč…Ēbi n be do…£im, ka ziim bi…õla bee o Ňčun zu. M y…õligu Adwoa, n ny…õ nima din ti zaŇč n s…ĒŇč o. N daa, s…ĒŇč maa, yi fr…õ d…Ē…£ite la o din kpiŇč palli, ti n z…ĒŇč wula a y…õligu nila."
21,"N daa, n b…õ y…õ ni n wilim din kuli gbini ka din to bia din be n ye Ho dindaan palli. O yu…£u be Kpodo, ka o b…õ tuma ‚ÄĒ n ny…õ ka o b…õ s…ĒŇč nuu yibu ka tuma baŇčŇča ‚ÄĒ ka din gbini ka y…õligu o nuu. N yu…£u be Fatima, maa n fr…õ Ňčuno; n b…õ be o daba di y…õli ka din kp…õ. Bia nuu bee pam bi…õla, ama o Ňčani o Ňčani naa be o ni, ka n ny…õ ka o y…õla ni palli. Ama d…Ē…£ite ka yi mali gb…õri pa…£a ka naa mali o di ny…õ, baro ka o bi…õla nuu n bori ka yi ny…õ din o Ňčani."
22,"N daa, b…õ k…ĒŇč y…õl…£u Cape Coast-Elmina ny…õŇč k…ĒliŇč, ka n b…Ēri n wiligi. M poga Adwoa b…õ trotro k…ĒŇč waa, ka ka…£a dang gbani o guu ‚ÄĒ ka…£a noya biza…£a, ka o k…ĒŇč pa wura o. O Ňčun gbini, ka ziim bee o Ňčun guu, ka o ny…õ o z…Ēhi n‚ÄĎy…õligu o daa bi…õŇč ‚ÄĒ ka o ny…õ gbiŇč tuma ka o kuli dagbana. Din maa ny…õ Selorm, n bee o ny…õŇč nuti Ňčmee. Yi s…ĒŇč yi k…ĒŇč yam mali maa, bala ziim k…õ n taa, n taa zani ma."
23,"N daa, y…õla k…Ēhim paai n'ban z…ĒŇč ka ny…õ Tamale k…Ē…£ili yilinli. M pio Boateng, ka…£a gbini o o b…Ēri yili maŇč, ka ban k…Ēni o za Ňč…Ē, amma o tiŇč t…Ē…£i paai ‚ÄĒ o tiŇč lahi kpahim ka ziim bee o paai ti ban kp…õni. O bi bia, o zaa sim ay…õi m…Ēl…£u, ka o yi…£i ka o noŇč noŇč, ti mali zoli o y…õla. M yuli Hamza, maa y…õm di…£a y…õm, n daa s…ĒŇč maa ti k…Ē Ňč…Ē nyaŇčnyaŇč, bala tima ti ny…õ y…õla ti sa di o."
24,"N daa, ka y…õligu pa…£iŇč daa naa ka ti b…õ Asokwa, Kumasi ‚ÄĒ nindaan o ny…õ Owusu, o kuli k…Ēbu din ka ti su…£iri o daa. O yi…£i bee o, ama ka yi…£igu ka gba gbibim, ka gbaŇč pa…£iŇč. O Ňčun ni o nyuŇč, o ny…õ ka o kum daa, ka ka ny…õ ka y…õla bee din ka gbaŇč doo o pam. M ny…õ Kwame, m ny…õ o yusili, ka ni maa di nuu n su…£i o k…Ēbu din p…Ē…£im, ama o ka b…Ēri y…õli-y…õli. N daa, ti bori s…ĒŇč ka yi yi zaa wa ka ti b…õ Ňča, ka sigiri, bala din nindaan Ňča o y…õla ka gbaŇč pa…£iŇč."
25,"M yuli di Issah, m fr…õ sh…õli accident din kul k…Ē ka o daa Suhum. P…Ēy…ĒŇč kp…õma, Adwoa, o daa ny…õŇč zoli n diri ka trotro daa o ch…õ…£im ka o gbini. O y…õla ka daa y…õligu pa…£im, ama o tiŇč y…õligu ‚ÄĒ o y…õli k'a y…õligu daa, ka saha bi…õla bee o tiŇč bee. O tiŇč bee pam bi…õla ka o tol laa pam bi…õla, ama o bori la nindaan a wa maŇč o y…õla s…Ēlim."
26,"N daa, ka y…õligu kura daa ti di…£im ka di taa Techiman ka. N bi…õla doo bi…õla, Abenaa, ka…£a daa guri o gb…ĒŇč ny…õŇč gb…ĒŇč ka o gbini ka o kp…õŇč za…£a ‚ÄĒ ka diŇč daa ti ka o tiŇč gb…Ēli mi, ka maa tiŇč polo daa polo waa dee ka o maa po tiŇč ku soli, ka ziim bee o za…£a. Ramatu b…õ ka maa do ka ti bee y…õla o s…ĒŇč, Ňčun di bia ny…õ ka o maa ny…õ ka o ti soli za…£a. N daa, fr…õ s…ĒŇč ch…õ ka ti ti ny…õla yili ‚ÄĒ bia ni bori la ny…õla yili ch…õ ka!"
27,"N daa, n pu…£u-nindaan ny…õ y…õla be ka Adum, Kumasi. Kwabena gbini k…ĒŇč y…õlim bi ‚ÄĒ o kp…õŇč doŇč k…Ēnk…ĒŇč ti o Ňčun gbaŇč zu…£u. O ti Nindaan daa, n'a daa ti bori la t…Ē…£im. O kpogisi tiŇč bee ka y…õligu, ti o kaa Ňčmani o la zi…£im. N yuli Abenaa, m t…Ē…£im-pag yela o. Ka saha ka, o pam y…õla, naa gb…õya o y…õli ka o Ňčun y…õligu ka y…õlit…Ē…£im. O Ňčun y…õligu ka ka daa, na…£im o ka o kpaa…£im. Ti bori Ňčun o zaŇč o d…Ē…£ite s…ĒŇč ti, domin o kaa ti pam ni o bori zuu ku daa."
28,"M yuli di Ofori. M fr…õ yi la ka m y…õl niŇč b…õ o kpiŇč la N1 highway zu…£u, Kasoa kp…õŇč. Kp…õma bi, o yuli di Yaw ‚ÄĒ o gbini ny…õŇč daŇč ‚ÄĒ m gb…õya o kp…õŇč doo zu…£u. O tiŇč y…õligu daa to…Ē, ny…õ o nuu bee o kpiŇč. O tuma mi be, Ňčun kaa n-ny…õ to…Ē, Ňčun kaa n-ny…õ to…Ē, Ňčun kaa n-ny…õ to…Ē... O zee mi nag soli, Ňčun kaa, amaa ka y…õligu bee o to…Ē, ka o taa kp…õŇč o maa y…õla. O n be ka bi…õla la ba, o kp…õma to…Ē ‚ÄĒ o nindaan, ka t…Ē…£im daa pam lana."
29,"N daa, b…õ ninsim kuli bee ka b…õ maa Adidome kpeŇč, Ho-Accra ny…õŇč zu…£u. Nindaan baŇč, Wiredu ‚ÄĒ o ti maa s√£a di doo ‚ÄĒ o gbiniri Volta yi…£irigu zu…£u, ka…£a vi…õla bi…õla yi…£irigu doli, ka o gb…õli pam yi…£irigu ku. Ti di o yi…£irigu ku pali baabu, amaa o pala yi…£irigu dali ka o kari o ny…õ pam. O b…õ ny…ĒŇč, amaa o ny…ĒŇč y…õligu hihi la, ka bi nii yi yi…£iri o sabi ka o ja…£iri. O digindi gbani niŇčiri saa y…õla ka o ti p…Ē…£iri. N ti y…õligu la Dzifa. N daa, yi s…ĒŇč ti ka pam labi, bala o ti kp…õma ka ti ny…õ vuli ka tiri yaa."
30,"N ko Ibrahim accident kp…õŇč ‚ÄĒ o daa bi aboboyaa ch…õ o sa…£im ny…õŇč din dab…Ē Mamprobi lan k…Ēbila. O gbini ka o tiŇč y…õligu, amaa o daa zaa ny…õ teŇč teŇč y…õlina, ka maa Ňčmani o tiŇč ka y…õligu pa…£i pa…£i. N y…õligu la Abigail, ka maa ni o bi yili k…ĒŇč. T…Ēndi n b…õ y…õ ni y…õla ti ‚ÄĒ o ni kpe ny…õla yili, baa maa ni kuli ni daa o y…õligu yili, b…Ē o tiŇč daa ch…õ n na…£ini teŇč."
31,"N daa, f…Ēr…Ē kp…õm pa…£a bee ka Kumasi-Sunyani ny…õŇč ni, ka Techiman dorim pam. M Ňčmani, Mawuli, o ny…õ accident pu…£im ‚ÄĒ ka…£a gbini o ka…£a zu…£u ka o gbini dorim, ka o digindi ni o pam y…õligu o daa pa…£a. Kp…õma nyim ka y…õligu bee o, ka o daa tuma o tim…õ zu…£u gaa ni o ny…õri din. Mii y…õ Hadija, m b…õ ka o naŇč ka kum doo ni, ka ti b…õ wari o kp…õla ny…õla yili, amma ti bori s…ĒŇč do kp…õm, barka o ny…õla y…õli pa…£a daa."
32,"N daa, nins…ĒŇč la kp…õŇč ka yi kaya yili ka wula bi y…õ Dichemso. Bi…õla dima nabihi sabi Owusu, kp…õma naa b…õ du…£u dindin tiŇča ‚ÄĒ bi diri o Ňčun ni o gboo zaŇča. Mii ny…õ Amoah, n y…õ o sh…õli, ka n ni yi y…õligu toobu n b…Ēri pini di nira, ka n n…ĒŇč o ch…Ē…£u bugim tibili, o y…õ chaŇč y…õra diri ka o ny…õ n b…õ ziiri, ka o gboo y…õligu o daa bi…õŇč bi…õŇč. O ti soli y…õra amaa o b…õ y…õ maŇč, kp…õma naa bori s…ĒŇč daa."
33,"N dan Araba accident k…ĒŇč o ny…õŇč k…ĒŇč t…õ gb…õŇč zaŇč, Kumasi-Tamale ny…õŇč zu…£u, Ejura sa…£im. Ka…£a yini di o ka…£a din o be puni, ka o Ňčun kp…õŇč ta…£i ta…£i ‚ÄĒ o Ňč…Ē…£im bee o pa…£a pa…£a. O ny…õ o y…õla ka o gbiri, Ňčun o ti soli, ama o ny…õ o maa y…õla ‚ÄĒ o gori gbenni ka be. A y…õligu be o Ňčun sa…£im ni. N daa, yi maa s…ĒŇč, b…Ēlibu o gbini ta…£i do…£imdim, ka ti b…õ Ňčmani lee Ňča lee o ni o ny…õ o maa y…õla gb…õŇč ti zaŇč o k…ĒliŇč y…õla."
34,"Allo! N daa, s…ĒŇč maa! Nya m…õ siŇč Ekua o gbini d…Ē…£im ka o y…õligu ka naa Takoradi market ni. O nii s…Ē…£im ka o Ňčun suŇčŇči zu…£u, ka saa bi o ny…õ yuya bi…õ…£a ‚ÄĒ o Ňčgbana ny…õ ka o la y…õligu daa. Ka saa bi o guri be, ka o ny…õ ka ziim bee o Ňčun zu…£u ‚ÄĒ ka ny…õ y…õligu daa naa! N ny…õ Asare, n b…õ o wuhim ka ny…õm o p…õ…õ. O guŇča bee o ka kanbali ‚ÄĒ ka o bi guri be o nuu be o tiŇč. N daa, fr…õ ambulance ka zuu! S…ĒŇč maa ‚ÄĒ zuu zuu! N daa!"
35,"N daa, n b…õ y…õ ni n wilim Ňčun daa k…ĒŇč ka o bi maa g…õ Nima. N pi…õm bi…õla, Issah, di yi…£im o ni wo-bi…õs doo bugim zaŇč o gb…ĒŇčni di y…õŇč ny…õŇč k…Ēribu ‚ÄĒ bi gbini o, ka ziim bee o nuu daba, ka o nuu guŇč bilingi daa. Fuseini la n yu…£u, maa n fr…õ ny…õ yi. Bi…õla nan taa o ti soli wula, ka suni bee o ziini be, Ňčun n nuu ka o bori…£a ‚ÄĒ nuu y…õligu daa o tooi. Ka yi maa s…ĒŇč n b…Ēri maa ny…õ, d'a yi gb…ĒŇč maa ka…£a ya hospital, kana naa, yi b…Ēri maa n diri la sumbu bee."
36,"N daa, accident k…ĒŇč Bawku ny…õŇč zu…£u, Zebilla k…Ēligu. Nindoli, o y…õligu Nii Kwei, tipper truck gbini o, ka o kp…õŇč ny…õŇč zu…£u ka n n…ĒŇč. O ti soli y…õl…Ē, ama o tiŇč ny…õ ka a ny…õ ‚ÄĒ da…£ili o tiŇč pali kana o tiŇč ny…õla daa tim, ti na b…Ēri daabi. Maa y…õligu Akosua. N b…õ ny…õŇč ni daa ni o k…ĒŇč n ny…õ sh…õli ka niy…Ē…£u kota bee o pia. Ka o tiŇč y…õligu ka o zo ka daa y…õla o ti zoa ka daa kpahi. N daa, s…ĒŇč mi ma, o bori s…ĒŇč."
37,"Allo, N daa. M…Ē…£u maa, zabilila maa y…õligu maa. NaŇč maa kuri Abena ‚ÄĒ OA taxi gbuni o ka Navrongo, ti yili sa…£im. O Ňčm…õ la bi…õla, o p…õla ka b…Ēri yini ani ay…Ēbu su…£ra. Ka…£a din gbuni o tiŇč ni, ama o ti mali kuli ‚ÄĒ o ti soli y…õla daa, o b…õla daa. Ka o tiŇč y…õligu o daa tooi, ka tigiri gb…õŇč bee di…£u din ni. Maa din b…Ēri la Araba ‚ÄĒ maa din fr…õ Ňč. N daa, m bori la ni yi naan ni ti ny…õ o la ka ti gbichi o bee ka ti di naawuni?"
38,"N daa, m y…Ēri Ofori, ka m b…Ēri kuli y…õlgu bi ka na…£ila Savelugu sa…£im, Tamale-Yendi ny…õŇč zu…£u. Nindaan bi, o y…Ēri Naa Dedei ‚ÄĒ o kp…õma paali ‚ÄĒ ka o naa gbima tim tim ny…õŇč daana, ka o gbim ny…õ o zu…£u. M mi naa, o daa naa ka…£a bi…õla zu…£u ka b…Ē…£u wum daa gbini o zu…£u. O b…õri y…õligu digindi ni o gbali sa…£im, ama o ny…õ o ti soli la ‚ÄĒ o bee kuli naa. O da…£ili za…£a ama o kaa t…Ē…£i yuya naa. M be o ni yana ka m bori maa s…ĒŇč. N b…õ y…õ ni, fr…õ ambulance ka yi k…Ē Ny…õla yili daali."
39,"Allo, N daa. M poga Afia, o accident baŇč o Suame, Kumasi doo, ti yili k…ĒliŇč doo. O be ti ni, ka…£a di o b…Ē, ama Naawuni ni, o ti soli. O pam ni o digindi y…õligu daa o y…õsim, n gbani o di o y…õsim doo. Ama o gbaŇč y…õligu o wu…£ibu ni o kuli bee. N yi Agyeman, n be o k…ĒliŇč ti yili. N daa, ti bori n ny…õ tuma bin ti ban di ti mali ni bimba ka o."
40,"Allo, m yuli di Afia. M fr…õ ka accident bi la Tamale-Yendi ny…õŇč din, ka b…õ zoli Savelugu. Diyana yini din b…õ n'yuli Appiah, o bi la trotro mu din ka…£a tia din y…õbga dii o. Ka o gb…õra k…ĒŇč. O Ňčun b…õ kp…õbihi diri, ka o  íugu y…õligu daa o, ama o ny…õ wuligu ka o guri y…õla, ka o b…õ ti doli y…õligu daa. Ti z…Ēri ny…õŇč dobirim din, ka ti bori la diyana yini ni bi wa o l…õbgi o z…ĒŇč."
41,"N daa, n d…ĒŇč Yaw o gbini accident la ny…õŇč Accra-Kumasi highway zu…£u, ka bee Nsawam sa…£im. Maa y…õligu n din Baffour, o tua pa…£a. Ninduu bi…õla fr…õ ma n y…õli ma o ni ka…£a yini t…Ē…£i o zu…£u ka o be ny…õŇč ku…£ibu. O ny…õ kp…õŇč…£u bi…õla, bee o di yaara pia ka naŇčsim yini wala ayi. Ka o y…õli ma, o digindi ka o Ňčmahu y…õligu ka y…õligu saha. Ka o ti p…õlim n kpaŇč n nyu n nyu, amma o solim n be y…õla ka o guri y…õla. N daa, n b…õ y…õ ni ‚ÄĒ s…ĒŇč maa o ni, ka yi fr…õ ambulance wala ka…£a o doo ny…õla yili ka la…£im."
42,"N daa, n b…õ y…õ ni m y…õl' ka b…õ y…õl'bu be ni kuli b…õ maa saa din kp…õ Savelugu. N dobihi Fuseini ‚ÄĒ o ti kp…õma ‚ÄĒ o be n yi baŇč k…Ē…£ibu w…Ēribu ni, k…ĒliŇč ninsala yumbalima Ňčmali o ni be n bori o p…õli. B…õ suri o gbini ni b…õ d…õ…£im o nuu din o gbini n gba b…Ēri ni, hali b…Ē o nuu ny…õ y…Ē…£im daa ni o da wuhi la o nuu. Ka y…õligu o kuri, ama o ti soli Ňčun ni o be n y…õla. Mi tuma Abubakar, ninsa…£ibu fr…õ maa din y…õl'bu kp…õŇč. N daa, ka ninsa…£ibu yi maa s…ĒŇč o, b…Ē o ti kp…õma daa."
43,"N daa, m b…õ y…õ ni m pa…£a accident bin na…£a Cape Coast-Elmina ny…õŇč zu…£u. Sa…£im bia bi y…õlibu Darkwa, aboboyaa dii o ni o nya o ny…õŇč ku bu…£im, ka o gbini. Mali Edem, n gbini o k…ĒŇč n ny…õŇč ka o na…£a. O zua k…Ēligu ka o b…õ y…õla, amma o tiŇč y…õligu o k…Ēligu, ka tirim bee o tiŇč zu…£u. Ti bori la o zaa ni ba wa naa t…Ē o, barka ka ti ny…õ o maa y…õla n gb…õ ka o mali y…Ē…£iri."
44,"N daa, y…õla tiim pa…£a k…Ē tuma ka bee yi Dansoman ka. M pa…£' kp…õma Efua, o gbini wunt…Ē k…Ē, ka o y…õla bee ka daa ‚ÄĒ o tiŇč kpiŇč yini k…ĒŇč ka a ny…õ' ka o tiŇč yi y…õla n-zoŇč daa, ka o da…£i tini o tiŇč bi. O b…õ diri gbini ka o ka kp…õŇč tiim. Ka m yuli Naa, m nye o tint…ĒŇč bi…õla, ka yi b…õ lali daa ‚ÄĒ b…Ēr Efua kp…õma, ka o ziim boo o ka o ny…ĒŇč y…õligu daa ka o bi…õm. N daa, yi s…ĒŇč yi ka nyu gb…õli y…õ ‚ÄĒ yi bori s…ĒŇč ya yi ka n bi wuhi."
45,"Allo, n daa. M b…™a p…Ē…£u Abigail, o b…õ Hohoe-Jasikan ny…õŇč so, n'a trotro yi o nuu Ňčun dali. O bia p…Ē…£u, o t…Ē…£i sheŇč pia ni ay…Ēp…Ēin. Maa bi, n koo, m y…Ē…£iri Hadija. Ka y…õligu b…õ o Ňčun zoli, ka o Ňčun Ňčani ban y…õligu bi…õ…£u b…õ o so. Amaa o ny…õ o y…õla, o kuli o za…£a ni ti doli. Ti b…õ o sibu din'ni. O ny…õ o maa kpara, amaa n b…Ēri y…õlgu ni o b…õ ka y…õligu ka gbaŇč."
46,"N daa, ka y…õla k…ĒliŇč pa…£a k…Ēhi, ka n b…Ēri n y…õl'a ni. N doa Muntari, ban naŇč d…Ē…£i o Hohoe-Jasikan ny…õŇč so…£im, niriba naŇč nyu o. Ban naŇč ny…Ē…£i o Ňčun ka o timtim y…õligu o daa, amaa o ny…õ tibila ka o guri y…õligu daa, n da Ňč…Ē ka y…õla ka Ňč…ĒŇč tooi. N yuli di Abubakar, n naŇč be n doa ch…õ sh…õli y…õla naŇč d…Ē…£i. Ti bori niri ni o ni k…Ē s…ĒŇč ti, kana ti y…õl'a ka ti b…Ēri n naŇč ti y…õl'a ka ti di b…Ē naŇč ti b…Ēri naŇč malli, barka, o ny…õ o maa Ňč…Ē tooi."
47,"N daa, n b…Ēri k…Ē…Ēli ade pa n y…õla n b…õ Axim Ňč…Ē. N yuli din Felicia, ka n gbini yili pam b…Ē…£u yine ‚ÄĒ n b…õ yi nya kama b…Ē…£u di ch…õŇč Ňč…Ē ka n tiŇč Ňč…Ē yoli. Ka n nuu di y…õligu, amma ka y…õligu Ňč…Ē b…õ ti gba, so so y…õligu kura ni to…£o bi…õga be …Ē y…õra. N gaa zee n nuu yoli yoli, ka ka n ny…õ di to…£o la din kp…õŇč na."
48,"N daa, M deem Kojo gbini f…ĒŇč yinli o ka o tiŇč y…õligu daa ni, ka k…ĒŇč bi ny…õ soli za…£a ‚ÄĒ o kp…õŇč…õ ni dem dem, ama o gbigbiri ni o yeta ka o tiŇč y…õligu o ni. Din bi ny…õ yi…£u za…£a, ama m ny…õ ni o tiŇč ku ny…õ Ňčan o yeta. Mii y…õliŇč Amankwah, ka m b…õ fr…õ o Ňčun, barka ni Kojo ku bori ta…£i Ny…õla yili, ama m ny…õ ni di ny…õ doo o saa ta…£i ka d…Ē…£ite nii ny…õ o niŇč yiligu. N daa, din na y…õliŇč maa, doo kuli bee Ňčun, o di na ni maa zolo di na…£iti naa? Yi kp…õŇč yi na s…ĒŇč ti ni din bo ni ti ni daa maa?"
49,"N daa, accident k…Ēhin Hohoe-Jasikan ny…õŇč so din ka y…õli tooi. Bi…õla din bi y…õligu Selorm, o n…õ aboboyaa so, ka aboboyaa no gbini ny…õŇč so zu…£u. Miya y…õligu Sulemana, ka m n…õ gb…õya Ňča lala a y…õli k…Ēhini. Bia no ti soli waa ‚ÄĒ o ny…õ o maa y…õla ka o gb…õya y…õlim ‚ÄĒ ama o b…õri la digindi ni pam y…õligu, b…õ lala o y…õlim naawuni. O kuli ti kp…õla be ka nin ti gbali o, ama m y…õligu ka d…Ē…£ite baŇč wula o pa…£a."
50,"N daa, n b…õ y…õ ni n y…õl' y…õla bi tuma ka Dormaa Ahenkro gb…õŇč w…Ēra. N dobi…õ Nhyira, o gbini kp…õm d…Ēri wula ni nindaan yani, ka o ni kp…õm dollar y…õla, o mali ni doli y…õla tooi. O nindaan bio o koli nuu ni ka o yiŇč' soli, ka o tumbu din' o ni tigiri. O n gbini biyaŇča, n'ama o guudi ny…õ ka y…õligu, ka o n b…Ēri ka o Ňčun bee ka gbinviri yuya. M yuli di Muntari, maa n nya y…õla nani. Ti b…õ y…õ ni ti y…õl' y…õla kama ka y…õla dahi bila, bala n kuli ka o ka nyan tum y…õla nabihi, ka o ti s…ĒŇč o maa y…õla koli la."
51,"N daa, anee k…Ēligu ny…õ ka din ti be Dansoman ka a za…£a y…õla. M dobiila Araba, o bee ny…õŇč yibu naŇč be dooli k…ĒŇč lana, ka tipper truck na…£ o ka o gbini ka o kp…õŇč yaga. O tiŇč tuuni ka o z…ĒŇč daa o kaa palli tiŇč soli tiŇč zuu, amaa o ny…õ b…Ēribu ka o kuli yeli. Maa ny…õ Vida, n be o k…ĒŇč niŇč, ka ti bori Ňčun na…£ o s…ĒŇč ti, barka ka ti ni soli s…ĒŇč bee o kp…Ērigu bali ka a y…õli laa di…õ bee bi y…õli bee b…õ."
52,"N daa, ka y…õligu k…Ēligu daa ny…õ ka n ti b…Ēri s…ĒŇč z…ĒliŇč. N sirim bi…õla, Appiah, bia, o gbini koo kp…õŇč nuu koom pu…£u, ka o daa ny…õ koom tali ka ti b…Ēri o tu…£o. Ka ti tu…£o ka o maa ny…õla ka o ti soli z…ĒliŇč, ka o digindi ni o pam daa ny…õ ka b…ĒŇč daa kp…õhi ni yaha, ka a ny…õ ka ka kuli daa k…Ēli Ňčun pam. Appiah bee ka noo, y…õl…£u noo ‚ÄĒ y…õl…£u y…õl…£u ‚ÄĒ ka a yi b…Ēri o y…õli din o ti Ňčani Ňčani soli. N daa, yi fr…õ s…ĒŇč z…ĒliŇč ‚ÄĒ ka o ny…õla ka daa kuli ‚ÄĒ maa y…õlgu daa yeli daa. N y…õla Maame, n b…õ ni Appiah y…Ē…£u n tib…Ērini."
53,"N daa, kuli b…õ ny…õ y…õligu ka o ti k…Ē ka daa so lan yeli zaa. Bia din b…õ ka lan din gb…õya ka o gbini, din ny…õ wuhim din bee tali yem zaa, ni n nabig bi…õla, Adjoa, o gbini yili Ňčun buri ka Ňčmani din b…õ ka yili Ňčun palli. Ka o ti kp…õŇč lan y…õla, ehhh, ka o ny…õla da b…õ ny…õ daa. O nuu gbani sheli ka o y…õligu daa ka o y…õri din saa ka o tili o nuu sh…õli. N ny…õ Emefa, n na…£ili ka nima, ka o ma b…õ yi ka n ny…õ o din n wuhibi…£ibu. N daa yi maa s…ĒŇč ka ka bi…õla y…õligu daa ‚ÄĒ yi ti ka b…õ ka pam!"
54,"Allo, m y…Ē…£u Ramatu. N b…õ y…õligu n zo o y…õla bee din kul Tamale-Yendi ny…õŇč zu…£u, Savelugu doo. Zuhala bi yini, Asare, o b…õ ka…£a doo zu…£u n nya…£a possi din be ny…õŇč doo ‚ÄĒ o b…õ bee o biya kom n tu…£isi possi be ka…£a zu…£u. O b…õ tu…£isibu ni, possi yini gbini kp…õŇč n kaa ka o digindi zu…£u paai. O laa n ti…£ o maa o tiŇč zu…£u n y…Ē…£ maa, ama o naa o digindi y…õligu daa, ka o nali nyuma b…õ ti gulli o dee dee. N tol ka n nii bi Asare din ny…õŇč doo ni, ka o biya kp…õ maa ni n zo bi y…õla pam. N daa, fr…õ ambulance o maa naa, bo o tiŇč y…õligu n naa b…Ē…£u ooo."
55,"N daa, m b…õ y…õ ni m goli accident din k…Ē…£i ka Ňčuna Cape Coast. M na…£inli bi…õla, Afia, OA taxi di o ny…õŇč zu…£u, kpete market di…£a lana. O ny…õ bi…õla wula, o si pia ayi bee pia ata ka tani. Di k…Ē…£i ka o y…õligu daa o ny…£bun di…£a, ka ziim bichim o Ňčun zu…£u, ama o Ňčani ka o gusiri. Maa ny…õ Alhassan, mini di maa bori la y…õlgu, barka o ma, o nini kana o k…ĒŇč o da…£im, ka bi ny…õri ka…£a ka bi di o kpe clinic."
56,"Allo! N daa, s…ĒŇč maa! M pio Asante, ka…£a dini o k…Ē Dormaa Ahenkro, ny…õŇč kp…õm do, ka a y…õligu paai. O bia din, o p…Ē…£ibu ata aw…õi wala pia, ka o tiŇč y…õligu paai paai ‚ÄĒ o tiŇč gb…õ ka ziim bee o paai. Mii Nii, n gb…õŇč o k…ĒŇč b…Ē, niba soli tuma ka b…õ ny…õ b…õ naa daa be di. N daa, yi s…ĒŇč maa ni sh…õli, b…Ē o be z…ĒŇč ti kana di, ka y…õligu kp…õm bee o. Yi wa ni vi…õla!"
57,"Allo, N daa. M bi…õla Ofori, o zu…£u ziŇč bi o y…õsili k…ĒŇč Tamale ka ti yili Ňč…Ē. O b…õ k…Ēm kp…õŇč sa…£im din, ka k…Ēm nim din Ňč…Ē y…õni o ch…õbu ‚ÄĒ o digindi ni o pam n…ĒŇč. Ka a y…õligu kuli ch…õ paai ‚ÄĒ ka o niŇč gb…Ē y…õsiri bala ni bee y…õligu paai. N din y…õ Kofi, m y…õ o ba. Bi…õla Ňč…Ē bee diri diri, ka o n…Ēri paai be. Ňäm…õn maa, n bori gb…õra ka bori y…õta ‚ÄĒ ka ti soli ti ti o ny…õla yili, baa ti t…ĒŇč o ma ka ti yili Ňč…Ē bala?"
58,"N daa, m fr…õ din ka m y…õl …Ē b…õ din kul ni Nalerigu. M yuli la Mensah, mi naa la di l…õ Ňčun yid…Ē…£u. O bi…õŇčlana Elinam, o la bi…õla, o gbini ka o nuu bii o tiŇč y…õligu ‚ÄĒ m b…õ daa zi…£a Ňčun ni bee Ňčun, ama o kp…õŇč o nuu daa yii ka o ny…õni dindim bi…õla. Ka y…õligu ny…õm daa zaa la ziim niŇčdi bii kul daa ka n y…õl o di wuhiri za…£a tim daa, ama o ba n…Ē…£im yii la din ka o y…õliŇč ka z…Ēm ni bi…õla. O ka ny…õ alaafee daa Ňčun ni, ama o ti soli daa bi…õla. O ba n…Ē…£im naa gbi…õ o ka din y…õl …Ē b…õ o din y…õl …Ē b…õ niŇč Ňčun ni."
59,"Allo, N daa. M baaba pa…£a, Nii Laryea, ka z…Ē…£u ch…õ o gbe c…õŇč Zebilla ka. O ny…õra o nuu ku bugum n-niŇč, ka o da…£ibu kp…õ bugum, ka bugum ch…õ o digindi ni o pam Ňč…Ē. Felicia la m yuli, maa la o fr…õ. O kp…õma daa, o nindaan la, ka ti ziem o sa…£im. Amaa bugum Ňč…Ē ka na…£im daa ‚ÄĒ ka o digindi ni o pam Ňč…Ē vi…õm ka g…ĒŇč-g…ĒŇč bee dii k…Ēbiga k…Ēbiga. N daa, yi maa ni ti Ňčman da bee o n-niŇč ka ka ti bi t…Ē…£i o ny…õla yili w…Ēr?"
60,"N daa, n b…õ y…õ ni n y…õli …£ar…£a din kari ka o kari Cape Coast. M pam bi…õla Boateng ‚ÄĒ o kari sh…õli pia aw…õi k…Ērigu ‚ÄĒ o ni zaa o ni doli ny…õŇč kobi…£u din b…õ ny…õŇč nii, kobi…£u din sa…£im pu…£im pu…£im sa…£indi in, ka o kp…õŇč guu kobi…£um doo. Nib kab b…õ bin b…õ y…Ērigum d…Ēli ka yi o y…Ēri ka o talili. N bori la Alla puŇčŇča. O ny…õ o maa y…õla ka o Ňčm…õri…£a naha, ama o nuu y…õligu daa ‚ÄĒ o nuu di…£ini daa woto ka o yi ka nib o d…Ēli ka o ziim bee o y…õligu ka pam o vexim. Ka n maa y…õli, mi Alhassan, n kari o k…Ēn zu…£u saa y…õn. A tuma la d…Ē…£ite ka o wa ka o nini o s…ĒŇčim na…£ari?"
61,"N daa, n b…õ y…õ ni n tuma k…Ē…£im dee pa…£a y…õligu, o yuli Memunatu. O bee d…ĒliŇč ka…£a ny…õŇč doli, Cape Coast-Elmina ny…õŇč ni, ka…£a kuri o nuu d…ĒliŇč sani la ka o gbini y…õlizoli. O kp…õŇč ka o nuu na yi…£isi ka zi…£ibu gbaai o nuu. O ti tali o nuu di pam. N yuli Baffour ‚ÄĒ maa bee ni ny…õŇč doli kuri sani la, ka m b…Ēri dee to…£o nyaaŇč. A y…õligu ka o ka y…õligu ka o s…ĒŇč maali. N daa, s…ĒŇč mi o daa sali ka y…õligu bee o y…õlizoli."
62,"N daa, b…õ din y…õli ka ka k…Ē yili din b…õ Ashiaman, ka n b…õ y…õ n y…õl' y…õlgu. N sh…õli Abubakar, niba daba gbuni o, ka bi dii o daa o nuu ‚ÄĒ o nuu yeni ka o da tumi ka o zu…£u n nyi tibu. Mi y…õligu Mensah, n daa n b…õ n sh…õli k…ĒŇč, ka m ny…õ o Ňčun din paai. O b…õri mi daa, ama o b…õ y…õliŇč ka o ta…£ima, ka ka o ti soli wala. Ti bori nind…Ē…£li n bi so yi ti s…ĒŇč o, ka kana yi ny…õ yi y…õl ti b…õ y…õ ti di naay…Ē…£u."
63,"N daa, n…£…Ē bi tiŇč k…Ē Ňča Goaso, ka n b…Ēri k…Ē n y…õl' ny…õla. N yuli din b…õ Ofori. N b…õ y…õ ni y…õl' dabi Ňčun pu…£u bi yuli din b…õ Naa Dedei ‚ÄĒ aboboyaa kp…õŇč o ny…õŇč zu…£u, ka o gbini k…Ē za…£a za…£a. O ti kpaha o Ňčun nyaa ka o y…õl' ka o Ňčun y…õligu o, ama o ny…õ o maa ni zoli, ka o gbilim y…õla bi…õla bi…õla. Ka ny…õla ka b…ĒŇč pa…£a a daa, ama o b…Ēri s…ĒŇč, bala ka o kpaha o Ňčun nyaa zu…£u ni ti s…ĒŇč o wula."
64,"N bi…õla Amoah, o b…õ n s…ĒŇč ma tuma k…ĒŇč n yili ka la Yendi, ka o nuu gb…õ d…Ē…£im ka zaa o li nyu, ka ka tool k…ĒŇč bee tuma pam naa la o kpali. Ka ka nyu ka da y…õli zaa, nyu bi…õla di la, Ňčun kaa y…õli zaaa. N ny…õ Edem, n bori dii la n naan yi…£i la dini kp…õŇč ni. O ny…õ alaafee, ka dini b…õ z…Ē…£im o bala, ama o ziim bee la naa zoli."
65,"Allo, N daa ‚ÄĒ m fr…õ ch…õŇč ka bia bi…õla, Muntari, o gba ch…õŇč ka zinli kpihi o, ka m b…õri o daa. Ti b…õ Kintampo gari, ny…õŇč so o bee Kumasi, ka o yibu o zaa danni ‚ÄĒ zinli kpahigu o digindi ni pam so. O yaa bia, doli pia ni ay…Ēbu k…Ēbihi, ka o niŇč o so y…õligu daa ‚ÄĒ niŇč pihiri naa, a bee ka o gbini ka o niŇč o doo so gbani ‚ÄĒ ka m pam y…õligu o b…Ēri. O bee so y…õla ka o diri y…õli ka Naawuni s…ĒŇč. Maa b…õ Esi, o naayili p…Ē, ka m b…õ ni o yibu o din. Ama ti bori n ny…õ la y…õla ‚ÄĒ bii ti ni di…£im ny…õla yili ka ti b…õ ka ti ni Ňčm…õ ka ti na…£i din."
66,"Allo, m y…õligu Dzifa. N fr…õ ka b…Ēri n y…õl Ňčun o pa…£a bi…õla din n si o la ka o bi Cape Coast. O y…õligu Naa, ka o tuma tailoring shop p…õlim, ka o daa tuma sewing machine din, ka o nuu gbini ka needle k…Ēli o nuu tiŇč p…õlim. Ziim bee o, ama o bi…õla y…õ, ka o ny…õ o ny…õla zoli, ama o tiyali ka o gbari ni ka daa y…õligu ti pusum. Ti daa kpali t…Ē…£o o zu…£u, ama ti bori n b…õ yi o ni bori ti o wa kuli be ka ti yibu o p…õlim ni ka ni yuu o la wuhim, kakali diin p…õlim ka o y…õligu daa duhirigu."
67,"N daa, n b…Ēri k…Ēligu accident din k…ĒŇč ka din Suhum. N dinz…ĒŇč Asante, o ny…õ kp…õma, aboboyaa daa dii o ny…õŇč zu…£u tintali bi. Aboboyaa daa dii o zo…£o pilim, o digindi ni o pam dali, ka o gbini pam. M yuli ny…õ Ramatu, maa y…õ din fr…õ ‚ÄĒ n daa b…õ o din k…ĒŇč ka n s…ĒŇč o k…ĒŇč ny…õŇč di…£li. O ny…õ o maa soli ka o y…õlim, amba ka y…õligu bee o, ka y…õligu bi k…Ē pam, amba o bori la d…Ē…£ite o ny…õ o."
68,"N daa, n b…õ y…õ ni n y…õl' Ňčun diri maa n y…õla Yendi. N pam ny…õla Asare, o kp…õma kuli, o nuu ka din ka b…õ o yili din o wuli ‚ÄĒ o nuu ka y…õligu s√Ķhim daa, ka o nuu gb…Ē…£im b…Ēri. N yuli din Owusu, n ti nya o kani, ka n vi n yiŇč y…Ēhim din m m…Ē…£ din bee y…õla, n ny…õ din o nuu y…õla. O b…õ wuni b…Ē, amaa o nuu y…õligu o daa s√Ķhim, ka o kpan' o nuu nya. Yi yiŇč kuli n k…Ē n s…ĒŇč o, bi…õla n y…õl' yi o bori din o m…ĒŇč."
69,"Allo, ny…õ maa. M y…Ē…£u la Dela. N b…õ y…õ ni m fr…õ s…ĒŇč maa ka m sabi accident din kp…õŇč kaa Cape Coast Ňč…Ē. S…Ē…£ibu y…Ē…£u Kpodo ‚ÄĒ o ti bi…õla daa, o wuhiri din o b…õ karli pia aw…õi w…Ē pia ayi lan n…ĒŇč ‚ÄĒ trotro gbini o ny…õŇč zuu. O tiŇč y…õligu ka ka ziim bee o daa, ka o tiŇč kp…õŇč t…Ē…£im. Ka o y…õli kaa o tiŇč y…õligu o puuni daa. Amaa o soli daa, o b…õ y…õlibu la. Ti maŇča ka o ch…õ ny…õŇč nuu ka o gb…õŇč be diri o sibu. N daa, ti bori s…ĒŇč ‚ÄĒ ti b…Ēri dini ti b…Ēri di ti be bi…õrisi din ti boro b…Ēri la, wala o boro dee Ny…õla yili la n…ĒŇč. Yi maa s…ĒŇč doo."
70,"N daa, m b…õ yi y…õla Ňčun k…Ēni. M y…õligu Hamza, ka m doo Yakubu ‚ÄĒ o gbini Takoradi market k…Ē…Ēn, o kp…õŇč n k…Ēni din na…£a na…£a. O Ňčun gbini zu…£u saha o kp…õŇč y…õ, ama o gari, o ti soli ka a. O b…õ y…õ ka y…õligu dindim o ny…õ…£i zu…£u, ama ka ny…õ ku daa y…õ. Miri din miri ka n k…Ēni ni n f…õla y…õla y…õ ni kaabo…£isigu."
71,"N daa, m b…õ y…õ ni m y…õl' yin accident din k…Ēhi ka gb…õriŇč kana Navrongo. M yuli la Muntari, ka m fr…õ yin n yaba Asare tuma. Shared taxi dini kp…õŇč o ny…õŇč zuu ‚ÄĒ ka di ka b…õ nyaaŇča daa. O ny…õ ta…£im, o b…õ kuli y…õligu  ľdiŇč, ama o tiŇč y…õligu daa ka o ny…õ ka y…õligu bi o Ňč…Ē. Ti ny…õ yin tanka, doo, di ny…õ o ti gb…Ēyi…£i daa pu…£iŇč  ľbe, ama ka tiŇč kum k…Ēri ‚ÄĒ ama ti b…Ēri la ka d…Ē…£ite ny…õ o ka di di s…ĒŇč ka n ny…õ a kuli ta…£im bi."
72,"N daa, m fr…õ yi ka m sh…õli accident Ňčun be o nye Hohoe. M p‚ÜĄ…£ Maame, o y…õ bi…õla, ka…£a gbaŇča gb…õli o ny…õŇč zu…£u, ka o kp…õŇč d‚ÜĄ…£u pam. Dindim bee o Ňčun ni o g…ĒŇč ‚ÄĒ o bee nyu sh…õŇč, Ňčun n ka y…õligu o, ka o pa…£ ka o ti zuu o g…ĒŇč maa ni. Kweku b…õ n ya m be o w…Ēribu, ka ti bori s…ĒŇč b…õ ka ti zina ka ti y…õli ti ti pa ka ti ti soli o sh…õŇč, bala ti y…õlla ka ti bori yi s…ĒŇč tuma."
73,"N daa, n b…õ y…õ ni n tuma y…õla bin k…Ēhi k…Ē…£a bi pa…£a y…Ē…Ē, Mankessim doo, Kumasi-Cape Coast ny…õŇč so. N yi y…õla n tooi Vida, ka bi pa…£a so y…õla n tooi Abubakar ‚ÄĒ o bee pia anu wala pia ay…Ēbu be o zu…£u. O kp…õŇč pam niŇč bin bee ny…õŇč doo so ‚ÄĒ n gb…õya o kp…õŇč kum pam wala niŇč bin dali ‚ÄĒ ka o daa z…ĒŇč pam k…Ēn ti bi…õla bin bee sh…õli o daa g…Ēli o su…£uri. O tuma yuliya Ňč…Ē…Ē, Naawuni puŇčŇča, ka ka o nuu gbini din binba bee Ňč…Ē o su…£uri na…£a ‚ÄĒ o nuu bee toobu ka o zoli o ni lalibu. Miri n bori la d…Ē…£ite wala nindaa naŇč di pahi ka o dini s…ĒŇč o wuhiri o Ňč…Ē…Ē ka o tuma Ňč…Ē zaŇč ka o ny…õla."
74,"N daa, accident bi kp…õŇč Takoradi-Cape Coast ny…õŇč so, Anomabo da…£i. Dirim bi…õla o yili Selorm, ka…£a Ňčm…õ o ‚ÄĒ m ny…õya o b…õ yini-piahi saha. O gbini ny…õŇč so, o Ňčun ni o Ňčun tirgili gb…õribu kp…õŇč o daa, n'a ziim …£eya o Ňčun la, ama o ny…õ piibu ni o gbera za…£ibu. M yili Akosua ‚ÄĒ n b…õ ny…õŇč so, n ny…õ o ka kp…õŇč, da…£i ninsalinba ch…õŇč o da…£i di…£a. N bori s…ĒŇč, yi wa nyin kp…õŇč maa, do…£ite n'o ny…õ bi…õla la a y…õ."
75,"Allo, m y…õligu din be Maame, n b…õ kuri ka n y…õl' y…õla gbansi…£a wula din na…£a Kintampo k…Ēhigu, ny…õŇč din bee Tamale. Nindaan din y…õligu din be wula, o y…õligu din be Wiredu. Niba doli na…£ o, n'a gb…õ o soo Ňčun k…Ēhigu ni kpe o kutorinsi. O kp…õma, ka o b…õ t…Ē…£i ka o ni dii, o gbini ka o be Ňčan doo. Ziim bee o Ňčun k…Ēhigu ni. N daa, y…õla ni ka y…õ ka y…õligu, o bori la s…ĒŇč zeei zeei, a gara din na…£ o b…Ēhim y…õlgu."
76,"N y…õligu din Fuseini. N daa, m b…õ y…õ ni m y…õl accident din gb…õla Takoradi-Cape Coast ny…õŇč zu…£u, Anomabo doo. Nindaan do, din bi o y…õligu Owusu, ka…£a do d…Ē…£i o, ka o gbini zaŇč ny…õŇč zu…£u ka o yibu. O tiŇč naa o nuu y…õligu daa, bimba o pa ka o bi tumi o yuli ni o pam gari, ka o b…õri mi vi…õla. Ama o ny…õ o miri y…õla, ka o Ňč…Ēbi be dali. Ti t…Ē…£i o ny…õŇč zu…£u ka nib dohi be n yaabu ni o, ama o bori s…ĒŇč ka o bi wa ziŇč. N daa, yi wa s…ĒŇč o ka yi daa wa ka yi ka yi wa zaŇč ka yi wa."
77,"Allo, N daa. M bia Kofi, o kp…õŇč accident o ni Takoradi-Cape Coast ny…õŇč din, Anomabo k…ĒŇč. Mi y…õla o maama, n y…õligu Elinam. Ka…£a y…Ē…£i o w…Ē, o ti ny…õŇč do…£im din ‚ÄĒ o y…õla bi…õla, wuhim pia ay…Ēbu gbana ‚ÄĒ ka o kp…õŇč, a y…õligu be o ti…£im, o digindi k…ĒŇč ni o pam k…ĒŇč din. O be soli, o daa y…õribu, o b…õ d…Ēri tii, Ňčun n b…õ k…ĒŇč o y…õligu doo y…õligu be o. Ka m bori la n p…õ y…õla ni. Ti bee ny…õŇč accident din d…Ē…Ē doo."
78,"N daa, kuli k…õ be y…õ ka kuli k…õ pali ka be Techiman ka m bori s…ĒŇč. M yuli di b…Ē Efua, ka m be y…õ ka m dau bi…õla Yaw y…õla ku zu…£u. O gbini gbana k…Ēligu o yi kpe yili ka o Ňčun p…õ yuu zu…£u ka din daa zoli. O ti soli aŇč y…õ amaa o be y…õ ka a y…õligu daa o kp…õra la, ka o ny…õ mini niŇča kaabo…£ibu. Ti b…õ soli ka y…õ ka o ti b…õ o maŇč y…õla naa no…£u."
79,"N daa, n b…õ y…õ ni y…õla bi y…õligu n di y…õla n bi…õla Kpodo din kp…õŇč ka ti yili k…ĒŇč ka be Bolgatanga. Bi…õla no ny…õ o di ny…õ k…ĒŇč ‚ÄĒ n nan ny…õ b…õ o b…õ di nyi gb…õŇč o be y…Ē ‚ÄĒ ka o gbini ka o nuu gb…õl…õ y…õligu o din kp…õŇč wari. O nuu no wahi daa, ka o y…õliya o ni ka y…õligu daa ka y…õligu o pam, ama o ny…õla din soli, o be y…õligu be. O tuma bi…õla yini, o din doli pia ni anu w…Ē, ka m b…õri mi n pam ka wahi o no ti gbuli. N daa, Ňčun be o ni na s…ĒŇč ti, maa y…õl maa n ni m bu di y…õla bee ka m di b…Ēri?"
80,"N daa, n b…õ y…õ ni n wilim dabi din kul kp…õma nini Techiman. N doliŇč Mensah, o kp…õma daa, o b…õ tuma ‚ÄĒ n daa o b…õ soli kaba tuma kana kana puuni ‚ÄĒ ka o nuu kuli o, kana o nuu bi…õla, n nan ny…õ fofoo. Maa din fr…õ, n yuli di Amoah. Ka y…õligu bi…õla la, soli ni y…õligu bi…õla la, ka o b…õ ny…õŇč fofoo, n'a y…õ o kp…õma na, t…Ē ni ka ti y…õ n fr…õ. O b…õ bagi Ňč…Ē, ama ti bori in yi ni wuya: a y…õ o di ku ny…õla yili, kana ti t…ĒŇč o kuli yili?"
81,"Allo! N daa, s…ĒŇč maa! N bi…õla Mawuli, pragyia d…Ē…£i o gb…ĒŇč wula yi Hohoe-Jasikan ny…õŇč ni zi…£i. Ka…£a bi…õla d…Ē…£i o, o gbini, ka o nuu y…õligu daa ‚ÄĒ o s…õ…£im b…õ, ka o ny…õ o nuu, ama o tiŇčfili tiŇč n-za…£i kpaaŇč. N yi ny…õla Boateng, m ny…õ o ba. N daa, yi tumi Ňčun gbali o, bala bi…õla y…õligu nyin ka a z…ĒŇč o ta sh…õli la, n bori la d…Ē…£ite ni o wa gbali o, ka n ti y…õli a lala n b…õ di bi…õla y…õligu n ti b…Ēri y…õla. N daa s…ĒŇč maa!"
82,"N daa, n b…õ y…õ ni n y…õl'a kuri din Mali ka yeli Wa Central. N zi…£im bi…õla, Amoah, aboboyaa gbini o ny…õŇč palli. Bi…õla naa o y…õligu ‚ÄĒ o yela ka amani sh…õli pia aw…õi ni ka pia, ka o tiŇč y…õligu daa accident puŇč ‚ÄĒ o tiŇč kpinli ka o sori di tiŇč z…Ē…£i daa. O ti soli kaa, ka o maa y…õla bee o, am…õ ka y…õligu nyan'o daa, ka ti b…õ y…õli bala. M yuli n yuli Fatima, ka ti bori la o doo bin bi n s…ĒŇč ti, ka yi nyi bin ti b…õ bora di wuhiri ti."
83,"Allo, m y…õligu din Nhyira, n b…õ fr…õ ka n y…õl' yin din suhurli Takoradi market daan bi y…õsim. Nindaan yini, o y…õligu din Fuseini, bihi bihi kp…õm o doo b…õ stalls kolin ‚ÄĒ o gbini ka o nuu y…õligu. Amaa o ny…õ o maa y…õla n b…Ēri, ka a b…Ēri ti y…õli wuhigu pa…£a ‚ÄĒ o nuu mal' maŇč din daa vi…õla, ka lahi tuln' bi…õla b…õ Ňč…Ē ka. Nindaan yini n daa ny…õ o doo o sali ka o b…õ ch…õmdi bi…õn, amaa n daa ny…õ m da…£ili ŇčmaŇč ka n fr…õ, bo dini o ny…õ kp…õma ka n laa o suhuli ma."
84,"N daa, m b…õ y…õ ni fr…õ y…õ la ti ny…õŇč accident bi…õŇč bee la Accra-Cape Coast ny…õŇč Ňč…Ē, Winneba za…£iri la. M pio Akua b…õ trotro Ňč…Ē n bee, ka ka…£a y…õŇč Ňč…Ē naa ti o trotro Ňč…Ē yuu. O tiŇč y…õligu daa ‚ÄĒ o tiŇč Ňč…Ē yima, ka o pa kuli di ny…õ be la. O bia, lan-niŇč pihira ni aw…õi y…Ēbu la n dali, ka di…£a nima b…õ o za…£iri ny…õŇč ka b…õ s…ĒŇč o la. N yuli Nii, ka maa b…õ bori la o za…£iri, ama m wahi fr…õ y…õ t…ĒŇč na…£ili k'a y…õ nini so kuli ti i gba o yira."
85,"N daa, n b…õ y…õ ni kuri n y…õla bi bia doŇč mali n y…õla, o ny…õ Hohoe-Jasikan ny…õŇč doo. N yuli n yuli din bi Efua, ka bi…õla din yuli Ibrahim ‚ÄĒ o bi bia, din kpari so tibu y…õla. O w…Ēribu o m…Ēribu doo, o k…Ē…£im doo ka mali d…Ē…£im baga baga, ka kaa ni tee y…õligu paali ‚ÄĒ o ny…õ ziiri bi…õla ka ka ziim b…õhigu ni ka k…Ēm mali. Ti niŇči so din nya…£im yibu ka nuu Ňčun tiŇč zi ka o du…£iri. O Ňčmani l…õ, ka o tumi y…õli, amaa ti bori la d…Ē…£ite a wa o ny…õ naŇč s…ĒŇč ti daa."
86,"N pio, Gifty, ka…£a daa gb…õ o Tarkwa zu…£u, ti yili daŇč. O y…õ kp…õma, nindaan, ka ka…£a daa gb…õ o tiŇč kp…õŇč ‚ÄĒ o tiŇč wuni, ka ziim bee o haali. Maa y…õla N daa, maa ny…õ Kwabena, n y…õ o di…õma bi…õla. N daa, o pa kuli o tiŇč zani, ka o pam y…õligu o daa y…Ē…£im. Ti ti gb…õŇč haali o zu…£u. S…ĒŇč maa! Fr…õ ambulance, n daa ‚ÄĒ o bori ny…õla yili dama dama!"
87,"N daa, m b…õ y…õ ni m fr…õ sh…õli b…Ēri, barka. M zawli Alhassan o kp…õ accident ny…õŇč so zaŇč. O bia diri Darkuman bee din kuli, OA taxi o suli a nuu so, n b…õ o nuu ka y…õligu daa kaga, ka ziim bee diri doo b…ĒŇč, ama Naawuni s…ĒŇč, o y…õligu n daa zaa. O b…õ d…õm d…õm tol wuhigu, ka o ny…õ d…Ē…£irigu. Doo, ti diri o yili be o da…£im. N tuma nyini, N niŇč maa Elinam, m bori maa sh…õli n niŇč pam, n b…õ y…õni o, kp…õŇč o ti bori la d…Ē…£ite yili zaŇč bee ny…õla yili, ka sh…õli n ny…õ y…õlim."
88,"Allo, m yuli di Ramatu. N fr…õ yi sabab bia pam yini gbini doli ‚ÄĒ bi…õlim, o yuli di Adjoa ‚ÄĒ o gbini Techiman k…Ē…£im, Kumasi-Sunyani ny…õŇč doli. Ny…õŇč daa k…Ē…£im yini b…õ Ňčan, ka o gbini o kuli daa kum pam yini, amaa nima b…õ Ňčan ka ban kpani o dali dali. Ňäaan, o ny…õm taariga, Alla puŇčŇča ‚ÄĒ amaa o kpaŇčkali y…õligu o din, ka o n-y…õri a o Ňčun ny…õ ku-kp…õm. Ka y…õligu bee o din sana b…õ da…£iribu, o ny…õ o guu ka o y…õli…£u ‚ÄĒ amaa tia koo bee maa ka ti bori la kuli. Ka ti gb…õŇč ti n-daa bori s…ĒŇč la, ka ti kuli s…ĒŇč yi ‚ÄĒ o bori la d…Ē…£ite bi? A ny…õ n daa ni."
89,"N daa, zug bee kuli o ny…õŇč din b…õ Tamale ni Bolgatanga ch…Ē…£u, Walewale dili k…Ē…£li. Bia bi…õla y…Ē…£li, Agyeman, niba dali o ‚ÄĒ dali o zi…£i zi…£i a o Ňčun ni o nyaŇčgbini. Mali n y…Ē…£ Amankwah, n b…õ…õra n ny…õŇč di lin kuli yeli, ka n zani maa n s…ĒŇč o. O ny…õ o maa y…õla bi kp…õŇč, o guri kuli kpaari ka…£a la, nga ka o nyaŇčgbini dili b…õ kp…Ē…£u yuli yuli, ka y…õligu daa o zi…£i. S…ĒŇčni yi maa ma ‚ÄĒ kuli bi…õla ni ti wa, na…£a n y…õl'a ti ma ti naa o ny…õla yili zi…£i, bala din b…õ ti t…Ē."
90,"N daa, wuhim pa…£a daa k…ĒŇč ka bi…õla din y…õ ka. N yuli ny…õ Afia, ka m b…õ y…õ ni bi…õla din y…õ Adjei y…Ē…£o. O daa b…õ tuma, ka mashini daa ny…õ o nuu, ka o nuu y…õ la wuhim, ka ziim bee o ta…£a. Ti b…õ Axim ny…õŇč zu, doo la Half Assini sibu. Bi…õla ka y…õligu daa o ta…£a, ka ti zu…£u suu. N daa, yi s…ĒŇč ti t…Ēsim, yi pa yi tuma yi kp…õŇč, o nuu ni y…õ wuhim ta…£a, ka y…õligu daa o ka y…õligu."
91,"N y…õli ma, bi ka n bi…õla Agyeman, o b…õ construction site ka o di tuma Tumu. Ka k…Ē…£im daa gbini o zu…£u ka o kp…õ o digindi ni pam ch…õ…õ. O bi…õla la din, o b…õ ka pia aw…õi la sh…õli, ka o b…õri mi daa, ama o ny…õ zu…£u daa, o b…õ goliŇč b…õ…õ. N yuli la Patience, n di o naayili, ka o tuma nima fr…õ maa ka o ny…õla ka din kp…õ o zu…£u. O goliŇč o b…õ y…õla a ni o digindi ka y…õligu daa o zu…£u tooi ka o yuŇč tia, ama ziim ka bee o bo…£im. Ti bori la nind…Ē…£u ka o wa ti s…ĒŇč, kana ti gb…ĒŇč ni ti di b…Ē…£iri maa, kakara ti k…Ē ni ka k…Ē…£im daa gb…õ o zu…£u ka o maa ny…õla maa ka ta y…õla."
92,"N daa, n b…õ y…õ ni n y…õl' yin sh…õli din kul' n doo bi…õla zu…£u. O yu…£u di Kwame, o di k…ĒliŇč pia aw…õi w…Ē…£ibu ni ny…õ, ka o b…õ construction site Ňčun k…ĒŇč Accra-Cape Coast ny…õŇč zu…£u Winneba sa…£im, ka sh…õli gbini o nuu zu…£u. O y…õra a y…õligu, ama o wa…£di o nuu kpa…£a kpa…£a, ka ti ny…õ o y…õligu in ka daa ka b…õ ka ch…õŇč sana. M yu…£u di Ofori, ka n b…õ n ny…õ y…õlgu sh…õli ‚ÄĒ a din n…Ē…£ili, o bori la o ta ny…õla yili, baa ti wa…£di o s…ĒŇč yili k…ĒŇč?"
93,"N daa, n b…õ y…õ ni n t…õribu Ňčun sa…£ibu din kuli waa tiŇča Tumu. N yidiri Nii o gbini o yili kp…õŇč dii ‚ÄĒ o kp…õŇč ni o Ňčun kpahi y…õla zu…£u. O t…Ē…£ wuhibu, o ch…õŇč ni o za…£a, amma naŇčgbani o ni gbaana bi…õla be o Ňčun ni o Ňčun tali Ňč…Ē, ni o y…õligu Ňč…Ē puuni. Mini Ibrahim, n yili be o yili tiŇč…Ē daa, n lo n yi n daa n pa…£iri o n ti ny…õ Ňčun kuli, zaakaa n ni n winni di za…£a. Ti maa ny…õ ti ni ka k…õŇč kp…õŇč daa, amma ti bori d…Ē…£ite baŇčda ni o t…Ē ti baabu ka ti na…£a soli."
94,"Allo, m y…õligu din Sulemana. N fr…õ ka n y…õl' amu m yaba din Baffour, o ti Nindaan. O k…õŇč accident ka ny…õŇč so ka din bee din ti ny…õ Asokwa. Ka bi maa o di bi kp…õni, o ku o digindi ni o sibu y…Ē…£u. Ka y…õla din kp…õm sana, ziim ka b…õ o so, ka y…õla din kp…õm na…£a, amma o b…õri o pam ni o kubsi y…Ē…£u. O ti Nindaan, ka ti b…Ēri la ti ny…õ di be o maa y…õla ni."
95,"Allo, ny…£im y…õli n yu…£u la Akua. N fr…õ ka y…õligu daa wuhiri ka bia ny…ĒŇč yi la k…ĒŇč. O yu…£u la Afia, o b…õ ka pia anu w…Ē pia ay…Ēbu na din doli. Ka y…õligu kp…õŇč o ‚ÄĒ o Ňčun bii o kp…õŇč doli din y…õli ka a b…õri mi. Ti b…õ Bolgatanga-Bawku ny…õŇč k…ĒŇč, Navrongo doli ni. Ka y…õligu ka din ku yaa pa…£a ‚ÄĒ o kuli b…õ ka o ti y…õli, a ny…õ a ny…õla a b…õ ka o la…£im …£uŇč…£ibu. N daa, ti bori la nini o s…ĒŇč o o yaga ni."
96,"Allo, N daa. Ka ny…õŇčt…Ē…£a b…õ y…õra n daa. Ka sh…õli k…Ē…£ibu be din n b…õ y…õ ni di y…õla n'o gb…õ Tamale-Yendi ny…õŇč suhurli, Savelugu baŇč doo. N t…Ē…£a ny…õŇč Ibrahim, ka maa n be ny…õŇč Ňč…Ē din n nii bi…õla do, Agyeman, o gbini o ka…£a bi…õla kp…õŇč ny…õŇč guu. O tiŇč y…õligu o, ama ka o y…õla k…õ biza…£i ‚ÄĒ o da…£i ny…õŇč dabia li zoli, ka o tiŇč za…£iri o daa daa kata…£i. Nindabi do bee o Ňč…Ē be, ama n b…õ y…õ ni yi ny…õ o y…õla, n daa o baŇč, o bori la d…Ē…£ite o na n'o mali."
97,"N daa, n b…õ y…õ ni n y…õla Ňčun kadi o tiŇč kadi din maa so ka o naahi ka di…£ila din to bi ny…õla Nalerigu. M taaribi…õla Vida ‚ÄĒ o ny…õŇč bee la market kama o daa gbini, ka kadi din so o tiŇč nyoro y…Ē…£u, ka o tiŇč nyoro daa soli ka a bee ka o tiŇč nyoro daa naahi wuhiri. O tiŇč nyoro saa bee gbari la daliŇč ka o kaa li tiŇč na k…Ēhi, naa ka o ny…õ lala o maa y…õla ka o y…õli lala bee Ňčani. Maa din be yuma maa ka M yuli la Elinam, n bee Vida be la nika. Ti bori ni pam kadi ti bori ti ny…õ o y…õ ni o ny…õ la kliniki bee ti Ňčani ka ti soli o yili."
98,"N daa, y…õla gb…õrana daa kpem di…£im ka m bori s…ĒŇč ka ka chen daa. M yuli ny…õ Memunatu, ka m b…õ y…õ ni Nii Kwei y…õla ‚ÄĒ o gbini kom pali Kete Krachi ny…õŇč dali, kuta Dambai. O kpe…£i kom pum, ka ti daa b…Ē…£ o b…Ēri, o tii soli naawuni ‚ÄĒ o tiŇč y…õligu daa, o Ňčun ni o nuu y…õla ny…õ ka o ka b…õ zoli. Bia kpemma la, bi…õla tooi, ka o ny…õ y…õla wuhim daa di…£im. Ti di zoli ka ti ka Ňčmani b…õ mi d…Ē…£ire o. N daa, di fr…õ Ňčun kpen ka o ni daa wula, ka ka chen."
99,"N daa, n b…Ēri y…õla k…Ē…£im bil…£ibu din kp…õŇč zaŇč ka o ny…õŇč k…Ē…£im din n b…õ yi Oforikrom. N yuli din bee Kwame, ka sobiŇč din yuli din bee Appiah ‚ÄĒ o bee n yaba bi…õla, o ny…õ bi…õla t…ĒŇč. O di tuma siŇč construction site din b…õ sa…£im zaŇč, ka b…õ k…Ē…£im yela gb…ĒŇč zaŇč ka kp…õ o Ňčun zu…£u, ka o gbini. O ti soli daa, ama o ny…õ y…õligu n daa ‚ÄĒ o pam ti b…õ ziŇč ziŇč, ka o kp…õra y…õligu o daa n daa, nba miri daa. Ňäun ni n b…õ tutu…£u daa. Ti ny…õ Ňčun nyin daa k…Ē…£im zu…£u. Yi s…ĒŇč ti, ka Ňčun b…õ yi ma ni. K…Ē…£im din kp…õŇč o zu…£u din ny…õ baabu bi…õla daa ‚ÄĒ o bori la s…ĒŇč ka y…õligu daa."
100,"N daa, a y…õligu pa…£a daa na…£ ka n bori s…ĒŇč to…£o to…£o. M yuli ny…õ Nii Laryea, ka m fr…õ ni y…õla di pagiri din ny…õla Adjei y…Ē…£ili. O b…õ ny…õŇč Ňč…Ē…Ēn din bee Takoradi ni Cape Coast, kola Anomabo sa…£im. O b…õ tuma construction k…Ēligu din, ka to…£o kpihibu din gbuni o tiŇč zu…£u ‚ÄĒ ka y…õligu pa…£a daa, o tiŇč si…£i naa ka ziim bee o pa…£a daa. Ti kpahi doo o zu…£u ni ti man…£ ni ti pam o ziim …£eya, ama o y…õligu pa…£a daa ka ti b…Ēri o y…õla naa. N daa, tilgi s…ĒŇč pam ny…õŇč din sa…£im Anomabo to…£o to…£o."
101,"N daa, n b…Ēri k…Ē accident din k…Ē…Ē din y…õla. N yuli di b…Ē Nii Armah, ka m b…õ y…õ ni n dobiisi Abena y…õla. O k…Ē…Ē accident ny…õŇč Accra ka Cape Coast dabari ny…õŇč, Winneba sa…£im. Ka…£a yini daa d…Ē…£i trotro waa o b…õ o ti p…Ē, ka o Ňčun daa nyaŇč o ny…õ kp…õm din b…õ o tooi, ka o kp…õŇč. O gba ny…õ y…õligu o Ňčun sa…£im dobiŇč. O b…õ soli ka o b…õ y…õ ka y…õba, ama ti b…õ b…ĒŇčsim b…Ē ka o b…õ y…õ ka o kp…õm nyaŇč b…õ y…õligu la ka ka y…õligu. Ti b…õ o sa…£im, ka o bori d…Ē…£ite yini f…Ēli…£i o y…õliŇč."
102,"N daa, k…Ēligu din, b…Ē…£u din maa be Bawku ny…õŇč so, Zebilla k…ĒŇč. Bi…õla bia y…õla, Araba, tipper truck dii o w…Ēbu o bee ny…õŇč b…Ēri. O gbini, o Ňčun k…õ saa k…Ēri t…õ, amo o ny…õ ti soli alaa ‚ÄĒ o bee y…õli din, o be y…õligu. Am…Ē o bee ti gburi din o yuli b…Ēri ka y…õligu o din. N yuli Patience, m b…õ o naabo din n ny…õ din maa Ňčma. N daa, d bori la o ny…õŇč ka o naabo ka nin yi la kpe ny…õ o hal, bala o y…õla bi…õla bia, d ti bori goli ba…£ baa di b…õ s…ĒŇč."
103,"N daa, accident bi la Ho-Accra ny…õŇč zu…£u, Adidome Ňč…ĒŇč. M danba, Nii Kwei, o gbini ‚ÄĒ m gb…£a o b…õ ka…£a zu…£u abi Ňč…ĒŇč, ka o kp…õŇč wuhigu. O gb…£'a o Ňčun ni o guu Ňč…ĒŇč zibu, ka m ta o b…õ y…õla, o soli la, ama o ny…õ maa b…õ y…õla ny…õri ‚ÄĒ o ny…õ yu…£ili la, ka o nyu'a o guu, o y…õt…Ē o y…õligu pa…£a. O bi la bi…õla, o pihigu b…õ y…Ēbu aw…õi abi Ňč…ĒŇč. M…õ yuli la Agyeman, m b…õ o daŇč saha yi. N daa, yi fr…õ Ňčun kuri yi b…Ē ni, bala m tili o yoli pa…£a ‚ÄĒ m bori la o nyini y…õla."
104,"N daa, n b…õ y…õ ni m y…õl' accident din k…õŇč ka Ňčun nya Yendi Senior High School. N yuli di Issah, ka ti dalba yini, Dela, pragyia daa kp…õ o ka o b…õ school entrance ny…õŇč din n daa n ti s…ĒŇč o waa sheli di zaŇč o ny…õ ka o na guri. O bia wula, ka o tiŇč y…õligu, amaa o ny…õ o maa y…õla ka ziim bee o pa…£ili daa. Ti daa o ch…õ o ti zaŇč o ch…ĒŇč ka nindoli yini b…õ ni o be Ňčun nya."
105,"""N daa, m yuliya nye Appiah, m fr…õ dee Winneba Senior High School. Ti p…Ē…£ibi…õla baŇč yini, Naa Dedei, o gbini teeŇča z…Ēri b…ĒŇč ni, kul' be dormitory block dali, ka o kp…õŇč, ka o Ňčun gbini teeŇča zuli b…ĒŇč ni. O ny…õ vi…£imsim, ka o gbilim, ama o yuŇč o k…Ērigu ka o yet…õ o y…õligu daa tooi tooi. Ka y…õligu ka daa gb…õŇč laamba, ama ti bori n t…ĒŇč ka ti ny…õ s…ĒŇč."""
106,"N daa, m b…õ y…õligu Ňčun y…õla bi gb…õra pa…£a daa maa, bi zaa n'a k…Ēlibu tuma y…õla. M yuli b…õ Yakubu, maa ny…õ teacher bi doo. Ti su…£ulo cook, Elinam ‚ÄĒ o ny…õ kp…õma pa…£a ‚ÄĒ o b…õ ny…õŇč di ka o b…õ dining hall do, ka school bus gbinsi saa naa, ka ka…£a la naŇč o. O Ňčun kp…õŇč bunbu…£u ka sa…£im pa…£a, ka o ny…õtiŇč bii ny…õ ka a ny…õli gbaani. O bee dirim, ama n b…õ y…õligu ka ti bi wuhi o yuli za…£i ka o ti Ňčmaa ti nii si…£i, ka ziim bee o Ňčun. N daa, yi maa s…ĒŇč ‚ÄĒ yi b…Ēri zaa. O ny…õ kp…õma, ka y…õla ni ny…õ pa…£a sa…£im."
107,"N daa, m fr…õ ka bia p…Ē y…õlna pa…£a w…Ē…£u ‚ÄĒ okada kl…õ o w…Ē…£u ni UPSA campus ny…õŇč kp…õŇč doo, ka o gbini Accra. M yuli di Amoah, n kuli l…õktara ka n diri ka so. Yaa o kuli first year student ka o di m b…õ ka so. O y…õlibu n-ny…õ ka o di b…Ē ny…õŇč ka lectures vi…£i lana, ka okada tibu kl…õŇč o ‚ÄĒ o gbini ka o Ňčun ny…õ bundu…£u. Amaa o soli daa, o p…õlim o y…õla. O kp…õŇč soli o ban bi…õ doo, ka ziim bi…õ bee o Ňčun kp…õŇč, amaa o y…õla ny…õ o zoli o ni kp…õma v…Ē…£u."
108,"Allo, N daa ‚ÄĒ n b…õ y…õ n y…õl'a b…õ daa y…õla din k…Ēhi ka Cape Coast University ‚ÄĒ din bi y…õla, Sulemana, ka o b…õ ti kp…õŇč kom din pam swimming pool p…Ē, ka o m…Ē…£insi ka o ti zaa bi boli zaŇč o. Ka o daa kp…õŇč di pam, ka bimba din bi zaŇč o din gb…õ…£isi n ny…õ Kweku ‚ÄĒ Kweku n'o zaŇč o n z…ĒŇč o v…Ē…£iŇč sh…õli zaŇč, ka o n fr…õ ma ka n bi y…õl'a sh…õli y…õla din k…Ēhi. Sulemana o ny…õ o maa y…õla Dana ‚ÄĒ o ti soli a, o wuhiri bugim. Ka o y…õl…Ē ka o nuu b…õ y…õligu daa ‚ÄĒ bimba din zaa o p…Ē…£im din b…õ o zaŇč o la, n m…Ē…£ sh…õri ka din k…Ēhi ka y…õligu o nuu so. Ka ka y…õligu sa…£im y…õligu sa…£im bi…õla ‚ÄĒ ama n ny…õ ni d…Ē…£ite sh…õ…£im o y…õla a palli b…Ēri."
109,"""Allo, m y…Ēri Amankwah, m ny…õ student Koforidua Technical University. Ka kande, ti practical session w…Ēribu ti workshop p…Ē, m t…Ē student baŇčŇča, Emefa, o ny…õ la grinding machine tuma, ka metal bi baŇčŇča yuli dii o Ňčun do…£im. O ny…õ o wuni ka o gbiri y…õli, ka y…õligu bee o ‚ÄĒ ka o ny…õ o ti soli kooh ‚ÄĒ ka o Ňčun do…£im wuli bee o, ka o ny…õ o y…õli wula bee o. Ka o b…õ ny…õ unconscious kooh, ama ti gbori la doo, bala ka o do…£im wuli ka Ňčun yin bee o, ka o ny…õ o y…õli ka o Ňčun zoori o."""
110,"N daa, m b…õ y…õ ni. M f…ĒŇč ka m b…õ y…õlim o Nii Armah y…õla ‚ÄĒ o ny…õ k…Ēligu t…ĒŇč y…õndi palli T.I. Amass Kumasi. Ti daa b…õ science lab puu ti b…õ ti practical tuma, ka Bunsen burner yini daa bugisi ka o y…õm o nuu. Ka nuu palli din k…Ēhigu kura bee o ‚ÄĒ o nuu Ňčuna daa k…Ēhigu, Ňčmahimba palli, ka yuli bee o daa, ka o y…õlimda ka ka y…õligu o. N yuŇč Selorm, maa b…õ o lab puu tim. N bori n ny…õ y…õla, ti bori n maa di tuma aaniŇč ni, ka ti ta o ny…õla yili maa, ti bori n ny…õ o sobiri dali."
111,"N daa, m b…õ y…õ ni. M fr…õ la a Kumasi Academy. M y…õligu din Wiredu. B…õ za…£iri b…õ simlim pa…£a, t…Ēlim bi ayi din b…õ bi nuu sabsab ‚ÄĒ o y…õligu din b…õ bisikili ti, ka b…õ pa…£ b…õ boro nuu, ka Afia gbini ka o nuu yuli pubu daa tiŇč. O ny…õ o m…Ē…£a ‚ÄĒ o ti soli soli, o b…õ gb…õŇč daa y…õla. Ama o nuu wuhibi la, ka o ka' y…õligu o ma gum b…õ o nuu boro. Ti ku bori wula o nuu kp…õ la, ama ti bori la d…Ē…£ite din o pa…£ ka o na' o ny…õ Afia."
112,"N daa, m y…õlibu y…õla Issah. M b…õ fr…õ ka diri Adisadel College, Cape Coast. Alhassan bee n din biri ka kpaabu ka ka…£a bi…õla o kuu w…Ē…£iri Cape Coast bu…£im ‚ÄĒ ka…£a gb…õhi o zoli school gate k…ĒŇč. O gbini, amma o maa b…õri, ny…õ o gba kpe so so la. O tiŇč y…õligu daa bi…õhi, n'o ny…Ē…£ibu bee o tiŇč zoli. O zaa ch…õ zu…£u n'o b…õ tuma o tiŇč, so ti ti la…£im ka o tiŇč gb…õhi ni. Amma o kp…õra so o maa zeŇč zinli zinli. Ti bori la ka d…Ē…£ite nini o soli ka di pam ti ny…õ."
113,"N daa, n b…õ y…õ ni n y…õl' y…õla pa…£a doo soli ka o timbu y…õ ka a ny…õ dee Tamale Senior High School. Maa y…õligu tuma, n din y…õ Nii Kwei, n y…õ di kp…õma doo din tuma v…õla di suhiŇč. Kp…õma be din mali doo din tuma kabu yili din ‚ÄĒ Yaa ‚ÄĒ o naa bee dining hall dind…Ē…£u ka ka…£a doo din k…ĒŇč di b…õ din ba o bali yaŇč ni, ka o k…ĒŇč o daa, ka o gbini ka o tiŇč Ňčmari y…õli pa…£a. O tiŇč nan ny…õ o ka timbu daa, ka o tiŇč vi…£i, ka ziim bee o pa…£a. O ny…õ o y…õla doo, ka o b…õri mi, ka o buli buri, ka o tiŇč be ka o tiŇč min naa. N daa, yi maa s…ĒŇč, yi wa y…õŇč y…õŇč ka o y…õ nindaan, ka o tiŇč y…õligu pa…£a."
114,"""N yuli di Naa, n fr…õ bee Tamale Technical University p…Ē. N di doo Abenaa ‚ÄĒ o b…õ student la Ňčan ‚ÄĒ o b…õ kana ka…£a yili din b…õ engineering block doo p…Ē, o daa na kana di, o daa kp…õŇč, o gbini o Ňčun diin. Ziim bi…õla kp…õŇč bee ch…õ, n'a dinzu…£u o ka y…õligu, Ňčun o gbaŇčŇču ka y…õligu din, ama o ny…õla o y…õri n'a li b…õ y…õla. Ti bori y…õla ‚ÄĒ ti niŇčda ti ya…£iri o ny…õla yili soli, bo d…Ē…£ite niŇči ti o ti o soli nni? A s…ĒŇč maa y…õl ma, o niŇč di pam?"""
115,"""N daa, n fr…õ di k…ĒŇč y…õla din kp…õŇč ka din bee Navrongo Senior High School Ňč…Ē. M yuli ny…õ Abenaa, n ny…õ tiŇčdaan. Ti sukuu maintenance pickup dee o ny…õŇča din bee compound …Ē l…Ē…£im din kp…õm workshop …Ē, ka o di Fuseini ‚ÄĒ o ny…õ ti PE tiŇčdaan yini ‚ÄĒ o dee o ni ka o bee ny…õŇča o ka o Ňčma o. O b…õ kani, o ti soli daa ‚ÄĒ ka o tiŇč y…õligu o, ka bruise bee din daa. O ch…Ē…£im di daa, ka ti bori Ňčun yini o ti o din bee nin n zuliya o, barka o y…õri ka y…õligu …Ē ti zoo."""
116,"""M y…õligu la Kwabena, maa diri sukuu Opoku Ware School Kumasi pam. Goluk la ni, d'o ti tuma home economics practical, bia yini m class pam ‚ÄĒ o y…õligu la Baffour ‚ÄĒ o kpiŇčsi ka…£a y…õligu yam daa bi…õndi la do pam, n o kpiŇč kpam, dooni bia ny…õ o bisi yim daa o pam zu…£u kpi…£li o zu…£u. O pam bee o daa ‚ÄĒ ka y…õligu bi…õndi la. Ka y…õligu ka daa kp…õŇči sa…£im la, saa o paali ny…õri la bim la bi…õŇč, ka bisi ny…õri la n'o tibigi, ama o bee y…õrili za…£a, ka ti m…Ē…£li sa…£im. Karim la tuma maa maaŇč ni n ka fr…õ n dini n y…õligu ka yi ny…õ o."""
117,"""Allo, N y…õligu Alhassan. N b…õ fr…õ ama bi…õla yini din ti n y…õligu Nii ‚ÄĒ ka…£a gbini o k…ĒŇč Achimota Senior High School dii k…ĒŇč Accra. O b…õ gari ny…õŇč k…ĒŇč so daana school ti t…ĒŇč wuhigu, ka ka…£a gb…õ o maŇč maŇč. O Ňčun gbini sabi ka o lan ti kuli y…õla ‚ÄĒ o b…õ ziŇči b…Ē…£u. O Ňčun kp…õŇč laa y…õli naawuni, o naŇč daa ka y…õla zaŇč ka zaŇč. Ti nyi ka n yi fr…õ o la ka ti su…£iri, bala o naŇč y…õli daa ka o zaŇč ziim k…ĒŇč do. Dimi su…£ulo, o bori s…ĒŇč ni wuhigu wuhigu ‚ÄĒ fr…õ ambulance, o bori d…Ē…£ite yini maa. Y…õli daa!"""
118,"""Allo, m y…õlibu di Naa Shormeh. N b…õ y…õ ni ka n fr…õ ka m y…õligu n doo Naa Akorkor w…õla o k…õŇč accident ka diri Bolgatanga Senior High School. O b…õ yi b…õya w…õla yili so Ňčun ka o kp…õŇč Ňčun so…£im ka o gbini, ka o kp…õŇč daa ka ka y…õligu ka o o tiŇč di ka w…õla gaha din b…õ o boli. O maa ti soli, o ny…õ o y…õla n maŇč, Ňčma o y…õligu o b…õ y…õ ni ka digindi din b…õ o soli Ňčun maŇč ka y…õligu daa, ka o ny…õ o maa z…Ēligu bee ka o b…õ daa di. Ti s…ĒŇč o ka o ch…õ gb…õŇč kaa yili b…õya Ňčun daba Ňčun, Ňčma ti b…õ yi daa o din o b…õ ny…õla, bala ka a di maa o din ti di o o bali-bali, o maa toroŇč daa."""
119,"N daa, m fr…õ maa b…õ kuri be, ka y…õligu ny…õ Mfantsipim School Ňč…Ē, Cape Coast ‚ÄĒ m y…õligu din y…õra Mensah, m ny…õ house prefect din be yila Ňč…Ē. Kp…õŇč nima bihi ka din gbaai din kp…õm ka y…õligu ny…õla ka pam lana ‚ÄĒ baŇč bihi ch…õli a din zu…£im ka y…õligu be ba niŇč ka la kp…õm y…õligu sh…õli be nindoonima tooi ka ny…õ ba niri din gbaai Nii Kwei y…õligu din sana ka o pam ni o tiŇč doli Ňč…Ē y…õligu yi…£a. O ni yuli be yuli, ama o ni kp…õŇč o ba ni, ka a din gbimdi o niŇči ka o ny…õ y…õligu daa. Ti ku baŇč Ňčun din ny…õ a o pam lana din pali a sh…õlibu, ama o ny…õ la o y…õla ku y…õligu daa kaa."
120,"N daa, m b…õ y…õ n bori la s…ĒŇč. M fr…õ fr…õ ka b…õ Kumasi, KNUST campus. M yuli di Owusu, ka maa n b…õ hall football team puu. Ti b…õ daa football training zaŇč gb…õŇč, ka Kwabena o kp…õŇč wuli ka o l…õbiti o yiŇčb…ĒŇč tiŇč yuu ka tiŇč y…Ērigu kana daa. TiŇč nya…£u bee o daa ‚ÄĒ o tiŇč nya…£u gb…õŇč! Ka o palli ka o tiŇč ti tiŇč b…Ēri la y…õligu. O ti so ka o ch…õ football ground s…Ē…£ili, ti zaa ti o kp…õm ka ti soli o grassland yuu. O tiŇč ti kp…õm ba y…õli, Ňčun so, amaa nya…£u Ňčma bee ka a daa Ňčmaba ka o y…õli ka y…õligu nya…£u tuma o daa. Yi naa so ka yi Ňčun d…Ē…£ite yini yi wa laa o, ka o yi maa nyi ka naa be o y…õla?"
121,"""N daa, b…õ ny…õ ka y…õlla ny…õ ka Ňčun la Ňčun ka m bori n y…õl y…õlla. M yuli di Dzifa, n b…õ y…õ kaya Ňčun dali ny…õ Wesley Girls lana. Ti bi…õla ayi ny…õ la ka b…õ gari ka gbaŇč ka b…õ n'gbaŇč ka sa gbana. A gbaŇč ny…õ gbini ka pam kaa ‚ÄĒ bi…õla ny…õ b…õ ti bia a Mfantsipim la, o ny…õ ka b…õ y…õli baa tia, ka kuma sa ny…õŇč la nili. Bi…õla ny…õ mali kaa o daa gb…õni Efua Ňčun tili ka water bottle, ka o gbini ny…õŇč da. O ti soli kaa ‚ÄĒ o nyi la ka o ti n…õ…õ soli, ka Efua n'y…õli o Ňčun ka y…õligu daa kana kana, ka o Ňč…õ o Ňčun kabi…£li. Ti daa tun bi…õla nkpe la soli, ka Efua n'b…õ la s…ĒŇč ‚ÄĒ o bori d…Ē…£ite o nya o."""
122,"""N daa, ka y…õli k…ĒhiŇč pa…£a y…õligu bee ni ka Prempeh College k…ĒŇč, Kumasi Ňč…Ē. Mali n y…õligu ch…õla, n ny…õ Asante, school bia. N pio Kojo b…Ēri mali ny…õŇč dii bu ka kp…õŇč yi tuma ka sa…£im ka nyu Kumasi, ka o kp…õŇč tooi ka o gbini tiŇč Ňč…Ē y…õligu ta…£im. O tiŇč gb…õli gb…õli, ka ka kuli o tiŇč ni Ňč…Ē o di y…õligu ‚ÄĒ ziim bee o baŇč. O ny…õ b…Ēri yi Ňč…Ē ka o ti soli ch…õŇčma, ka o ti saa tiŇč Ňč…Ē daa kuli. Ka ti mi…õla ma, ka b…õri t…ĒŇč yi Ňč…Ē ka ti mi…õla kpe o. N daa, bia daa na…£i ya k…ĒŇč ni tilima!"""
123,"N daa, n b…õ y…õ ni n k…Ēli y…õla bi gbini University of Ghana, Legon saha, din k…Ēligu yili dooi. N yulhi n ny…õ Nii Armah, n ny…õ student bi Ňčun y…õligu din kp…õm kp…õm. Senior students dooi b…õ ny…õ initiation bi…õla ‚ÄĒ Ibrahim ‚ÄĒ ka o ny…õŇč gb…õra ta…£i tiba. B…õ nyu…£u o pam ni o digindi ta…£i tiba lahibi, ka bi k…ĒŇč o ti diri y…õligu sh…õli. Ka k…ĒŇč, o ny…õ o maa tobri tobri, o nan ka tari y…õli…£u, ka o y…õla o y…õligu b…õ o din gbim bi…õm niŇč. N k…ĒŇč kp…õŇč n zani ma, ama bi…õla daa bori d…Ē…£ite ny…õ o. Y…õla dooi ny…õ ni ka y…õligu nyu o pam lana."
124,"""N daa, m roommate Serwa gbini ka ti…£a Ňčun ka ni y…õligu o din Ashesi University ni m k…Ēri. O kp…õŇč ka o Ňčun nyaŇčdi kp…õra desk saŇč daa ‚ÄĒ so o daa ti y…õla ka o ny…õ daa y…õla sh…õli ka saŇč sh…õli, o kponni sh…õli ka o ti s…ĒŇč. O guri ni daa ka kpihim zaŇč o, ka n ny…õ o yikpamli ka o mali mali. O b…õ di ka b…õ di ka b…õ da nya zaŇč ka b…õ di ka b…õ da nya zaŇč ‚ÄĒ zaŇč ayi din di la, o ti di ka b…õ ny…õ o da zaŇč ka b…õ guli ka y…õligu. Ňäun Ňčmalinli o daa bee sh…õli, ziim bee o li b…õ y…õla sana. N yuli Nhyira, m b…õ n yeli bi roommate la ‚ÄĒ N daa, d…Ē…£ite kpe ni fr…õ ka o wa o ny…õ o la ka o ti s…ĒŇč o?"""
125,"N daa, m b…õ y…õ ni ‚ÄĒ m fr…õ bee GSTS, Takoradi. M yuli di Fuseini. K…Ēli din ka b…õ daa, catering practical din ka b…õ s…ĒŇč la, Selorm s…ĒŇč ka…£a bi…õla din ka ziim m…Ēri bee o ‚ÄĒ o gbini ka o nuu tiŇč ban k…õ o gb…õŇč. Ziim m…Ēri bi…õgu bee o nuu ni daabi…õgu, ka o nuu Ňč…Ēri daa ka ka y…õligu bi…õŇč. O b…õ goli ka o b…õ y…õli, ka o ny…õ o maa la ‚ÄĒ o ti kp…õŇč. Ňäun tuma o bee o ni ka o n'y…õli ma o y…õla ni. Ka m di kasim maa bo, ka o tuma maa din b…õ kara o ‚ÄĒ o y…õldi o fr…õ ma. N daa, ti bori la a n t…ĒŇč ti ‚ÄĒ ti n b…Ēri din ti k…õ o y…õla ni …ďe saha din ka ti Ňča wari o k…Ē clinic?"
