id,narrative_twi
0,"Me pawo…î ky…õw, me ba Kwame ay…õ kar accident ha w…î Damongo awiabere yi. ∆Ürek…î twa …îkwan no ho dwam no nky…õn no, pragyia b…î…î no na …îtuu fam. Ne nan y…õ no yaw, na y…õhunu k…ît…î ne abusua w…î ne nan so, nanso …îtumi yi no kekaa, enti y…õnsu s…õ ne dompe atwa. Me din de Baffour, na mep…õ s…õ obi kyer…õ me s…õ meny…õ de…õn ama no seesei."
1,"Me pawo…î ky…õw, mep…õ s…õ meka biribi a …õsii ha w…î Tamale central. Me h…îho…î babarima, Kwame, …îne trotro no w…î mu na kar fofor…î bi b…î…î mu fiti nfa ‚Äî …õny…õ den papa, Onyame adom ‚Äî nanso …îtuu fam no, ne tirim ne ne k…înk…în b…î…î asase. ∆Üy…õ aberante ketewa, ne mfe…õ b…õy…õ adu…îson ana saa. Me din de Dela, mene …îhaw a mefr…õ no. Abofra no te ase seesei, …îhunu ne ho, nanso …îreka s…õ ne k…înk…în y…õ no yaw kakra."
2,"Agoo! Me pawo…î ky…õw, me nuabarima Mensah ‚Äî aboboyaa b…î…î no Takoradi dwam ho no, na …õny…õ akye biara. Motor no b…î…î no na …îtuu fam yie, na ne ti ne ne k…în ho y…õ…õ no yaw w…î saa tutu no mu. ∆Ühunu ne ho na …îreka, nanso …îreka s…õ ne k…în y…õ no yaw paa, na ne ti fa bi so ay…õ hwerew. Me din de Nhyira ‚Äî mew…î ne nky…õn seesei ara. Me pawo…î ky…õw, soma onipa mmra boa y…õn, efis…õ y…õnnim s…õ y…õns…õ y…õ no hy…õ kwan anaas…õ y…õntena h…î. Me pawo…î ky…õw, soma ambulance mmra nt…õm ara!"
3,"Me pawo…î ky…õw, as…õm k…õse bi aba ha Axim. Me y…înko ba, Issah, kar b…î…î no w…î …îkwan so a …õb…õn efie no ho, na w…îde no baa ha, nanso abofra no y…õ no den paa. Ne nan y…õ no yaw k…õse ‚Äî …õte s…õ ne dompe atwa na mogya p…ît…î…î p…ît…î…î saa, y…õn suro. Me din de Mawuli, mete h…î ara k…îse no, na ne maame ne ne papa w…î ha nanso w…în nnim d…õn na w…îny…õ. Me pawo…î ky…õw, mmoa mmra nt…õm nt…õm, efis…õ abofra no y…õ ketewa paa na …õy…õ no yaw dodo."
4,"Me pawo…î ky…õw, mep…õ s…õ meka accident bi a …õsii Kumasi-Tamale …îkwan so, Ejura nky…õn h…î. Me din de Naa Dedei, na merefr…õ afa …îbarima ketewa bi ho, w…îfr…õ no Nii. ∆Üw…î kar accident mu ‚Äî kar bi b…î…î no, na w…îabubu no yiye w…î ne yafunu ne ne bronya ntam no h…î. Nanso …îhunu ne ho daa, na …îretua aso. ∆Ünni state pa ara, nanso …îrey…õ saa saa kakra. Me pawo…î ky…õw, obiara mmra mmoa no, efis…õ …îhia mmoa nt…õm ara."
5,"Me pawo…î ky…õw, biribi de33 asiane na …õda h…î, na mehia mmoa nt…õm ara. Me din de Appiah, na merefr…õ ho fa opanyin bi ho ‚Äî ne din de Abena. ∆Ürey…õ adwuma beaebi a …õb…õn Kete Krachi …îkwan no, Dambai nky…õn ‚Äî …îrek…î ne adwuma a …îde adoadoa annie…õ a …îde soa ade no, na biribi de33 k…î…î f√£ biara, na wahurt no den yie ne fasu ne ne yafunu ho. ∆êy…õ no yaw paa na …întumi nk…î nk…î da, na asiane no y…õ den. Me pawo…î ky…õw, soma onipa mmra nt…õm ara, efis…õ …îy…õ opanyin na asiane no y…õ den paa ‚Äî y…õntumi nni ho nko ara ansa."
6,"Agoo, me pawo…î ky…õw, boa me. Me nuabarima Hamza, pragyia b…î…î no …õnn…õ awia ha Salaga. Mene Yakubu, na merefr…õ wo ne ho enti s…õ …îda ho na …îhome seesei. Motor no b…î…î no n'afa so, na …îtuu fam, nanso …îs…î…îre ne ho ankasa, enti …õny…õ den paa. ∆Üy…õ me yaw kakra w…î n'akyinnakyinna ho, na …õw…î ho bruise kakra bi, nanso …õnhw…õ s…õ dompe atwa anka biribiara saa bi. Y…õp…õ s…õ y…õhw…õ s…õ …îho t…õ ase paapaapa, na y…õp…õ s…õ y…õnim s…õ y…õns…î no ak…î baabi anaa d…õn na y…õny…õ."
7,"Me pawo…î ky…õw, as…õm k…õse…õ bi asi ha Wa Central na mhia mmoa nt…õm ara. Me din de Agyeman, na merefon fa …îbarima koko…î bi ho ‚Äî w…îfr…õ no Owusu ‚Äî kar b…î…î no w…î …îkwan so ha seesei ara. Abrant…õ no ny…õ s…õ koraa, ne nan y…õ…õ no f…õ…õf…õ…õ, …õs…õ s…õ ne dompe atwa yiye na mogya p…õ…õ de retu firi h…î. ∆Üntumi ngyina anaa sisi ne nan koraa, na …õy…õ no yaw paa, …îda fam h…î nko ara. Me pawo…î ky…õw, y…õhia ambulance bi soma mmra ha nt…õm ara ansa na as…õm no agu biara biara."
8,"Me pawo…î ky…õw, merefr…õ ama mekyer…õ mo as…õm bi a asi me nuabarima Kwabena ha Yendi. ∆Üreyo adwuma bi efie ‚Äî …îretw…õ biribi w…î takyire so na mese ‚Äî na kakraa bi tuu fam de b…î…î ne ti akyi. Me din de Appiah, mene nea orefr…õ no. ∆Üse …õny…õ no yaw paa, eye kakraa nt…õm ara, nanso mogya bi w…î h…î, enti yep…õ…õ se y…õhw…õ s…õ …õho ye."
9,"Me pawo…î ky…õw, biribi b…îne paa aka abofra baa bi a w…îfr…õ no Felicia w…î Kumasi-Cape Coast …îkwan no so, Mankessim nky…õn. Mmarima bi sotoo no, w…îbuaa no yiye paa, na ne nsa no y…õ b…îne dodo ‚Äî …întumi ns…õe no koraa, na ano ay…õ huu na …õda wrong way so. Mene Boateng, mede me kar rek…î na mihuu no …îkwan no nky…õn no so resu, obiara remma no boafo. Me pawo…î ky…õw, mo nso soma onipa bi mmra nt…õm nt…õm, efis…õ abofra baa no mogya p…ît…î p…ît…î rehwie, na …õs…õe s…õ …îreb…õhwe ase na …îany…õ hunu."
10,"Me din de Asare. Mefr…õ mo …õfiri s…õ biribi asi Elinam, …îba bi ho. ∆Üredi jollof ase wo ne flat no mu ha Adenta ‚Äî pressure a …õw…î pot…î no mu no maa n'ano hy…õ…õ so k…õse ara ma steam na nsuo hyew fii mu k…îhye…õ ne nsa ano ho. Ne nguan no aboa so na mm…îboase bi da refi adi, na …õy…õ no yaw pa ara. ∆Ühunu ne ho na …îrekan, nanso hyew no ho y…õ hu, na …îsesa s…õ …õy…õ no yaw paa ara. Y…õp…õ s…õ mukyer…õ y…õn de…õ y…õb…õy…õ ama no seisei ara."
11,"Agoo, me pawo…î ky…õw, tie me. Me ba Kojo wabubu no …õnn…õ w…î k…î b…î mmoa w…î carpenter dua dwumadi mu ha w…î Assin Fosu. Dua bi atua agu ne nsam so na …õtaa no kakra, enti mogya rei firi h…î kakra, nanso ne nsa resakyer…õ yie ara p…õ. Me din de Kwasi, mene ne agya. Y…õahorow no yie na y…õakyekyere ntama ho, nanso met…î…î so p…õ s…õ meb…õb…î amane…õ …õfiri s…õ …îy…õ abofra ketewa ara, na menhunu brono…î s…õ …õs…õ s…õ y…õde no k…î …îyaresabea anaa dea."
12,"Me pawo…î ky…õw, …õy…õ as…õm a …õy…õ hu paa a abu w…î Cape Coast-Elmina …îkwan so no. Abofra b…õr…õ kakra bi, Appiah, kar b…î…î no, na ne s…õ …îw…î mpaem paa. Ne nan ‚Äî m'adwene s…õ …õy…õ ne nan anaa ne nsa ‚Äî w…îabubu no yiye, s…õ ne dompe atwa, na mogya retu fro paa. Me din de Maame, na merek…î na mhuu no da …îkwan nky…õn no, na nnipa ahyia h…î nanso obiara nnim de…õ …îb…õy…õ. Me pawo…î ky…õw, soma mmoa mmra nt…õm, abofra no hia mmoa seesei ara!"
13,"Me pawo…î ky…õw, mep…õ s…õ meka biribi a …õsii ha w…î Dambai. Me y…înko ba, Fatima, OA taxi bi b…î…î no w…î …îkwan so ‚Äî accident ketewa bi na …õsii, nanso abofra no abubu. Me din de Edem, mene …îno a mefr…õ no. Ne nan so w…î mm…îbor…î bi ne ahohoro bi, nanso …înan ko tiaa tiaa, enti y…õntaa s…õ …õy…õ den pa ara. Y…õp…õ s…õ w…îhw…õ no yiye p…õp…õ…õp…õ."
14,"Me din de Mawuli. Merefr…õ s…õ meba nhyiamu fa abofra bea bi ho ‚Äî …îbaa ketewa bi, Sena, w…îabubu no bere a …îreye adwuma. ∆Üreye afuo adwuma w…î …îkwan ho w…î Kumasi-Sunyani kwan so, beae a …õb…õn Techiman, na ade duru bi atow agu ne badwam so ‚Äî me susu s…õ …õy…õ ne nsa ase no. Ne nsa no ahunu, na …întumi nyi no yiye, nanso …îhunu ne ho na …îreka. ∆êny…õ as…õm k…õse saa, nanso …õy…õ no yaw na …îhia s…õ …îhw…õ adwuma w…î ho nt…õm ara. Me pawo…î ky…õw, obiara mmra mmoa no."
15,"Y…õfr…õ me Kofi, m…õfr…õ s…õ merebu mu ho amanne…õ fa me nuabarima Asare ho, na …îw…î y…õn fie ha Cape Coast. Mmarimanom bi baa ha, na w…îhy…õ…õ no akoko…î, na w…în mu baako buaa no tiri so. W…îabubu no kakra w…î ne tiri so, na ne k…în nso y…õ no yaw kakra, nanso …îhunu ne ho na …îrekasa. ∆êny…õ hu papa, nanso mep…õ…õ s…õ mehunu s…õ obi nim ho."
16,"Me pawo…î ky…õw, merefr…õ mo s…õ merekan biribi a …õsii opanyin bi ‚Äî Kwabena ‚Äî ho, w…î Cape Coast ne Elmina …îkwan no so. Oguan b…î…î no, mese nhwehw…õmu bi a …õy…õ hyehye nsa anaas…õ biribi a …õhyehye kaa ne nsa ho ‚Äî enny…õ duru koraa, nanso ne nhwiren ay…õ k…îk…î…î na …õy…õ no yaw kakra. Mene Ofori ‚Äî me k…î…î h…î na mahunu no na mewoo me bo ase s…õ m…õboa no. ∆Üy…õ opanyin enti na m'ani b…î…î me, nanso …îhunu ne ho na …îreka. Y…õhia obi a …îb…õba nhw…õ no papa."
17,"Agoo! Me pawo…î ky…õw, me ba Naa Akorkor aburn saa an…îpa yi ha efie ha Sunyani. ∆Üredan agorow fi k…îkyene mu ho na …îkaa ade…õ a …õy…õ hye no, na …õhwee agu ne nsa so. Ne ho nhoma no abob…î bubuo, na …îsu resu koraa, nanso …îhunu ne ho na …îrekan as…õm. Me pawo…î ky…õw, me din de Fatima, na mehia s…õ montwe meÍ∑Ä ase nkyer…õ me s…õ m…õy…õ de…õn ama no ansa na y…õabedu hospital no."
18,"Agoo, me pawo…î ky…õw, boa me. Me kunu Selorm otuu fam nn…õ awia ha y…õn fie Nhyiaeso. ∆Ürey…õ adwuma na …îreda fam fi baabiara so, na …îslee naa watua fam pintinn ne n ºafunu fa so. Me din de Ama, mene no y…õ aware. ∆Üse ne yafunu ne ne koko fa so …õy…õ no yaw kakra, nanso …îtumi s…îre na …înam, enti minsusu s…õ …õy…õ den papa. Y…õp…õ s…õ y…õhunu s…õ …õs…õ s…õ y…õde no k…î …îyaresabea, anaa y…õny…õ d…õn?"
19,"Me pawo…î ky…õw, biribi aba ha w…î Bantama yi awia yi. Me y…înko…î ba, Issah ‚Äî …îredi aduane w…î …îkwan nky…õn aduan hy…õde…õ a …õw…î h…î no, na kerosene stove no hyehye…õ enti ogya hyew no firii n'akyiri ara, na hyew no kaa ne koma ho ne ne yafunu ho. ∆êny…õ den papa ‚Äî ne honam ara nso ay…õ k…îk…î…î na …õy…õ no yaw tiaa, nanso …îhunu ne ho na …îrekasakasa nyansapo. Me ne Kweku na mew…î h…î bere a …õkaa saa. ∆êb…õy…õ na obi reba na onoa ne ho, efis…õ y…õnnim s…õ …õhia aduro anaa dea?"
20,"Me pawo…î ky…õw, biribi asi w…î Bolgatanga-Bawku …îkwan no so, Navrongo baabi. ∆Übarima ketewa bi, Kweku, …îtenaa kar mu s…õ passenger w…î dropping taxi bi mu, na tipper truck bi b…î…î w…în. Menim saa nea …õsii no pefee, nanso bere a y…õduu h…î no, …îtenaa fam, …îde ne nsa kyeree ne tiri, na ne k…în y…õ…õ no yaw. ∆Ühunu ne ho, nanso …îte s…õ obiara a n'adwene ay…õ ketefe. Mpaem kakra bi w…î ne tiri so a mogya retu firi mu. Me din de Adwoa ‚Äî mey…õ obi a y…õgyinaa h…î de mmoa no no. Me pawo…î ky…õw, yehia onipa bi mmra ha, efis…õ y…õnnim saa nea …õy…õ den no nyinaa ‚Äî soma ambulance mmra me pawo…î ky…õw."
21,"Me pawo…î ky…õw, mep…õ s…õ meka biribi a …õsii ha w…î Ho town centre. Abofra bi w…î ha, ne din de Kpodo, na …îrey…õ adwuma ‚Äî mete s…õ …îreboa kari adehy…õde anaas…õ …îrey…õ labour adwuma bi ‚Äî na biribi tuu fam sii ne basa so maa …õy…õ no yaw. Me din de Fatima, mene onipa a …îrefr…õ no; na mew…î beae no nky…õn ara a …õsii. Abofra no basa no ahwee kakra, nanso …îtumi nante kakra daa, enti enni s…õ …õy…õ den paa. Nanso obi bi a …îmmra nhw…õ no, efis…õ …îy…õ abofra, na y…õp…õ s…õ y…õhunu s…õ …îho t…õ ase."
22,"Me pawo…î ky…õw, biribi asi w…î Cape Coast-Elmina …îkwan so na mep…õ s…õ meka amanne…õ no ama mo. Me nuabaa Adwoa na …îw…î trotro bi mu, na kar fofor…î bi b…î…î won ‚Äî kar no baa firii baabi amma w…îany…õ ho hunu na …îb…î…î w…în. W…îabubu no w…î ne ti, na …îreka s…õ ne k…în y…õ no yaw paa, nanso …îhunu ne ho, na …îreka. Mene Selorm, mew…î ne nky…õn seesei w…î …îkwan abo…î. Y…õhia obi mmra b…î y…õn mmoa efis…õ mogya no ntumi nsi."
23,"Me pawo…î ky…õw, biribi b…îne paa na …õasi ha w…î y…õn fifiri dan so w…î Tamale. Me nua Boateng, kar bi b…î…î no w…î …îkwan so bere a …îresan aba fie, na w…îde no br…õ…õ ha, nanso ne nan no y…õ b…îne paa ‚Äî …õky…õ na mogya p…ît…îp…ît…î refiri no mu, y…õntumi nsi no. ∆Üy…õ abofra, ebia mfe dunukron, na …îsu na …îwosowoso na y…õn koma at…î y…õn ase amfa no ho. Me din de Hamza, me na mefr…õ no, me pawo…î ky…õw, mmoa mmra ha nt…õm nt…õm efis…õ y…õnnim d…õ y…õny…õ d…õn."
24,"Me pawo…î ky…õw, biribi b…îne paa aba ha w…î Asokwa, Kumasi ‚Äî opanyin bi a w…îfr…õ no Owusu hwe k…î…î nsu mu na …õkeka se …îb…õwu, na y…õsuro no paa. ∆Ühome dodo, nanso …îhome no y…õ br…õoo na …õtim, na ne ti ne ne k…în y…õ hyew y…õ hyew na …õnhia s…õ biribi b…îne paa w…î ne mu. Me din de Kwame, mene no nn…îmbaa, na me na metwe no fii nsu mu no, nanso …înyi nnyi ase koraa. Me pawo…î ky…õw, mmoa mmra ha nt…õm nt…õm efis…õ onipa yi y…õ opanyin na …îy…õ hu paa."
25,"Me din de Issah. Merefr…õ ama meka accident bi a …õsii ha w…î Suhum. ∆Übaa panyin bi, Adwoa, …îrek…î twa …îkwan no so no, trotro bi b…î…î no na …îtuu fam. ∆êny…õ k…õse paa saa, nanso ne nan y…õ no yaw ‚Äî …îkaa s…õ …õy…õ no yaw, na mogya kakra rei firi h…î. ∆Ütumi yi ne nan so kakra kakra, nanso …îhia onipa bi a ob…õhw…õ no yiye."
26,"Me pawo…î ky…õw, as…õm a …õy…õ den paa aba ha Techiman. Me y…înko ba, Abenaa, kar buaa no w…î …îkwan kesee so nn…õ awia yi ‚Äî kar no b…î…î no ma otuu fam yie. Ne titiw no, mete s…õ ne dompe atwa, efis…õ …õkeka akyinkyin s…õ …õnky…õ na …întumi nsakra no koraa, na mogya pii apue. Ramatu w…î ha me nky…õn na y…õn nyinaa rey…õ nea y…õtumi boa no, nanso abofra no da h…î p…õp…õ…õp…õ, …înhunu ne ho yie. Me pawo…î ky…õw, soma mmoa mmra nt…õm ‚Äî abofra yi hia hospital seesei ara."
27,"Me pawo…î ky…õw, as…õm bi ab…õsi me wofa papa ha w…î Adum, Kumasi. Kwabena tuu fam an…îpa yi ‚Äî …îsuruu k…î faako a …õb…õn …îpono ano no ho, na ne ti bui…õ fam. ∆Üy…õ opanyin, enti y…õsuro yiye, na ne k…în nso …õy…õ no yaw, na ontumi ntwi no yiye. Me ne Abenaa, mey…õ ne nkor…îmmea, na seesei …îhunu ne ho, nanso …îb…î nkaamu kakra na …îka s…õ ne ti y…õ no yaw paa. Yehia obi mmra nhw…õ no, efis…õ ontumi ns…îre ne ho ankasa."
28,"Me din de Ofori. Mefr…õ wo de …õhia w…î N1 highway a …õb…õn Kasoa h…î. Opanyin bi, Yaw, …îtuu fam ‚Äî medwene s…õ …îpruuu w…î …îkwan nky…õn ‚Äî na ne nan ahu yaw paa, ebia ne basa nso. ∆Ütumi k…î kakra kakra, nanso …õy…õ no yaw k…õse, na …întumi ngyina ne nan so a …înni mmoa. ∆Üny…õ aberante koraa, enti y…õsuro ne ho paa."
29,"Me pawo…î ky…õw, biribi a …õy…õ hu paa aba ha faako a …õb…õn Adidome w…î Ho-Accra …îkwan so no. Opanyin bi, Wiredu ‚Äî …îy…õ me kunu agya ‚Äî …îrek…î twa Volta w…î dua-k…î bi so na k…î no mu k…î hy…õ…õ fam w…î nsuo mu. Y…õatumi de no afi nsuo mu aba, nanso …îk…î…î ase teetee mu. ∆Ürehome, nanso homehome no y…õ br…õ paa, na s…õ y…õfr…õ no ne din a, …înhunu hwee. Ne yam ho nhwiren no y…õ hu ‚Äî …õny…õ saa a …õs…õ saa. Me din de Dzifa. Me pawo…î ky…õw, mmoa mmra ha nt…õm paa ‚Äî efis…õ …îy…õ opanyin na y…õn akoma rebo yie."
30,"Me nuabarima Ibrahim w…î accident ‚Äî …îtene aboboyaa mu, na aboboyaa no dan fam nnora awia yi ha faako a y…õte Mamprobi. ∆Ütuu fam na ne nan abubu, nanso …înantew kakra kakra enti mennihu s…õ …õy…õ den paa. Me ne Abigail, y…õte ase ne no. Y…õp…õ s…õ y…õhunu s…õ …îns…õ s…õ …îk…î hospital anaa y…õb…õtumi atw…õn no fie, efis…õ ne nan ahoru kakra."
31,"Me pawo…î ky…õw, biribi a …õy…õ den paa abeye w…î Kumasi-Sunyani …îkwan no so, Techiman baabi. Me nana, Mawuli, …îk…î…õ accident mu ‚Äî kar bi b…î…î ne kar a na …îreko…õ mu no, na w…îabubu no yiye w…î ne yafunu ne ne k…îk…î…î babi. Opanyin no, …õy…õ no yaw paa, na …întumi ntena ase ne ho ankasa. Me ne Hadija, mew…î ha na m…õt…î n'akyi seesei, na y…õrey…õ s…õ y…õde no k…î hospital, nanso y…õhia mmoa nt…õm paa, efis…õ ne yare no y…õ den pa ara."
32,"Me pawo…î ky…õw, biribi b…îne bi asisi y…õn fie ha w…î Dichemso. Mmarima bi k…îs…î…î Owusu, opanyin a …îte entrance ho no ‚Äî w…îbubu…î…î no w…î ne ti ne ne k…în ho. Mene Amoah, mene ne y…înko, na s…õ meniee dede no a mepui…õ ab…î…î mfuom hw…õ…õ no, na …îtee fam, …îy…õ…õ s…õ onim biribi nkyer…õ, na ne k…în y…õ…õ no yaw paa. ∆Ünhunu ne ho ampa, nanso …îny…õ …îny…õ hunu tumtum ‚Äî …îhunu ne ho kakra, nanso …întaa koraa. Opanyin no hia mmoa, boa y…õn me pawo…î ky…õw."
33,"Agoo! Me nuabea Araba aka accident w…î …îkwan so yi awia yi ‚Äî w…î Kumasi ne Tamale …îkwan no so, bebi a …õb…õn Ejura. Kar bi b…î…î ne kar a …îregyina mu no, na …îbuaa ne ti yiye ‚Äî ne k…în nso …õy…õ no yaw paa. ∆Ühunu ne ho na …îreka as…õm, nanso …îte s…õ obiara a …îne ne ho nte ase…õ, na ne ti ho ho ay…õ hu bebree. Me pawo…î ky…õw, boa me ‚Äî y…õnnim s…õ …õy…õ safe s…õ y…õs…õ no anaa dabi, enti y…õhia mmoa nt…õm ara!"
34,"Me nuabaa Ekua atuu fam pintinn w…î ha w…î Takoradi aponkyerene no mu, me pawo…î ky…õw, soma obi mmra nt…õm nt…õm. ∆Üsuruu na …îtoo ne tirim ase fam, na seesei …înnkasa biara na ne k…în mu nso …õny…õ yiye ‚Äî …õte s…õ biribi ay…õ no den w…î h…î. Me ne Asare, na mew…î ne nky…õn a …õkaa saa. ∆Ühome, nanso …înyi ne ho nkor…î biara, na mogya retu fi ne tirim mu ‚Äî …õy…õ den paa, me pawo…î ky…õw bra nt…õm nt…õm."
35,"Me pawo…î ky…õw, mep…õ s…õ meka biribi a asi ha w…î Nima. Me y…înko ba, Issah, mmarimafo…î bi b…î…î no anwumere yi w…î …îkwan ho ‚Äî w…îk…î…î no, na w…îtaa no na ne nsa so awo f…õ k…õse, na …õaho ahoho…î saa. Fuseini na …õy…õ me din, na mene nea …õrefr…õ no. Abofra no nhu hunu kwa, nanso aho akyekye no paa, na ne nsa y…õ no yaw dodo. Y…õhwehw…õ se y…õfa no k…î baabi anaa y…õny…õ d…õn ‚Äî b…î y…õn kwan na y…õnhunu nea y…õb…õy…õ."
36,"Me pawo…î ky…õw, biribi aba …îkwan so w…î Bawku …îkwan no so, Zebilla nky…õn. ∆Übarima ketewa bi, Nii Kwei, tipper truck bi b…î…î no, na …îtuu fam yie w…î …îkwan no so. ∆Ühunu ne ho ‚Äî …îany…õ unconscious anaa biribi saa ‚Äî nanso ne nan no y…õ hu yie ‚Äî anka ne dompe atwa, anaa …õbubu yie, y…õnnim p…õ. Me din de Akosua, mek…î…î h…î a na …õbaa saa, na nnipa bi ahyia ho. ∆Ühia mmoa s…õ w…îmmra de no aba, efis…õ …întumi ngyina ne nan so koraa."
37,"Agoo! Me nuabaa Abena, OA taxi bi b…î…î no w…î y…õn efie anim ha Navrongo. ∆Üy…õ abofra, ne mfe…õ b…õy…õ dunsia p…õ. Motor no b…î…î ne nan, nanso …îte ase ‚Äî …îny…õ…õ any…õ hunu anaa biribiara saa ‚Äî ne nan k…õk…õ na …õy…õ no yaw kakra, na w…îasei no w…î h…î. Me din de Araba, mene onipa a …îrefr…õ no. Me pawo…î ky…õw, y…õp…õ s…õ mony…õ y…õn adwemma s…õ de…õn na y…õny…õ ma no seesei?"
38,"Me pawo…î ky…õw, me din de Ofori, na mep…õ s…õ meka biribi a …õsii …îbaa panyin bi ha Savelugu ho, w…î Tamale-Yendi …îkwan so. W…îfr…õ no Naa Dedei, …îy…õ opanyin paa, na …îrey…õ adwuma w…î afuo bi a …õw…î …îkwan ho no, na biribi tuu no ‚Äî mete s…õ …õfiri aboboyaa a …înam so retwaa so no so. ∆êy…õ no yaw ne yafunu ho ne ne akyi ho, nanso …îhunu ne ho na …îkasa da da, enti …õny…õ b…îne pa ara, nanso …îhia mmoa. Mew…î ne ho seesei yi na …întumi nnante papa."
39,"Me pawo…î ky…õw, me nuabaa Afia na …îkaa kar accident w…î Suame ha, Kumasi ‚Äî …õny…õ akyiri papa saa fie no ho. ∆Üreba fie no na kar bi b…î…î no, nanso Onyame adom, …õny…õ den papa. ∆Üw…î yaw w…î ne yafunu ne ne breast area ho ‚Äî s…õ w…îb…î…î no h…î ‚Äî nanso …îhunu ne ho na …îreka as…õm. Me din de Agyeman, mew…î ne ho ha fie. Me pawo…î ky…õw, y…õp…õ s…õ y…õhu de…õ y…õb…õy…õ ma no."
40,"Me din de Afia, m…õfr…õ mo efis…õ accident y…õ…õ wo Tamale-Yendi …îkwan no so, Savelugu nky…õn. ∆Übarima bi, w…îfr…õ no Appiah, …îtene trotro a articulated truck b…î…î mu no mu, na w…în pumpu no p…õ…õ adi. W…îabubu no w…î ne ti so na ne k…în y…õ no yaw, nanso …îhunu ne ho na …îreka as…õm, enti …õny…õ hu papa. Y…õn da …îkwan nky…õn seisei, na y…õhw…õ s…õ obi mmra nhw…õ no kakra."
41,"Me nuabarima Yaw atua accident w…î Accra-Kumasi highway no so, Nsawam ho faako. Mene Baffour, …îne me nuabarima. Obi fr…õ…õ me se kar bi b…î…î no w…î n'akyi bere a …îrek…î twa …îkwan no so. ∆Üba koraa, ne mfe…õ b…õy…õ dunsia anaa aduonu. S…õ w…îkyer…õ…õ me no, ne srade ne n'abowaa y…õ no yaw paa, na …întumi ns…îre trenee, nanso …îhunu ne ho na …îrekan as…õm. Me pawo…î ky…õw, boa y…õn mfa no k…î hospital nt…õm ara ‚Äî w…îhia mmoa paa."
42,"Me pawo…î ky…õw, mep…õ s…õ meka biribi a …õtoo ha Savelugu anwumere yi. M ºab…îfo…î, Fuseini ‚Äî …îy…õ opanyin ‚Äî …îne san fi dwam bae no, mmarima bi de no twaa so b…õp…õ…õ s…õ w…îde ne sika k…î. W…îpushaa no fam na w…îbuaa ne b…îne no mu bere a …îp…õ…õ s…õ …îtaa ano, na seesei ne b…îne no ay…õ bloated na …întumi nyi no so…î koraa. ∆êy…õ ne yaw, nanso …îhunu ne ho na …îrekan. Mene Abubakar ‚Äî obiara fr…õ…õ me bere a …õtoo no. Me pawo…î ky…õw, mma obi mmra mmoa no, efis…õ …îy…õ opanyin."
43,"Me pawo…î ky…õw, mep…õ s…õ meka accident bi a …õsii Cape Coast-Elmina …îkwan so. ∆Übarima k…îk…î…î bi a w…îfr…õ no Darkwa, aboboyaa b…î…î no bere a …îretu …îkwan so, na …îtuu fam. Me de, mfr…õ me Edem ‚Äî na megyinagyina h…î ara na asiane no. ∆Ühunu ne ho na …îrekan, nanso ne nan y…õ no yaw kakra na …îw…î ntafiraw bi w…î so. Y…õhia s…õ obi mmra nhw…õ no, efis…õ y…õnhunu s…õ ne dompe atwa anaas…õ dea."
44,"Me pawo…î ky…õw, as…õm k…õse…õ bi asi ha w…î Dansoman. Me maame panyin Efua, …îtuu fam saa an…îpa yi, na …îhy…õ …îhaw paa ‚Äî ne nan baako ab…õn so saa na …õnhw…õ s…õ …õfata koraa, na …întumi mfi ne nan no so. ∆Ürebeb…î fam fi dan no apampam so na …îk…î…õ…õ fam t…î…î. Mene Naa, mey…õ ne nana baa, na y…õn hu suro paa efis…õ …îy…õ opanyin na …îsu efis…õ …õy…õ no yaw. Me pawo…î ky…õw, mmoa mmra nt…õm ara ‚Äî yehia mmoa!"
45,"Me pawo…î ky…õw, me ba Abigail na …îrek…î w…î Hohoe-Jasikan …îkwan so a trotro b…î…î no firi n'akyi. ∆Üba ketewa, ne mfe…õ y…õ b…õy…õ du ason. Me ne ne maame, me din de Hadija. ∆Üw…î yaw w…î n'akonkoronfi ho kakra, na …îw…î ntasie kakra ne ne ti so, nanso …îhunu ne ho ‚Äî …îkasa rekyer…õ y…õn. Y…õn nyinaa w…î ne ho s…õi yi, na …îte s…õ …îho y…õ no, nanso mep…õ…õ s…õ obiara hu as…õm a asii."
46,"Me pawo…î ky…õw, biribi b…îne y…õ…õ …õha na mehia s…õ meka ho as…õm. Me adamfo Muntari, w…îs…î…î no w…î Hohoe-Jasikan …îkwan so, nnipa bi b…î…î no. W…îhy…õ…õ no ti so na ne k…în nso …õy…õ no yaw, nanso …îhunu ne ho na …îreka as…õm daa, …õno nti meny…õ hunu s…õ …õy…õ den paa. Me din de Abubakar, na mene no naa y…õw…î h…î bere a na …õba saa. Y…õhia obi mmra mmoa y…õn anaas…õ …îmma y…õn nhunmu s…õ y…õny…õ d…õn, efis…õ …îny…õ fine koraa."
47,"Me pawo…î ky…õw, mep…õ s…õ meka biribi a …õsii me ha w…î Axim. Me din de Felicia, na me tuu fam w…î efie mu saa an…îpa yi ‚Äî na meresiw firi stairs so na me nan slip. ∆êy…õ me nsa na …õbubu, nanso …õny…õ den paa, …õy…õ me yaw kakra na hweam ahy…õ so kakra. Metumi de no s…õ me p…õ, enti menyinoa s…õ me dompe atwa."
48,"Agoo, me pawo…î ky…õw. Me nuabarima Kojo tuu fam saa an…îpa yi w…î ha Wa Central, na ne nan y…õ no yaw. Enny…õ hu paa ‚Äî …înam kakra kakra, nanso …înam f…õw f…õw na …îkaa s…õ …õy…õ no yaw daa. Me na me fr…õ no ‚Äî me din de Amankwah. ∆Ümp…õ s…õ …îk…î hospital, nanso me susu s…õ …õs…õ s…õ w…îhw…õ no yiye. Me pawo…î ky…õw, obi betumi akyer…õ y…õn de…õ y…õns…õ y…õ?"
49,"Me pawo…î ky…õw, biribi asi w…î Hohoe-Jasikan …îkwan so kakra nie. Abofra baako a w…îfr…õ no Selorm, …îtene pragyia so na pragyia no d…î…îso fam w…î …îkwan no so h…î. Me din de Sulemana, na meretra …îkwan no so a na …õsi. Abofra no hunu ne ho na …îreka as…õm, nanso …îreka s…õ …õy…õ no yaw w…î ne yam ne ne bronya mu ‚Äî s…õ ne firi ntam h…î. ∆êny…õ hu paa nanso y…õdwene s…õ …õs…õ s…õ obi ba na …îhw…õ no."
50,"Me pawo…î ky…õw, mep…õ s…õ meka biribi a …õsii ha Dormaa Ahenkro …õnn…õ. Me adamfo Nhyira ne …îbarima bi hyiae…õ nt…õmnt…õm aponkyerene ho fa ade…õ a w…ît…î…î no sika ho, na …îbarima no buee…õ no ti afa na …îhwee…õ no firii n'ananmu. ∆Üantuu fam pintinn, nanso ne k…în y…õ no yaw, na …îkyer…õ s…õ ne ti rebob…îw p…õp…õ…õp…õ. Me na me din de Muntari, na mew…î h…î a efi sii…õ. Y…õp…õ s…õ y…õbisa biribi faako w…î ho, efis…õ w…îanyi gye mbom …îy…õ no biribiara, na Nhyira no ny…õ …îhaw no fo…î biara."
51,"Me pawo…î ky…õw, biribi aba ha w…î Dansoman no, …õny…õ ntem ara. Me y…înko Araba rete…õ …îkwan no so b…õn dwam no a tipper truck b…î…î no, na …îtuu fam yiye. Ne nan no ahunu na …întumi nnante so koraa, nanso …îhunu ne ho na …îrekasakasa. Me ne Vida, mew…î ne nky…õn seesei, na yehia obi mmoa y…õn …õfiri s…õ y…õnnim s…õ ne dompe atwa anaa …õny…õ no."
52,"Me pawo…î ky…õw, as…õm a …õy…õ den paa bi asi ha Sunyani na mhia mmoa nt…õm ara. Me h…îho ba, Appiah, abofra kumaa, …îtuu …õnsuo mu na …îtena h…î y…õ aky…õ paa ansa na y…õatw…õn no aba. S…õ y…õde no aba a, …înnyinagyina koraa na ne yafunu ne ne hy…õn ho huu s…õ …õay…õ hwan na …õtwitwa ‚Äî s…õ biribi y…õ bone w…î mu no. Appiah h…îm w…î ho nanso …õy…õ mmer…õw paa, na s…õ y…õfr…õ ne din a, …înnsua ase koraa s…õ …õs…õ. Me pawo…î ky…õw, soma mmoa mmra nt…õm ara ‚Äî ne yaw y…õ den paa. Mene Maame, na mew…î h…î ne no reto hwe no ara seesei."
53,"Me pawo…î ky…õw, …õy…õ b…îne paa na …õaba ha w…î Bawku. Me y…înko ba, Adjoa, …îtuu fam fi mango dua k…õse bi so a …õw…î efie …õdan anim no, na …õkwan a …îkoduu fam no, ehhh, …õny…õ k…õse koraa. Ne nsa no ay…õ kwasea-kwasea mpo na …îsu dodo, na …întumi nnye no. Me din de Emefa, mete ne y…înko efie, na ne maame nni ha, enti me na merefr…õ. Me pawo…î ky…õw, y…õhia mmoa nt…õm paa efis…õ abofra no y…õ me yaw dodo."
54,"Me din de Ramatu. Merefr…õ fa biribi a …õsii w…î Tamale-Yendi …îkwan so no ho, Savelugu nky…õn. Aberante bi a w…îfr…õ no Asare ‚Äî …îreboaboa yoowa a …õw…î truck so firi …îkwan nky…õn no, na yoowo bi bi f…õ…õ f…õ…õ ba bubuuu no t…îk…î so den. ∆Ügyina h…î na …îrekan, nanso …îse ne ahinanan y…õ no yaw na …îha no …îhome na. Me duu h…î hwehw…õ…õ won w…î …îkwan nky…õn no, na w…îsr…õ…õ me s…õ memmra mm…õbisa mmoa. Me pawo…î ky…õw, soma ambulance mmra Savelugu nky…õn Tamale-Yendi …îkwan so no mmra boa no."
55,"Me pawo…î ky…õw, mep…õ s…õ meka accident bi a …õsii ha w…î Cape Coast. Me h…îho…î ba, Afia, OA taxi b…î…î no w…î …îkwan so, bebiara a …õb…õn dwam no ho. ∆Üy…õ abofra baa, ebia …îw…î mfe aduason ansa na …õk…î so kakra. Eb…î no y…õ…õ den koraa ‚Äî …îw…î yaw kakra w…î ne k…în ho na ne ti so nso w…î ntwa ketewa bi, nanso …îhunu ne ho na …îreka as…õm. Me din de Alhassan ‚Äî mena me a mefr…õ, efis…õ ne maame no na …îw…î ne ho seesei, na w…îrep…õ taxi s…õ w…îk…î clinic."
56,"Me pawo…î ky…õw, me nua Asante, kar ahyia no w…î Dormaa Ahenkro ha, …õb…õn …îkwan k…õse…õ no, na as…õm no y…õ d…õm paa. ∆Üy…înko no y…õ aberante…õ ketewa, …îton mfirihyia dunkor…î anaa aduonu ho ‚Äî na ne nan y…õ mpaem k…õse…õ ‚Äî …õte s…õ ne dompe atwa na mogya p…ît…îp…ît…î retu paa. Mene Nii, megyina ne nky…õn ha seesei, na nnipa ap…î ha bebree, nanso obiara nnim d…õn na w…îny…õ. Me pawo…î ky…õw, mmoa mmra nt…õm paa efis…õ …întumi nnyina koraa, na …õy…õ no yaw paa."
57,"Agoo, me pawo…î ky…õw, mede fr…õ me ba Ofori ho as…õm. ∆ênn…õ awia yi, ogyaw no ha w…î y…õn abusua fie ha Tamale. ∆Üb…õtee ogya a w…îrewan …õho, na nsu a …õy…õ hye no hye…õ ne koko…î ne n'yafunu ho ‚Äî na …õny…õ den paa, n'aho…îden nkatanim ara na …õy…õ …îdaadaa na …õy…õ no yaw kakra. Me de, me din de Kofi ‚Äî me ne ne agya. Abofra no, …îrey…õ ahy…õase …õha …õha, na …îansu su den bio saa. Nanso mep…õe s…õ mefr…õ mmisa s…õ y…õhw…õ, …õs…õ s…õ y…õde no k…î …îyaresabea anaa y…õtumi ay…õ no aduro w…î efie ara?"
58,"Me pawo…î ky…õw, merefr…õ w…în ho as…õm bi a …õsii ha w…î Nalerigu. Me din de Mensah, na mey…õ won fifo. W…în ba Elinam, …îy…õ abofra ketewa, …îtuu fam na …îbubuuu ne nsa anaas…õ ne nan ‚Äî menhunu pefee s…õ d…õn na …õy…õ, nanso …îkyeree no na …îsuisuiee kaa kakra. ∆êny…õ hu saa, nkes…õnkes…õ yaw anaa afofor…î biara nni h…î, nanso ne maame ne ne papa p…õe s…õ obi nhunu as…õm no, s…õ as…õm biara b…õba a. ∆ênn…õ yi, …îte…õ ase kakra, …îtumi gye ne ho adi, nanso …îy…õ…õ hu pii."
59,"Agoo! Me pawo…î ky…õw, boa me! Me nanabarima, Nii Laryea, ogyaa no saa an…îpa yi ha Zebilla. ∆Ür…õk…î b…î ne ho d…õm ogya ho, na ne ntama hyew, hyew no ne fam ne ne yafunu ho. Me din de Felicia, mene onipa a …îrefr…õ yi. ∆Üy…õ opanyin, enti y…õsuro paa, nanso hyew no nso anyini k…î…î ase papa ‚Äî ne ngogote ay…õ k…îk…î…î na …õw…î baabi a apo apo rei rei no so. Me pawo…î ky…õw, kyer…õ y…õn d…õ y…õb…õy…õ de…õn maa no ansa na y…õaduane no k…î …îyaresabea?"
60,"Me pawo…î ky…õw, mep…õ s…õ meka biribi a …õsii ha w…î Cape Coast. Me nua ba Boateng ‚Äî …îw…î mfe adu…îkron benkum ho ‚Äî …îp…õ…õ s…õ …îtwa kwa soo a …õhy…õ nsu w…î …îkwan nky…õn no ho, na …îs…õee kohwee mu. Nnipa bi a w…îw…î h…î de no firi mu nt…õm, Nyame adom. ∆Ühunu ne ho na …îrekan, nanso ne nsa bubuuu w…î bere a w…îtaa no fi mu no ‚Äî …õhye…õ na …õy…õ no yaw paa. Me ne Alhassan, mew…î ne nky…õn seisei ‚Äî obi b…õtumi aba hw…õ no yie anaa?"
61,"Me pawo…î ky…õw, mep…õ s…õ meka biribi a …õsi w…î Cape Coast-Elmina …îkwan so. ∆Übaa bi a w…îfr…õ no Memunatu, …îretwi sikil w…î …îkwan ho a na kar bi a …õfi ne akyi baa …õbo…î no na …îtuu fam kokooko. ∆Ühy…õ…õ ne bad so fam ‚Äî seesei ne bad ahoahoa na …întumi yi no soro koraa. Me din de Baffour, na mefiri …îkwan a …õtoa so no reba na mahunu adwuma no nyinaa. Mmoa no mmra nt…õm, efis…õ yaw a …îw…î no y…õ duru paa."
62,"Me pawo…î ky…õw, biribi asi fie ha w…î Ashiaman, na mep…õ s…õ meka kyer…õ mo. Me neighbor Abubakar, mmarima bi tow no, na w…îbubuee no yie w…î ne nsam so ‚Äî ne nsa ahoboa, na …întumi nyi no yie. Mene Mensah, mete beaeno ho, na mhuu bi a esii no. ∆êy…õ no yaw, nanso …îhunu ne ho, na …îrekasakyi, …õny…õ s…õ obuaee anaa biribi te saa. Yehia obi mmra boa no, anaas…õ mommr…õ y…õn s…õ y…õny…õ d…õn."
63,"Me pawo…î ky…õw, biribi asi ha Goaso na mep…õ s…õ meka ho as…õm. Me din de Ofori, na merefr…õ ho fa …îbaa bi ho ‚Äî w…îfr…õ no Naa Dedei. Aboboyaa b…î…î no w…î …îkwan so na …îtuu fam yie. ∆Ürekyekyere ne k…în na …îreka s…õ ne ti y…õ no yaw, nanso …îhunu ne ho na …îrekasakasa kakra. ∆êny…õ den pa ara, nanso …îhia mmoa efis…õ …întumi nyi ne k…în yie."
64,"Agoo, me din de Edem. Me ba Amoah ne me y…õ adwuma w…î efie ha w…î Yendi, na nnade…õ a y…õde y…õ…õ adwuma no mu biara butuu ne nsa so kakra. ∆êny…õ nohoa papa ‚Äî ogya ketewa p…õ, nanso mogya a …õfiri no mu no aye dinn dedaw. ∆Üho y…õ no, na …însuro kakra nko ara, nanso mep…õ…õ s…õ me k…î so br…õ mo ho as…õm no saa ara."
65,"Me pawo…î ky…õw, merefr…õ efis…õ me nua ba Muntari w…î ogya ahy…õ no, na mihunu s…õ …õy…õ me hu paa n'ase…õ. Na y…õw…î Kintampo beenky…õn, w…î …îkwan a …õk…î Kumasi no so, na …õh…î na …õbaa ‚Äî …îreboa biribi na ogya kaa ne honam, ne k…înk…în ne ne yafunu faako. ∆Üy…õ abofra kumaa, efis…õ …îw…î mfe…õ …îha nsia n'akyi, na ne honam w…î h…î no hy…õ…õ hy…õ…õ, …õy…õ k…îk…î…î na …õre b…î n'aho…îden, nanso Onyame adom …îhunu ne ho na …îrekan as…õm. Mene Esi, ne sewaa, na mew…î ne nky…õn seesei ‚Äî nanso y…õhia s…õ w…îkyer…õ y…õn de…õ y…õny…õ ansa na y…õatwam ak…î …îyaresabea."
66,"Y…õ…õ, me din de Dzifa. Merefr…õ fa saa nhw…õso yi a …õw…î Cape Coast no ho. H…î na …îbaa bi w…î a w…îfr…õ no Naa ‚Äî …îy…õ adwini a …îy…õ ntama ho adwuma. ∆Ürey…õ adwuma w…î ne sewing machine no so a ne nsa twa kwan maa kim no k…î faa ne ntikuma mu. Mogya retu, nanso kakra ara ‚Äî na …îhunu ne ho, nanso …îrewo…îwo…î kakra efis…õ suro atia no. Y…õato ntama so no so nanso y…õp…õ s…õ y…õhunu s…õ …õs…õ s…õ …îba baabi na w…îhohoro no yiye na w…îkata so yiye anaa. Efis…õ ekyiri no dee, oguan no y…õ duru paa."
67,"Me pawo…î ky…õw, mep…õ s…õ meka accident bi a …õsii w…î Suhum ha. Me y…înko Asante ‚Äî …îy…õ opanyin ‚Äî aboboyaa b…î…î no w…î …îkwan so awiabere yi. Aboboyaa no b…î…î no n'akyi fam, ne koko ne yafunu ho, na …îtuu fam mabr…õ paa. Me din de Ramatu ‚Äî mene onipa a …îrefr…õ yi ‚Äî na me kaa n'ase w…î h…î bere a …õtoo no, na mede no k…î…î …îkwan ho. ∆Ühunu ne ho na …îreka as…õm, nanso …õy…õ no yaw ‚Äî …õny…õ den papa, nanso …õhia s…õ …îk…îhw…õ …îd…îkota."
68,"Me pawo…î ky…õw, mep…õ s…õ meka biribi a …õsii …îpanyin bi ha w…î Yendi. Me y…înko a …îte me nky…õn no, Asare, …îy…õ panyin paa ‚Äî obi baa ne fie b…î…î no, w…îb…î…î ne basa no yie paa enti …õhyew ama …õase…õ. Me din de Owusu, mete ne nky…õn, na s…õ mitiee dede no a, mifii ab…î akyiri huu de…õ asii no. ∆Ünwu kwan so, nanso ne basa no …õy…õ no yaw paa na …întumi nyi no soro. Y…õhwehw…õ obi a …îb…õba boa no, anaa …îkyer…õ y…õn de…õ y…õny…õ."
69,"Y…õfr…õ me Dela. Merefr…õ me pawo…î ky…õw na m…õka accident bi a …õsi w…î ha Cape Coast. ∆Übarima k…îk…î…î bi, w…îfr…õ no Kpodo, trotro bi b…î…î no w…î …îkwan so ‚Äî anka …îw…î n'afeha aduonu so anaa aduonu na …õho kakra. Ne nan y…õ no yaw paa ‚Äî …õhy…õ na …îse …õy…õ no yaw pa ara ‚Äî nanso …îhunu ne ho na …îrekan ns…õm. Y…õaduru so ama no tena …îkwan afa so, na obi w…î ne nky…õn seesei. Me pawo…î ky…õw, y…õhia mmoa ‚Äî y…õnhunu s…õ y…õny…õ d…õn afei, anaas…õ …îk…î …îyaresabea."
70,"Me pawo…î ky…õw, merefr…õ w…î h…î s…õ memfa ns…õm bi b…õka akyer…õ mo ‚Äî biribi aba ha w…î Takoradi dwam no ho. Me din de Hamza, na me nuabarima kumaa no, Yakubu ‚Äî …îhwee fam w…î kiosk bi ho, ne tirim kaa fam pintinn. Nanso …îhunu ne ho ‚Äî …înto adwo, na …îka s…õ ne k…în akyi y…õ no yaw kakra. Eyi nso ny…õ k…õse ‚Äî nanso yep…õe s…õ y…õmfa no mmra w…î ho no ara p…õ."
71,"Me pawo…î ky…õw, mep…õ s…õ meka accident a …õsii ha w…î Navrongo. Me din de Muntari, na merefr…õ efiri m'aberantenten Asare ho ‚Äî shared taxi b…î…î no w…î …îkwan so kakra yi ara. ∆Üho y…õ, …înni yaw a …õy…õ den, nanso ne nan buaa no kakra na …õy…õ no yaw w…î h…î. Y…õdwene s…õ …õb…õy…õ cut anaa bruise kakra, dompe ntuaa, nanso y…õp…õ s…õ obi hunu no s…õ …îw…î saa de…õn saa."
72,"Me pawo…î ky…õw, mirefr…õ w…î accident bi ho as…õm a …õsi ha w…î Hohoe. Me nuabaa Maame, …îy…õ …îbabaa ketewaa, articulated truck bi b…î…î no w…î …îkwan so na …îtuu fam yie paa. Baabi a …õy…õ no yaw paa no y…õ ne k…în ne ne tiri ‚Äî …îhunu ne ho, nanso …îreka s…õ …õy…õ no yaw na …întumi nsakra ne k…în papa. Me ne Kweku na mew…î ne nky…õn seesei, na yehia mmoa …õfiri s…õ y…õsuro s…õ y…õb…õyi no firi baabi a …îw…î no."
73,"Me pawo…î ky…õw, mep…õ s…õ meka biribi a …õsii abofra bi ho, Mankessim nky…õn, Kumasi ne Cape Coast …îkwan so no. Me din de Vida, na abofra no din de Abubakar ‚Äî …îw…î afe…õ du-enum anaa du-asia mu saa. ∆Ütuu fam k…î…î nsu mu a …õw…î …îkwan nky…õn h…î ‚Äî mete s…õ …õy…õ nsu twa-…îkwan anaa biribi saa ‚Äî na …îk…î…î ase kakra ansa na nnipa a w…îw…î h…î no tuu no firi mu. ∆Ühome yie seesei, na Nyame adom, nanso ne nsa abubu no bere a w…îrey…õ no no ‚Äî ne nsa no ap…î, na …îkyekyere no s…õ …õy…õ no yaw paa. Y…õp…õ s…õ obi ba hw…õ no yie, efis…õ …îkyinkyim daa ara."
74,"Me pawo…î ky…õw, biribi asi w…î Takoradi-Cape Coast …îkwan so, Anomabo nky…õn. ∆Übarima k…îk…î…î bi a w…îfr…õ no Selorm, kar a ab…î no ‚Äî mete s…õ …îw…î afe…õ adu…îw…îtwe kakra. ∆Ütuu fam a ne tirim ne ne k…în buaa …îkwan so yiye, na mogya retu firii ne tirim, nanso …îrehome na …îka as…õm kakra. Me din de Akosua ‚Äî me rek…î na mhunuuu s…õ na …õrek…î so. Nnipa bi ahyia ne ho …õber…õ yi. Me pawo…î ky…õw, mommra mmoa y…õn nt…õm nt…õm, efis…õ abofra no hia s…õ onipa a …îy…õ aduro nhu no."
75,"Me din de Maame, na merek…õ mmra h…î s…õ merebr…õ wo ns…õm bi a …õy…õ den paa, na …õbaa opanyin bi ho fa Kintampo ho, w…î …îkwan a …õk…î Tamale no ho. Ne din de Wiredu, na nnipa bi too…î no so ‚Äî w…îbuaa no yiye yaw paa w…î ne ti ne ne k…în so. ∆Üy…õ opanyin, na …întumi nsi ne nan so, …îda fam p…õ ara, na mogya retu firi ne ti mu. Me pawo…î ky…õw, …õny…õ …îhaw kakra ‚Äî …õy…õ den paa, …îhia mmoa nt…õm ara ansa na biribi a …õboro saa ab…õba no."
76,"Me din de Fuseini, me pawo…î ky…õw, mep…õ s…õ meka accident bi a …õsii Takoradi ne Cape Coast …îkwan no so, Anomabo nky…õn. Opanyin bi, Owusu, kar bi b…î…î no ma …îtuu fam yie yie w…î …îkwan no so. ∆êb…õy…õ s…õ ne nan anaa ne nsa w…î mpaem, efis…õ …întumi nnye no yie, na …õy…õ no yaw paa ‚Äî nanso …îhunu ne ho na …îreka kakra. Y…õayi no fi …îkwan no so dedaw, na nnipa bi w…î ne ho seesei, nanso …õhia s…õ mmoa ba nt…õm ara. Me pawo…î ky…õw, soma ambulance mmra nt…õm!"
77,"Agoo, me pawo…î ky…õw, boa me. Me ba Kofi w…î accident w…î Takoradi ne Cape Coast …îkwan so, Anomabo fitaa. Mene ne maame, me din de Elinam. Kar b…î…î no w…î …îkwan ho ‚Äî …îy…õ aberantewaa, …îfata mfe dumiensa enti ‚Äî na …îtuu fam, na …îabubu ne nky…õn, w…î ne yafunu ne ne koma ho. Na …înte haw paa ‚Äî …îhunu ne ho na …înantew, nanso …õy…õ no yaw tiaa, enti mep…õ…õ s…õ meba abr…õ amu. Y…õw…î beae no ho ara nn…õ."
78,"Me pawo…î ky…õw, biribi ay…õ ha w…î Techiman na mehia mmoa. Me din de Efua, na mefr…õ ho fa me nuabarima kumaa Yaw ho ‚Äî …îtuu fam …îakyi yi w…î efie mu na ne ti buee fam yiye. ∆Ühunu ne ho, nanso …îkeka se ne k…în y…õ no yaw, na ne ho ns…õm no y…õ kakra strange. Y…õsuro efis…õ …înte ne ho s…õ …õd…õn koraa seisei."
79,"Me pawo…î ky…õw, mep…õ s…õ meka biribi a asi ha w…î me ba Kpodo so w…î y…õn fie compound no mu w…î Bolgatanga. Abofra no rete…õ b…õn ‚Äî menhunu s…õ …îp…õ…õ s…õ …îny…õ d…õn w…î so h…î ‚Äî na …îtuu fam, na ne nsa so da fam k…õse. Seesei a, ne nsa no ahuhuro, na …îreka s…õ …õy…õ no yaw paa, nanso …îhunu ne ho na …îrekakasakasa. ∆Üy…õ abofra k…îraa ‚Äî …õka mfenhyia dumienu anaa dunnum ‚Äî na mesuro efis…õ ahuhuro no nk…î ase koraa. Me pawo…î ky…õw, obi tumi ba boa y…õn anaa wob…õka me kyer…õ s…õ meny…õ d…õn?"
80,"Me pawo…î ky…õw, mep…õ s…õ meka biribi a …õsii opanyin bi ho ha w…î Techiman. Me y…înko a …îte me nky…õn no, Mensah, …îy…õ opanyin paa ‚Äî na …îrey…õ adwuma bi ‚Äî mete s…õ na …îr…õtwa biribi anaa na …îrey…õ afuom adwuma bi ‚Äî na …îhw…õ…õ ne nsa anaa ne basa so, minhu kakra. Amoah na w…îfr…õ me, mene …îkor…îfo a m…õfr…õ yi. ∆êny…õ hu papa saa, ntwa no y…õ ketewa na …înam yie, nanso efis…õ …îno y…õ opanyin, y…õsui…õ s…õ …õs…õ s…õ y…õfr…õ. ∆Üda ho as…õ seesei, nanso y…õp…õ s…õ y…õhunu s…õ …îhia s…õ …îmmra hospital anaa y…õb…õtumi ay…õ no aduro w…î fie ara."
81,"Agoo! Me ba Mawuli ‚Äî pragyia b…î…î no nnora awia yi w…î Hohoe-Jasikan …îkwan so. Pragyia no b…î…î no, …îtuu fam, na ne nsa no yer…õ no ‚Äî …îsu resu na …îde ne nsa so, nanso …îtumi sesa ne nsa ase…õ kakra. Me din de Boateng, mene ne agya. Me pawo…î ky…õw, mhw…õ y…õn ‚Äî na …õy…õ abofra, na memp…õ s…õ biribi b…õba akyire no. ∆Üte s…õ ohoho kakra, nanso y…õmp…õ s…õ y…õgyae no saa ara. Me pawo…î ky…õw, soma …îhw…õfo…î mmra ne ho nhw…õ."
82,"Me pawo…î ky…õw, mep…õ s…õ meka biribi a …õsii ha w…î Wa Central. Me y…înko ba, Amoah, aboboyaa b…î…î no w…î …îkwan so na enky…õ…õ. ∆Übaa no y…õ aberante…õ, ebia …îw…î mfe dunw…îtwe anaa dunw…îkron, na ne nan y…õ…õ no yaw paa w…î accident no mu ‚Äî …õahy…õw na …întumi agyina so koraa. ∆Ünhwee fam anaa biribi saa, na …îhunu ne ho, nanso …õy…õ no yaw k…õse paa na y…õsuro yiye. Me din de Fatima, na y…õhwehw…õ obi a …îb…õba mmoa y…õn anaa …îkyer…õ y…õn nea y…õs…õ y…õy…õ. Me pawo…î ky…õw, soma ambulance mmra mmoa y…õn."
83,"Me din de Nhyira, na mefr…õ s…õ meb…õka biribi a …õsi Takoradi dwam no ho nn…õ. Opanyin bi, Fuseini, mmarimanom bi buae no ato no stalls no ho ‚Äî w…îpushii no na w…îb…î…î no, na …îtuu fam. Ne nsa hurt no w…î fall no mu, nanso …îho y…õ no, …õny…õ den paa ‚Äî mogya kakra na ne nsa ahyhy…õ kakra. Obi a …îw…î ho no boaa no tenaa ase, na …îreste saa ara nn…õ, nanso menyaa mmere h…î na mefr…õ, efis…õ …îy…õ opanyin na mesurae ne ho."
84,"Me pawo…î ky…õw, m…õfr…õ s…õ m…õb…î amane…õ fa accident a …õsii Accra ne Cape Coast …îkwan so no ho ‚Äî …õb…õn Winneba fa baabi. Me nuabaa Akua na …îw…î trotro a kar fofor…î b…î…î mu no mu, na w…îabubu no w…î ne nan so ‚Äî ne nan no ahy…õw, na …întumi nnante yie. ∆Üy…õ abofra, ne mfe…õ b…õy…õ dunkor…î, na …õber…õ a y…õreka saa ara yi, nnipa bi a w…îw…î …îkwan nky…õn no reboa…î no. Me din de Nii, na meretwentw…õn k…î ne nky…õn saa ara yi, nanso mep…õ…õ s…õ m…õfr…õ kan na obi b…õba ahw…õ no."
85,"Me pawo…î ky…õw, mep…õ s…õ meka biribi a as…õe abofra bi ho fa Hohoe-Jasikan …îkwan ho. Me din de Efua, na abofra no din de Ibrahim ‚Äî …îy…õ aberante k…õk…õ, anka …îy…õ abofraba. W…îahye no ne k…în ho, nanso …õny…õ hu papa ‚Äî …õy…õ biribi kakra, ehia ho na w…îahu h…î aky…õky…õre…õ kakra bi. Y…õdwene s…õ nsuohyehye bi kaa no. ∆Ühunu ne ho, na …îtumi kasa, nanso y…õp…õ s…õ obi ba na …îhw…õ no yie."
86,"Me pawo…î ky…õw, me nana Gifty, kar b…î…î no fam w…î …îkwan so ha Tarkwa yi ‚Äî …õb…õn y…õn fie. ∆Üy…õ opanyin, na kar no b…î…î no yiye paa ‚Äî ne nan dompe atwa, na mogya p…ît…îp…ît…î reretu firi no so. Me din de Kwabena ‚Äî mey…õ ne nkonyimba. Me pawo…î ky…õw, …întumi agyina ase koraa, na …îsu su denn w…î yaw no mu, y…õn hu suro ma no paa. Me pawo…î ky…õw, soma ambulance mmra mprempren!"
87,"Me pawo…î ky…õw, merefr…õ …õfiri s…õ me y…înko Alhassan aka accident w…î …îkwan so …õnn…õ. ∆Üresan aba fie w…î Darkuman ha, na OA taxi bi b…î…î no, nanso Onyame adom, …õny…õ den paa. Ne nsa y…õ no yaw kakra na …õw…î ntaaso bi w…î h…î, nanso …îtena ase yiye na …îhunu ne ho. Y…õw…î ne dan mu ne no seesei, enti me, Elinam, mep…õ…õ s…õ obiara b…õtumi hu s…õ de…õ asi no, s…õde…õ …õb…õy…õ a obehia k…î clinic no, w…îb…õtumi aboa no."
88,"Me din de Ramatu, na merefr…õ efis…õ biribi asi abofra baa bi, Adjoa, ho ‚Äî …õb…õn Techiman, Kumasi-Sunyani …îkwan no so. H…î na …îkwan no nky…õn w…î sukyer…õ ketewa bi, na …îtuu fam guu mu ‚Äî …îk…î…î nsu ase kakra ‚Äî nanso nnipa a w…îw…î h…î no twe no firi mu nt…õm. Afei de…õ, …îhome yie, Onyame adom, nanso ne k…în y…õ no yaw kakra, na …îkaa s…õ ne ti y…õ duru. ∆êny…õ den papa ‚Äî …îtena ase na …îrekasa ‚Äî nanso y…õsuro, …õno nti y…õp…õ…õ s…õ y…õb…î amane…õ na y…õbisa s…õ …õs…õ s…õ onk…î hu …îd…îkono anaa dabi."
89,"Me pawo…î ky…õw, biribi ay…õ Tamale-Bolgatanga …îkwan so, Walewale fa no ho. Abofra b…õr…õ bi, Agyeman, nnipa bi b…î…î no ‚Äî w…îbubui…õ no yie w…î ne tiri ne ne k…în so. Me din de Amankwah, na meretra …îkwan no so a mhunuu s…õ …õy…õ…õ saa, enti mesiesiee me kaa no ho as…õe mmoa no. ∆Ühunu ne ho na …îreka kakra kakra, nanso ne k…în fa no rehouhou, na …õb…õy…õ s…õ …õy…õ no yaw paa. Y…õhwehw…õ obi a ob…õba anaa obi a ob…õkyer…õ y…õn beae a y…õb…õfa no k…î no nt…õm nt…õm."
90,"Me pawo…î ky…õw, biribi bone paa aka abofra bi ha. Me din de Afia, na merefr…õ wo fa abofra bi ho ‚Äî w…îfr…õ no Adjei. ∆Ürey…õ adwuma na machine bi hy…õ…õ ne nsa mu, …õtwitwiw no f…õ…õf…õ…õ paa, na mogya pii repue. Y…õw…î Axim …îkwan so, Kokuom Half Assini. Abofra no y…õ me yaw paa na y…õsuro ‚Äî me pawo…î ky…õw, soma mmoa mmra nt…õm ara, efis…õ ne nsa no y…õ hu paa, paa ara."
91,"Agoo! Me pawo…î ky…õw, boa me! Me ba Agyeman, …îrey…õ adwuma w…î construction site bi ha Tumu, na biribi duru a …õtew agu no ‚Äî …õb…î…î no w…î ne yafunu ne ne bruwa so. ∆Üy…õ abarimaa ketewa, nk…îso mpr…õnsa afe na w…îw…î no, na …îw…î yaw paa, nanso …îhunu ne ho ‚Äî …îrekan as…õm. Me y…õ Patience, ne maame. Ne sikafo…î ‚Äî w…în a w…îy…õ…õ adwuma no nkoaa ‚Äî na w…îfr…õ…õ me s…õ as…õm no si. ∆Üreka s…õ ne bruwa y…õ no yaw paa paa bere a …îha mframa, nanso ne ho nni mogya a …õrefiri koraa. Mehu y…õn ho y…õ hu s…õ ebia ne dompe bi atwa w…î n'ase. Me pawo…î ky…õw, soma obi mmra boa y…õn, anaas…õ kyer…õ y…õn de…õ y…õnni so ay…õ, …õfiri s…õ y…õnnim de…õ y…õny…õ bio. Me pawo…î ky…õw, soma ambulance mmra Tumu ha nt…õm!"
92,"Me pawo…î ky…õw, mep…õ s…õ meka as…õm bi a …õsii me nuabarima ketewa ho. ∆Üdinni Kwame, …îadi mfe…õ duokron b…õy…õ, na …îrey…õ adwuma w…î construction site bi w…î Accra-Cape Coast …îkwan ho Winneba nky…õn no, na biribi tuu agu ne nsa so. ∆Üreka s…õ …õy…õ no yaw, nanso …îtumi yi ne nsa k…î kakra kakra, enti y…õnsusuw s…õ …õy…õ den papa. Me din de Ofori, na mep…õ s…õ m…õhunu s…õ …îhia k…î clinic anaa y…õtumi hw…õ ho w…î fie."
93,"Me pawo…î ky…õw, mep…õ s…õ meka biribi a aba ha w…î Tumu. Me y…înko a …îte me boaboasom, Nii, …îtuu fam w…î compound no mu ‚Äî …îkraa na ne ti b…î…î fam no so. ∆Üho y…õ, …îtee ase na …îrekasakasa, nanso w…îabubu ne kor ho kakra na …îka s…õ …õy…õ no yaw w…î h…î. Me din de Ibrahim, mete ne boaboasom, na mehuu s…õ …îy…õ…õ dede no enti mebaa s…õ menhw…õ no. Y…õntee s…õ …õy…õ k…õse papa, nanso y…õp…õ s…õ obi kyer…õ y…õn s…õ y…õny…õ d…õn nn…õ."
94,"Me din de Sulemana. Merefr…õ s…õ meka …îkra mo ho fa me y…înko, opanyin bi a w…îfr…õ no Baffour. ∆Ük…î…õ mu accident w…î Asokwa ha, na …õny…õ k…î na …õk…î…õ ‚Äî …õw…î faako a y…õtena ha ara. Saa bere a w…îde no baa fie no, …îkyekyeree ne yam ne ne ntoakoa ho. ∆êny…õ ehu paa ‚Äî mogya nfiri no, na biribiara a …õte saa nso nni h…î ‚Äî nanso …õy…õ no yaw w…î ne yam ho ne ne ntoakoa mu. ∆êfiri s…õ …îy…õ opanyin, …õno nti y…õp…õ s…õ y…õhw…õ s…õ …îte ase yie."
95,"Y…õn din de Akua, mitu fr…õ …õfiri s…õ biribi b…îne ada …õha abofra bea. ∆Üno din de Afia, na …îb…õy…õ mfe dunnum-anum anaas…õ dunnum-asia p…õ, na wahye ‚Äî …õkaa ne k…în ne ne ti ho. Y…õw…î Bolgatanga-Bawku …îkwan so, Navrongo fam akyi beae…õ. Na hye no ny…õ ketewa koraa, ne honam w…î h…î y…õ hu papa, na …õy…õ no yaw na …îsu, nanso …îhunu ne ho na …îkasa daa. Me pawo…î ky…õw, soma obi mmra na w…îmmoa no nt…õm ara."
96,"Maakye, mep…õ s…õ meka biribi a asi w…î Tamale-Yendi …îkwan so, Savelugu beae a …õb…õn no. Me din de Ibrahim, na meretwam na mihuu abofra bi, Agyeman, …îtuu fam fii ne sikiri so w…î …îkwan so no. Ne nan y…õ no yaw kakra, nanso …îho te s…õ …õs…õ ‚Äî …îtena …îkwan ho na …îtumi yi no kakra kakra. Obi w…î ne ho seesei, nanso mep…õ…õ s…õ meka ma mo ama mo nhu, s…õ ebia obi b…õhw…õ no papa."
97,"Me pawo…î ky…õw, mep…õ s…õ meka biribi a …õsii ha w…î Nalerigu. Me adamfo Vida ‚Äî …înam k…î…î aponkyerene ho na ne nan ko…î guu fam w…î kwan a …õy…õ broken so, na ne nan nkabom hy…õ…õ no den paa. Ne nan nkabom no resu asu seesei na …întumi nnya gya biara w…î so, nanso …îhunu ne ho na …îkasa aye. Me ne Elinam, mew…î ne ho ha seesei. Y…õhwehw…õ adwene s…õ, …õs…õ s…õ …îk…î clinic anaa y…õtumi dwene so w…î fie?"
98,"Me pawo…î ky…õw, as…õm k…õse bi aba ha na mehia mmoa nt…õm ara. Me din de Memunatu, na m…õfr…õ ho fa abofra bi ho ‚Äî ne din de Nii Kwei. ∆Ütuu nsuo mu w…î Kete Krachi …îkwan ho, beae a …õb…õn Dambai no. ∆Ük…î ase w…î nsuo mu, na bere a y…õtwnaa no afi mu no, …îny…õ hwee koraa ‚Äî …îany…õ hunu. Ne kon ne ne ti y…õ hu yie ‚Äî s…õ biribi nte so w…î h…î. Abofra yi y…õ ketewa paa, na ne state y…õ b…îne yie seesei ‚Äî y…õsuro yie. Me pawo…î ky…õw, soma onipa bi mmra nt…õm ara, efis…õ y…õnnim de…õ y…õb…õy…õ no maa no ha."
99,"Me pawo…î ky…õw, mep…õ s…õ meka as…õm bi a asi …îbarima afunahy…õ bi ho w…î Oforikrom ha. Me din de Kwame, na abofra no din de Appiah ‚Äî …îy…õ me y…înko ba, …îny…õ ak…îkoraa. ∆Üresesaw construction site bi a …õb…õn ha no, na biribi t…î…î no ti so, na …îtuu fam. ∆Üany…õ nkonnwatiafi, nanso …îrebr…õbr…õ paa na ne k…în y…õ no yaw denden, enti y…õsuro no paa. Y…õhwehw…õ obi a ob…õba boa, efis…õ mpaem no y…õ k…õse ‚Äî …õny…õ ketewa as…õm koraa."
100,"Me pawo…î ky…õw, biribi a …õy…õ den paa aba na mehia mmoa nt…õm ara. Me din de Nii Laryea, na merefr…õ fa onipa bi ho a w…îfr…õ no Adjei. Adjei no na …îrey…õ adwuma w…î …îkwan so a …õk…î Takoradi nk…î Cape Coast, Anomabo nky…õn h…î. Na …îrey…õ construction adwuma w…î h…î no, equipment tuntum bi atuu agu ne nan so ‚Äî …õy…õ hu paa, ne nan abubu paa na mogya p…ît…îp…ît…î retu firi mu. Y…õakyekyere biribi hy…õ mu s…õ y…õb…õtumi ato mogya no ano na …õnnante, nanso …õy…õ no yaw paa na y…õsuro no yiye. Me pawo…î ky…õw, soma mmoa mmra Anomabo nky…õn …îkwan no so h…î nt…õm ara ‚Äî mmirika mmra."
101,"Me pawo…î ky…õw, mep…õ s…õ meka accident bi a …õsi no ho as…õm. Me din de Nii Armah, na mefr…õ ho fa me adamfo…î Abena ho ‚Äî …îk…îhyiaa accident w…î Accra-Cape Coast …îkwan so, Winneba nky…õn bi ara h…î. Kar bi b…î…î trotro a …îtene so no, na ne ti k…î…î so b…î…î …îsoro a …õw…î n'anim no so, na ne k…în y…õ no yaw kakra. ∆Ühunu ne ho na …îkasa, nanso y…õsuro …õfiri s…õ …îka daadaa s…õ ne k…în mu ye den. Y…õw…î ne nky…õn seesei na …îhia obi a ob…õhw…õ no yiye."
102,"""Me pawo…î ky…õw, nn…õ awia yi, biribi sii Bawku …îkwan so, Zebilla nky…õn. Abofra bea bi, Araba, tipper truck b…î…î no a …îrey…õ kwan so nantwi. ∆Ütuu fam na ne ti bui…õ fam, nanso …îhunu ne ho na …îrekan ns…õm ‚Äî mogya kakra firi ne ho na …îka se …õy…õ no yaw ne k…înhwene ho. Mene Patience, …îh…î na metee nea esii. Me pawo…î ky…õw, soma obi mmra hw…õ no, efis…õ …îy…õ abofra na y…õmp…õ s…õ asiane bi b…õba. Soma ambulance mmra nt…õm!"""
103,"Me pawo…î ky…õw, biribi asi w…î Ho-Accra …îkwan no so, Adidome beae no ho. Me nua, Nii Kwei, …îtuu fam ‚Äî me susu s…õ …îw…î kar bi so na …îhwee ase, …îk…î…î fam den ara. Ne ti ne ne k…în beae no na …õb…î…î, na s…õ me duu ne ho a, …îhunuu ne ho, nanso …îy…õ…õ ntirimu…îden paa ‚Äî n'adwene annye no yie, na …îkye…õ ne k…în no, kaa s…õ …õy…õ no yaw paa. ∆Üy…õ ab…îfra, ne mfe…õ b…õy…õ du nson anaa saa bi. Me na me y…õ Agyeman, mew…î ne ho seisei ‚Äî me pawo…î ky…õw, soma onipa mmra ha, efis…õ mmp…õ s…õ meyi no k…î baabi, mehunu s…õ …õny…õ s…õ …õs…õ s…õ meyi no nantsew ara."
104,"Me pawo…î ky…õw, mep…õ s…õ meka accident bi a …õsii ha w…î Yendi Senior High School. Me din de Issah, na y…õn students mu baako, Dela, pragyia b…î…î no w…î sukuu no entrance no ho, bere a …îrek…î sisi …îkwan no k…î mu an…îpa yi. ∆Üy…õ abofra koro, na ne nan no mu y…õ no yaw, nanso …îhunu ne ho, na mogya refi no koraa a, …õny…õ d…õm. Y…õama no atena ase, na obi w…î ne nky…õn seesei."
105,"Me pawo…î ky…õw, me din de Appiah. Mefr…õ wo firi Winneba Senior High School. Yen mmaa baako, Naa Dedei, …îsuruu wim w…î staircase a …õb…õn dormitory block no ho, na …îtuu fam, na ne ti buaa step no nkyinkyim so. ∆Ühunu ne ho na …îrekan, nanso …îde ne nsa kyer…õ ne k…în na …îka se …õy…õ no yaw kakra. ∆êny…õ hu paa saa, nanso y…õp…õ s…õ y…õhw…õ ase yie."
106,"Me pawo…î ky…õw, merefr…õ …õfiri biribi a …õy…õ den paa a …õsi ha w…î Ho Senior High School. Me din de Yakubu, mey…õ …îkyer…õkyer…õni w…î ha. Y…õn sukuu aduane noa no, Elinam ‚Äî …îy…õ opanyin ‚Äî …îrek…î twa compound no mu kwan a …õb…õn dining hall no ho a, sukuu bas no san kohyia no antem na …îtuu fam. Ne ti bui…õ fam den paa, na ne k…în no h…î y…õ hu. ∆Üremes, nanso s…õ y…õfr…õ ne din a, …înyi so s…õ …õs…õ. Mogya retu firi ne ti mu. Me pawo…î ky…õw, mmoa mmra nt…õm ‚Äî …îy…õ opanyin na as…õm no y…õ den paa."
107,"Me pawo…î ky…õw, merefr…õ fa h…î s…õ obi a …îy…õ ababaawa bi ‚Äî okada buae no w…î UPSA campus main gate ho ha Accra. Me din de Amoah, mey…õ lecturer w…î ha, na Yaa no y…õ y…õn first-year student bi. ∆Ür…õkyeaa …îkwan akyi l…õk ºa awie, na okada no baa buae no ‚Äî …îtuu fam na ne ti k…îhyiaa fam. Nanso …îhunu ne ho na …îr…õkasa. Ne k…în y…õ den kakra, na w…îabubu ne ti so kakra, nanso enny…õ hu paa."
108,"Me pawo…î ky…õw, mep…õ s…õ mekaa biribi a asi ha w…î Cape Coast University ‚Äî …îbarima bi a w…îfr…õ no Sulemana, …îb…õk…î drowning w…î swimming pool no mu nn…õ awia mu w…î bere a w…îrey…õ recreational swim no. ∆Ük…î…õ h…î ne nnamfonom, na …îhunuu …îhaw ma …îk…î…õ ase kakra ansa na w…î…îtwe no firii mu. Kweku na …î…îtwe no k…î…î nky…õn, enti …îno na …îfr…õ…õ me s…õ memm…õb…î nkra yi. Sulemana hunu ne ho nn…õ, na …îkeka s…õ ne nsa y…õ no yaw, anka s…õ …õfiri s…õ bere a w…îr…õtwe no firii h…î no, w…îkyeree no yie no. ∆êny…õ …õhia …õhia, nanso y…õsusu s…õ …õs…õ s…õ obi ba na onhw…õ no."
109,"Me din de Amankwah, mey…õ student w…î Koforidua Technical University. ∆ên…õ y…õn practical session w…î workshop no mu, me classmate baako, Emefa, …îrey…õ adwuma w…î grinding machine so, na …õhia …õno ase bi pue k…î buaa no ti nky…õn. ∆Ühunu ne ho na …îreka ns…õm, nanso ne ti nky…õn no asw…õl, na …îka s…õ ne k…în y…õ den na …õy…õ no yaw. ∆êny…õ s…õ …îany…õ hunu anaa biribiara a …õs…õ saa, nanso y…õsuro efis…õ swelling no retr…õtr…õ so daa, na …îka s…õ ne ti reguiriguiri no."
110,"Me pawo…î ky…õw, merefr…õ wo afa me adamfo Nii Armah ho ‚Äî biribi asi no nn…õ awia yi w…î T.I. Amass ha Kumasi. Y…õne no w…î science lab h…î y…õ y…õn practical, na Bunsen burner baako mu hyehy…õ…õ mmer…õ bi, hy…õ…õ ne nsa mu. ∆êny…õ dodo papa ‚Äî …õfa ne nsa ase fam no ho, nanso ne ho ahyehy…õ y…õ deden na …îreka s…õ …õy…õ no yaw. Me din de Selorm ‚Äî y…õne no y…õ labmates. Mep…õ s…õ minim ade…õ a y…õb…õtumi ay…õ mma no seesei ansa na y…õde no ak…î clinic."
111,"Me pawo…î ky…õw, merefr…õ wo fi Kumasi Academy. Me din de Wiredu. Biribi baa ho mprempren w…î break time mu ‚Äî y…õn students baanu no w…î bicycles so w…î sports block ho, na w…îp…õ…õ s…õ w…îbutu aba ama wonnyia w…în ho, na Afia tuu fam, na ne nsa bui…õ fam k…õse. ∆Ühunu ne ho, na …îrekasakasa, nanso ne nsa ahy…õw na s…õ …îp…õ s…õ …îsesa no a, …õy…õ no yaw dodo. Y…õnsusu s…õ ne dompe atwa, nanso y…õp…õ s…õ onipa bi mmra nhw…õ no."
112,"Me pawo…î ky…õw, me din de Issah. Mefr…õ wo firi Adisadel College ha Cape Coast. Alhassan naa …îne dropping taxi na …îsan aba firi kurom, na kar bi b…î…î taxi no ho faako a …õb…õn sukuu gate no ‚Äî …îtuu fam, nanso …îho y…õ no, …õy…õ scrapes kakra ne bruise bi w…î ne nan so. ∆Ütena ase seesei yi, na …îtumi yi ne nan no, enti y…õnnya y…õn ho yie s…õ ne dompe atwa anaa biribiara a …õy…õ hu te saa. ∆ênde y…õp…õ s…õ …îk…î hospital na w…îhw…õ no yiye, efis…õ …îtete k…î…îk…î…îk…î…î kakra saa ara."
113,"Me pawo…î ky…õw, mep…õ s…õ meka biribi a …õy…õ den paa a …õsi ha w…î Tamale Senior High School. Me din de Nii Kwei, mey…õ okyer…õkyer…õni baako w…î ha. Y…õn adwumay…õfo a …îy…õ opanyin w…î adidibea h…î ‚Äî Yaa ‚Äî …înam k…î…î dining hall nky…õn no, na delivery truck a …îde aduane bae no dane fam a …îanyi …îkra biara, na …îb…î…î no. Ne nan no, …õhw…õ s…õ w…îabubu no paa ‚Äî ne nan no abu na …õdan dan, na mogya pue paa. ∆Ühunu ne ho, nanso …îsu resu na …îc…î c…î, na …întumi mfa ne nan no nk…î baabi koraa. Me pawo…î ky…õw, mia mmoa mmra ha nt…õm nt…õm, efis…õ …îy…õ opanyin na ne nan no y…õ den paa."
114,"Me din de Naa, merefr…õ firi Tamale Technical University. Me adamfo Abenaa ‚Äî …îy…õ student w…î ha ‚Äî …îrek…î twa kar park a …õb…õn engineering block no, na campus bus bi b…î…î no faa no so bere a …õredan. ∆Ütuu fam na ne ti b…î…î fam ‚Äî …õw…î kotoku ketewa bi w…î so, na ne k…în y…õ no yaw, nanso …îhunu ne ho na …îreka as…õm. Y…õp…õ s…õ y…õhunu s…õ …õs…õ s…õ y…õfa no k…î baabi na w…îhw…õ no yiye anaa."
115,"""Me pawo…î ky…õw, merefr…õ s…õ m…õb…î amane…õ fa biribi a …õsii ha w…î Navrongo Senior High School. Me din de Abenaa, mey…õ …îkyer…õkyer…õni. Y…õn sukuu no maintenance pickup no rek…î workshop no ho w…î compound no mu, na …õb…î…î y…õn PE …îkyer…õkyer…õni baako, Fuseini, bere a …îrek…î so no. ∆Üho y…õ, …înhunu hwee ‚Äî na ne koro no ara nie, ne kosi no y…õ no yaw, na …õw…î haw bi w…î h…î. ∆Üt…õ ase seesei, nanso y…õp…õ s…õ obi ba na …îhw…õ no, efis…õ …îse yaw no nkor…î da."""""
116,"""Me din de Kwabena, mey…õ student w…î Opoku Ware School w…î Kumasi. Nn…õ awia no, y…õn home economics practical mu no, me class mu baako ‚Äî Baffour ‚Äî …îkaa …îben ch…î na …îhy…õ…õ no, na ch…î no kaa ne siket mu hyew no w…î ne yafunu ho. ∆êny…õ den papa ‚Äî ne honam no anya b…îne kakra, …õda mfiase s…õ …õy…õ k…îk…î…î na …õw…î ne ho kakra ‚Äî nanso …îreda su na y…õsuro. ∆Ükyer…õkyer…õni no somee me s…õ memmra ka no nt…õm ara."""
117,"Me din de Alhassan. Merefr…õ mo fa abofra bi ho ‚Äî ne din de Nii. Kar b…î…î no w…î Achimota Senior High School anim ha Accra. ∆Ürey…õ adwuma ako kwan twa akyi suku, na kar no b…î…î no yie paa ‚Äî ne ti kum fam, na …înnyaa nante mmer…õ bi. Ne k…în ho nso y…õ hu yie ‚Äî y…õnsuro s…õ y…õb…õtam no. ∆êy…õ den paa. Me pawo…î ky…õw, boa no nt…õm nt…õm ‚Äî …îhia mmoa s…õnea …õte yi!"
118,"Me din de Naa Shormeh, na merefon efa me adamfo…î Naa Akorkor ho, waak…î accident w…î ha Bolgatanga Senior High School. ∆Üresiansian fiem stairs no so fi soro floor a …õw…î dormitory block no mu, na …îp…õ ara …îs…õ…õ …înantiw baabi, na …îtuu fam, na …îk…îkoaa ne ber ne ne akyi ase yie paa. ∆Ühunu ne ho na …îtumi kasa, nanso …îrekyer…õ s…õ …õy…õ no yaw paa w…î ne s…õnk…î ho, na ohia nsamina a …îb…î mfasua no nso …õhia no yaw. Y…õaboa no atenase p…îw …îfam ha b…õso fam so, nanso y…õannp…õ s…õ y…õsesa no bebree, efis…õ saa baabi a y…õka no koraa no, ne anim de no yaw na …îde anigye."
119,"Me pawo…î ky…õw, merefr…õ wo efis…õ biribi a …õy…õ hu paa asi w…î Mfantsipim School ha w…î Cape Coast ‚Äî me din de Mensah, mey…õ house prefect. Senior boys bi hyiaa efie w…î dormitory no mu, na w…îbubui…õ Nii Kwei yie paa ‚Äî ne yafunu ne ne …õfanim ntam na …õy…õ no yaw bebree. ∆Ürehome, nanso …îkyekyere ne ho na na …îpinpim da w…î h…î w…î ber…õ biara a obi b…õt…î ne ho so a …õb…õhw…õ ne …õfanim no. Yennim s…õ biribi atwa mu anaa, nanso …îno de, …înhw…õ s…õ …îhw…õ papa koraa."
120,"Me pawo…î ky…õw, merefr…õ fi KNUST campus w…î Kumasi ‚Äî me din de Owusu, mey…õ hall football team mu. Anwumere no, y…õrek…î training, na Kwabena k…î hard w…î tackle mu na …îtuu fam yiye w…î ne k…înk…în so. Seesei ne k…înk…în ahoahoa yiye papa, na …întumi nhyehy…õ ne nan gu so koraa. ∆Üte pitch ho, y…õde no fi t…îfa so baa ho. ∆ênkyer…õ s…õ ne dompe atwa, nanso ahoahoa no renya k…õse, na …îse …õy…õ no yaw paa. Me pawo…î ky…õw, obi b…õtumi aba ahw…õ no kakra anaa?"
121,"Me pawo…î ky…õw, biribi asi ha w…î y…õn dormitory mu w…î Wesley Girls, na mep…õ s…õ meka ho as…õm. Me din de Dzifa, mew…î house koro mu no. Y…õn mmaa baanu hyiae efis…õ …îbarima bi fi Mfantsipim ‚Äî w…în nyinaa p…õ no, na …õk…î…î so k…îsi s…õ w…îde nsa b…î…î w…în ho w…î corridor mu no. ∆Übaa baako no de nsu bottle b…î…î Efua ti nky…õn, na …îtuu fam k…îhyiaa …õpono no so. ∆Ühunu ne ho, nanso ne k…în y…õ den, na …îka daa s…õ ne ti y…õ no yaw paa ‚Äî s…õ ky…õky…õ na …õreto so. Y…õama …îbaa a …îb…î…î no no k…î, nanso Efua nni ho koraa ‚Äî …îhia obi a ob…õhw…õ no."
122,"Me pawo…î ky…õw, as…õm bi a …õy…õ den paa aba ha Prempeh College, Kumasi ‚Äî me din de Asante, mey…õ sukuu ba. Me adamfo Kojo …îrehwehw…õ s…õ …îb…õtweri aban a …õw…î akyiri no so w…î anadwo a mframa atu ase…õ no, na …îtuu fam paa ne nan so. Ne nan no as…õe ak…õse na …õny…õ saa, na …îsu resu, na …întumi nyi ne nan mmo…î biara ‚Äî na mogya bi nso w…î h…î. Y…õnsuro s…õ y…õb…õyi no, efis…õ ne nan no hw…õ s…õ ne dompe atwa yiye. Me pawo…î ky…õw, boa mmra ha nt…õm nt…õm."
123,"Me pawo…î ky…õw, mep…õ s…õ meka biribi a …õsii w…î University of Ghana, Legon h…î, w…î halls mu baako. Me din de Nii Armah, mey…õ student a m…õwie me sukuu. Senior students bi reyi abofra bi ‚Äî Ibrahim ‚Äî ama no k…î mu, na …õy…õ…õ den paa. W…îkyekyeree no w…î ne yafunu ne ne bre…õ so daa daa, na seesei no adadam, na …întumi ntsina t·∫Ωt·∫Ω, na …îkeka s…õ s…õ …îp…õ s…õ …îhomehome a …õy…õ no yaw. Mek…îgyee no w…î w…în nsam, nanso abofra no hwehw…õ mmoa ‚Äî …õs…õ s…õ …îk…î hospital. Mframa bi saa s…õ biribi ntim w…î ne ho mu."
124,"Me pawo…î ky…õw, me roommate Serwa atew fam ha w…î y…õn room no mu w…î Ashesi University. ∆Ütuu fam no, ne ti nky…õn bui…õ desk no …õf√£ so ‚Äî nanso seesei …îhunu ne ho, nanso …îkyiri adwene na ne k…în y…õ no yaw. ∆Üb…õy…õ dua nn…î no mu na examination no nti …înnidi pa ara, na …înna nso ‚Äî mete s…õ …õno nti na eyii saa. Ogya a …õw…î ne ti so no ketewa na mogya nso ntu fro paa. Me din de Nhyira ‚Äî mene no na y…õtena room no mu. Me pawo…î ky…õw, obiara betumi aba h…î ahu no anaa? Soma ambulance mmra me pawo…î ky…õw!"
125,"Me pawo…î ky…õw, m…õfr…õ fie GSTS, Takoradi ‚Äî me din de Fuseini. N√° y…õrey…õ y…õn catering practical nn…õ awia no, Selorm n√° …îre…îs…î atadee a …õhyehye ngo bi, na …îtuu fam na ngo no hwiee agu ne nsa mu ‚Äî ne nsa mu ho anaa ne brachii no so. Ne ho nipadua no renya mpaem k…õse, na mogya ho anaa akukyire bi reba aba ne ho no so, na …õy…õ no yaw paa ‚Äî …îsu, nanso …îhunu ne ho na …îkasa. ∆Ükyer…õkyer…õni no w…î ne nky…õn, na …îno nti na …îsomee me s…õ mefr…õ. Me pawo…î ky…õw, kyer…õ y…õn de…õ y…õb…õy…õ ma no seesei ara yi, bere a y…õr…õk…î de no k…î clinic no no."
