id,narrative_fante
0,"Me pa wo kyew, me ba Kwame hy…õ…õ accident w…î Damongo ha nn…õ awia yi. ∆Ürek…î twa …îkwan no ho faako a …õb…õn market no, na pragyia bi b…î…î no, na …îtuu fam. Ne nan no y…õ no yaw, na yehunu cuts ne scratches bi w…î so, nanso …îtumi sesa no kakra, enti yennye adi s…õ ebubu. Me din de Baffour, na mep…õ s…õ obi kyer…õ me as…õm a mahunu bi fa ho ‚Äî s…õ d…õn na meny…õ ma no seesei."
1,"Me pa wo kyew, mep…õ se meka biribi a w…îy…õ…õ ha w…î Tamale central. Me h…îho…î ba, Kwame, …îw…î trotro mu, na kar fofor…î bi b…î…î no firi nsam ‚Äî enye k…õse papa, Nyame da ase, nanso …îk…î…î fam …îb…î…î ne k…în ne ne tiri fam w…î asase so. ∆Üy…õ abofra k…îk…î…î, ne mfe b…õy…õ seventeen oo saa. Me din de Dela, mene onipa a efr…õ no. Abofra no atedaw s…õ saa, …îhunu hwee, nanso …îreka s…õ ne k…în y…õ no yaw kakra."
2,"Me nuabarima Mensah, aboboyaa bi b…î…î no k…õse fa Takoradi market area ho, enye t…õ saa. Bike no b…î…î no na …îtuu fam papa, na ne tiri ne ne k…în ho hy…õ…õ no yaw w…î saa fall no mu. ∆Ünim ne ho na …îreka as…õm, nanso …îreka s…õ ne k…în y…õ no yaw k…õse, na ne tiri fa bi ho asu. Me ne Nhyira, m…õka ne ho seesei ara ‚Äî yehia obi a …îb…õba mmoa y…õn, efis…õ y…õnnim s…õ y…õns…õ move no anaa dabi."
3,"Me pa wo kyew, biribi a …õy…õ hu paa na aba aha w…î Axim. Me h…îho…î ba, Issah, kar bi b…î…î no w…î …îkwan so a …õb…õn fie no, na w…îde no baa ha, nanso abofra no ho nny…õ koraa. Ne nan y…õ yaw paa ‚Äî …õte s…õ …õpae na mogya retu no dodo, y…õsuro. Me din de Mawuli, mete h…î be…õ k…õse, na ne awofo w…î ha nanso w…înnim d…õ w…îny…õ hwee. Me pa wo kyew, y…õhia mmoa mmra nt…õm paa efis…õ abofra no y…õ k…õse kakra paa na …õy…õ no yaw paa."
4,"Me pa wo kyew, mep…õ s…õ meb…î report fa accident bi ho a …õbaa Kumasi-Tamale …îkwan so, bebiara a …õb…õn Ejura. Me din de Naa Dedei, na merefr…õ fa aberante bi ho ‚Äî w…îfr…õ no Nii ‚Äî a …îhy…õ…õ road accident mu. Accident no y…õ…õ no f…õf…õ ara nn…õ. Eye s…õ kar bi b…î…î no, na …õhuruu no yiye ‚Äî ne bruwa ne ne yafunu na …õy…õ no yaw paa, nanso …îda h…î na …îte nkomo ‚Äî …înnhaw koraa. ∆Üny…õ okay koraa, nanso …îda h…î remanteen dinn. Me pa wo kyew, obi mmra mmoa no, efis…õ …îhia help nt…õm ara!"
5,"Me pa wo kyew, biribi twa ase papa na mehia mmoa nt…õm ara. Me din de Appiah, na mer…õfr…õ fa opanyin bi ho ‚Äî w…îfr…õ no Abena ‚Äî a …îrey…õ adwuma beae a …õb…õn Kete Krachi kwan no ho, k…îse Dambai. ∆Üretu nnwuma den den no mu ‚Äî …îsoa adesoa denden ‚Äî na biribi k…î f…õw na w…îhaw no papa w…î ne bruwa ne yafunu mu. ∆êy…õ no yaw paa na …întumi nnyina yiye ‚Äî injury no y…õ hu papa. Me pa wo kyew, y…õhia obi a …îb…õba nt…õm ara, efis…õ …îy…õ opanyin na as…õm yi y…õ den paa maa y…õn a y…õw…î ha ‚Äî y…õntumi nk…î so ankasa."
6,"Yaa nua, me nua Hamza, pragyia b…î…î no akyiri ha Salaga yi i'amenima. Me ne Yakubu, merefr…õ wo ma no koraa …õfiri s…õ …îda ho nna wim seisei. Motobaik no b…î…î no n'aba so na …îtuu fam, nanso …îs…îre ne ho ankasa ‚Äî enti …õny…õ den paa. ∆Üw…î yaw kakra ne n'ayowa ho ‚Äî n'abrokyir no mu ‚Äî na bruise kakra w…î h…î, nanso hwee nhwee nni h…î a …õte s…õ fracture anaa biribiara te saa. Y…õp…õ s…õ y…õhunu s…õ n'ahot…î y…õ, na y…õp…õ s…õ y…õnim s…õ …õs…õ s…õ y…õde no k…î hospital anaa dabi."
7,"Me pa wo kyew, biribi k…õse bi aba ha Wa Central na mehia mmoa nt…õm ara. Me din de Agyeman, na mereka ho as…õm efa aberante bi a w…îfr…õ no Owusu ‚Äî kar bi b…î…î no w…î …îkwan so saa beber…õ yi ara. Aberante no ho ny…õ koraa, ne nan ahu m…îba paa ‚Äî …õte s…õ fracture k…õse bi, na mogya retu paa. ∆Üntumi nnante anaa sisi ne nan koraa, na …õy…õ no yaw bebree ‚Äî …îda fam h…î k…îk…î…î ara. Me pa wo kyew, yehia ambulance bi mmra ha nt…õm ara ansa na as…õm no b…õy…õ d…õn biaa."
8,"Me pa wo kyew, mefr…õ s…õ merekyer…õ ade…õ bi a esii me nuabarima Kwabena ho ha Yendi. ∆Üreye adwuma bi w…î efie ‚Äî …îrek…î something w…î dan so na ekaa s…õ nkukuwa ketewa bi tuu fam buu no tiri akyi. Appiah na …õy…õ me din, me na merefr…õ. ∆Üse …õny…õ no yaw paa, nkutoo kuta bi na eye, nanso mogya ketewa bi retu, enti yehia s…õ y…õhw…õ s…õ …õy…õ okay."
9,"Me pa wo kyew, biribi b…îne paa asisi saa abofra baa bi a w…îfr…õ no Felicia no so w…î Kumasi-Cape Coast …îkwan no so, Mankessim ho. Mmarima bi dwiriw no, w…îb…î…î no paa, na ne nsa ho te…õ saa ‚Äî …întumi nnyin no koraa, na ano ahobow, na …õdan b…îne b…îne so. Me de, me y…õ Boateng ‚Äî mereb…õ me kar mu na mahu no …îkwan akyiri so na osu, na obiara remboa no. Me pa wo kyew, mo ntena mo h…î ‚Äî momm…õma obi mmra nt…õm paa, efis…õ abofra no retu mogya bebree, na …õte s…õ …îb…õkolapuse ara."
10,"Me din de Asare, merefr…õ s…õ meb…õka biribi a esii Elinam ho. ∆Üreduadua jollof w…î ne flat mu ha Adenta ‚Äî pressure a …õw…î pot no mu maa lid no pue fitaa fitaa, na steam na nsuo hye a …õw…î mu hahaa too ne nsa mu ‚Äî ne forearm no so. Ngogote reba n'anim w…î ho, na cucumbers no ase y…õ k…îk…î…î, na …õy…õ no yaw paa. ∆Üte h…î na …îreka as…õm, nanso burn no y…õ duru, na …îse …õy…õ no yaw daa daa, …õrek…î so sene. Yehia nimde…õ s…õ y…õb…õy…õ de…õn ama no seesei ara."
11,"Me ba Kojo nya owiaw …õnna afei w…î ha Assin Fosu, bere a …îreboa w…î carpentry shop no mu. Dua bi tuu hwe fam k…î ne nsa so k…î taa no kakra, enti mogya retu no kakra ‚Äî nanso …îtumi keka ne nsa yiye ara. Mene Kwasi, me ne ne agya. Y…õahorow ama no yie, na y…õato ntama ahy…õ ho, nanso meretwe me ho aba reka ama mo se ‚Äî …õfiri se …îy…õ abofra ketewa, na menim a y…õhia de no baabi anaa dea."
12,"Me pa wo kyew, biribi b…îne paa na …õaba w…î Cape Coast-Elmina …îkwan so. Aberantewa bi, Appiah, kar bi b…î…î no ma …îtuu fam, na …îhia mmoa ara seisei. Nan no ‚Äî mese nan anaa nsa ‚Äî …õy…õ no yaw paa, s…õ fracture ne ho, na mogya retu paa. Me ne Maame ‚Äî na mek…î so na mhunuu no da …îkwan ntam h…î, na nnipa a w…îadwinnoa no so, na obiara nnim de…õ …îb…õy…õ. Me pa wo kyew, mma mmoa nt…õm ara ‚Äî abofra no hia help seisei ara."
13,"Me pa wo kyew, mep…õ s…õ meka biribi a esii ha w…î Dambai. Me h…îho…î ba, Fatima, OA taxi bi b…î…î no w…î …îkwan so ‚Äî accident ketewa, na abofra no hwee. Me din de Edem, mene …îkwan a mefr…õ no. ∆Üw…î cut w…î ne nan so na na ne nan no ho ho bi w…î h…î, nanso …înantew kakra, enti yennhunuu s…õ …õy…õ k…õse paa. Yep…õ s…õ yedi h…î yiye na w…îhw…õ no yiye."
14,"Me din de Mawuli, merefr…õ s…õ merebu ns…õm fa abofra bea bi ho ‚Äî naa ne din de Sena. ∆Üy…õ adwuma w…î …îkwan ho, w…î Kumasi-Sunyani …îkwan so, bebi a …õb…õn Techiman, na …îrey…õ farm work, na nne…õma duru bi tuu agu ne nsa so ‚Äî mese …õy…õ ne nsa fam no, ne nsa asu hama na …întumi nsa no yiye, nanso …îhunu ne ho na …îrekan as…õm. ∆êny…õ as…õm a …õb…õguan n'awakyi, nanso …õy…õ no yaw paa na …õs…õ s…õ oduruy…õfo bi hunu no nt…õm ara. Me pa wo kyew, obiara a …îb…õtumi a …îmmra mmoa no ‚Äî mmra mmoa Sena!"
15,"Me din de Kofi, na merefr…õ s…õ merekyer…õ wo as…õm bi a esii me nuabarima Asare ho w…î y…õn fie ha Cape Coast. Mmarima bi bae…õ na w…îhy…õ…õ ase kasa teaa no, na obi de nsa bubui…õ no tiri so. W…îatwitwa no k…îk…î…î kakraa w…î h…î, na ne k…în nso y…õ no yaw kakraa, nanso …îte h…î na …îrekasa. ∆êny…õ den paa, nanso mep…õ…õ s…õ obi nim as…õm no."
16,"Me pa wo kyew, merefr…õ s…õ merebu ns…õm bi a …õsii opanyin bi, Kwabena, ho ‚Äî …îkwan a …õfi Cape Coast k…î Elmina no so. Ogyaa no ‚Äî mete s…õ nsu hyew bi anaas…õ biribi hyew kaa ne nsa ‚Äî anko ase koraa, na n'ani so y…õ k…îk…î…î na …õy…õ no yaw kakra. ∆Üne me din de Ofori ‚Äî mererek…î na mihuu no na mesii ase s…õ m…õboa no. ∆Üy…õ opanyin nti na mesu…õ no, nanso …îte ne ho, na …îreka as…õm. Y…õhia obi a …îb…õba na wahw…õ no yiye p…õp…õ…õp…õ."
17,"Me ba Naa Akorkor hyew s…õ owia yi ha fie ha w…î Sunyani. ∆Üredan agodie w…î k…ît…îk…î nky…õn na …îkaa asanka hyew no na …õtuu hwe nsa so. Ne ho nhoma no resu bubuw na …îsu su paa, nanso …îda ho na …îrekasakasa. Me pa wo kyew, me din de Fatima na mep…õ s…õ wokyer…õ me s…õ m…õy…õ d…õn maa no ansa na y…õatumi aduru hospital."
18,"Me kunu Selorm otuu fam nnora awia ha y…õn fie ha Nhyiaeso. ∆Ürey…õ dua ase na otuu na …îk…î buee ne nky…õn so yie. Me din de Ama, mey…õ ne yere. ∆Üse ne bruwa ne ne yafunu ho y…õ no yaw kakra, nanso …îtumi siesie ne ho, enti meny…õ sure s…õ …õy…õ k…õse paa. Y…õp…õ s…õ y…õhu s…õ y…õnde no b…õk…î baabi anaa y…õny…õ d…õn."
19,"Me pa wo kyew, biribi asi ha Bantama nn…õ awia yi. Me h…îho…î ba, Issah ‚Äî …îredie aduane w…î …îkwan nky…õn didiabea bi mu na kerosene stove a …õw…î h…î no flames pue faa n'anim nt…õm ara, na ogya a …õfiri no no b…î…î ne bruwa ne ne yafunu mu. ∆êny…õ k…õse papa ‚Äî ne ho nhoma no ap…õmp…õn na eye no yaw, na …îrenya nkwa ne ne kasa yiye. Me ne Kweku, na mew…î beae…õ no ho ara bere a …õsii. Obiara b…õtumi ba shia ne ho hw…õ? ∆êfiri s…õ y…õnnim s…õ …õhia treatment anaa dea."
20,"Me pa wo kyew, biribi asi w…î Bolgatanga-Bawku …îkwan so, Navrongo beae no nky…õn. ∆Übarima koro, Kweku, …îy…õ dropping taxi bi mu passenger, na tipper truck bi b…î…î w…în. Minnim saa s…õnea …õkaa no biara, nanso bere a y…õduu h…î no, …ît…õ fam na …îde ne nsa ky…õ ne tiri, na ne k…în y…õ no yaw. ∆Ühunu ne ho, nanso …îda s…õ obiara a ne tirim nte ase ‚Äî …îy…õ confused. Na ne tiri so na …õw…î ntwa ketewa bi a mogya retu no. Me din de Adwoa. Mey…õ onipa bi w…î w…în a y…õgyinaa h…î na y…õboa no no mu. Me pa wo kyew, y…õhia obi a …îb…õba ha, efis…õ y…õnnim s…õnea …õy…õ den p…õp…õ…õp…õ."
21,"Me pa wo kyew, mep…õ s…õ meka biribi a …õsii ha w…î Ho town centre. Abofra bi din de Kpodo, na …îreye adwuma ‚Äî mete s…õ …îreboa kari nne…õma anaas…õ …îreye labour work bi ‚Äî na biribi tuu hwe …õko…î n'nsa so maa eeyaw no. Me din de Fatima, mene onipa a …îrefr…õ no; na mew…î beae…õ no ho ara a …õsii. Abofra no nsa y…õ hono kakra, nanso …îtumi nante na …îtumi sisi h…î, enti enye den paa. Nanso obi nhy…õ mmra na …înhw…õ no, efis…õ …îy…õ abofra na y…õp…õ s…õ y…õhunu s…õ …îho y…õ."
22,"Me pa wo kyew, biribi asi Cape Coast-Elmina …îkwan so na mep…õ s…õ meka ho as…õm. Me nuabaa Adwoa na …îw…î trotro bi mu a kar fofor…î bi b…î…î no ‚Äî kar no baa firi baabi a yennhunuu no, na …õb…î…î won. Wotoroo no w…î ne tiri so na …îreka s…õ ne k…în y…õ no yaw paa, nanso …îrenhunu na …îreka as…õm. Me din de Selorm, na mew…î ne nky…õn seesei ha …îkwan ho. Yehia obi a …îb…õba boa yen, efis…õ mogya retu no a …õntot…î."
23,"Me pa wo kyew, biribi b…îne paa aba ha w…î y…õn agya fie w…î Tamale. Me nuabarima Boateng, kar b…î…î no w…î …îkwan so bere a …îreba fie, na w…îde no br…õ…õ ha, nanso ne nan mu y…õ b…îne paa ‚Äî w…îapuntuw no na mogya retu no bebree na y…õntumi nsi no. ∆Üy…înko ketewa ni, efis…õ nkron na edu mpo n'abo…îden ntwa, na …îsu resu na …îwosow na y…õn koma atow ase ma no. Me na mi, Hamza, me na mifr…õ, me pa wo kyew y…õhia mmoa bi mmra ha nt…õm paa efis…õ y…õnnim de…õ y…õb…õy…õ."
24,"Me pa wo kyew, b…îne k…õse bi atoa ase ha w…î Asokwa, Kumasi ‚Äî opanyin bi a w…îfr…õ no Owusu b…õhy…õ nsu mu b…õy…õy…õ na y…õsuro no paa. ∆Ürehome ara, nanso …õy…õ br…õw na …õny…õ den, na ne tiri ne ne k…în hy…õ mu na …õhw…õ strange paa, s…õ biribi y…õ no yaw w…î mu. Me din de Kwame, mey…õ ne h…îho, na me na metwe no firi nsu mu, nanso …întu so yiye koraa. Me pa wo kyew, yehia mmoa mmra ha nt…õm nt…õm efis…õ onipa yi y…õ opanyin na …îhw…õ serious paa."
25,"Me din de Issah. Merefr…õ s…õ maka accident bi a …õsii ha Suhum. ∆Übaa panyin bi, Adwoa, …îretwam …îkwan no mu a trotro bi b…î…î no kakra na …îtuu fam. Enye s…õ …õy…õ den paa, nanso ne nan y…õ no yaw ‚Äî …îse …õy…õ no yaw na ns…õnkyer…õnne k…õse bi nni h…î, nkutoo nkutaa bi w…î h…î. ∆Ütumi yi ne nan kakra kakra, nanso …îhia onipa bi a …îb…õba na …îhw…õ no yiye."
26,"Me pa wo kyew, biribi a …õy…õ hu paa na …õasi ha w…î Techiman. Me h…îho ba, Abenaa, kar bi b…î…î no w…î …îkwan kesee so an…îpa yi ara ‚Äî kar no b…î…î no na …îtuu fam korakora. Ne nan, me susuw s…õ …õb…î, efis…õ …õb…õn b…õn a …õns…õ s…õ …õb…õn saa na …întumi nyi no mpofirim, na mogya nso retu paa. Ramatu w…î ha ne me na y…õn mmienu y…õy…õ ne ho bo, nanso abofra no da h…î p…õ…õp…õ…õ ‚Äî …înte ne ho koraa. Me pa wo kyew, soma mmoa bra nt…õm, abofra yi hia hospital seesei ara."
27,"Me pa wo kyew, biribi atoa m'agya-na-okunafo ho ha w…î Adum, Kumasi. Kwabena tuu fam an…îpa yi ‚Äî …îhwee …îkwan dan so na …îbuee ne tiri ase fam. ∆Üy…õ opanyin, enti y…õsuro paa, na ne k…în nso …õy…õ no yaw, na …întumi ntw…õ no yiye. Me ne Abenaa ha, mey…õ ne ba-na-okunafo, na seesei no …înyae kuna, nanso …îkyinkyin kakra na …îreka s…õ ne tiri y…õ no yaw paa. Y…õhia onipa bi s…õ obeba ne ho hwie no, efis…õ …întumi ns…îre ne ho sore ankasa."
28,"Me din de Ofori. Merefr…õ wo na mente nsem bi a …õsii w…î N1 highway no ho, Kasoa nky…õn. Opanyin bi, Yaw, …îtuu fam ‚Äî me susu s…õ …îs…îre w…î …îkwan no nky…õn ‚Äî na n ºnan ayaw yiye, ebia n ºnsa nso. ∆Ütumi keka mfatamfata, nanso …õy…õ no yaw paa, na …întumi s…îre n ºankasa. ∆Üny…õ …îbarima ketewa koraa, enti y…õsuro n ºakyi."
29,"Me pa wo kyew, biribi serious paa ada ha bebiara Adidome ho, Ho-Accra …îkwan so. Opanyin bi, Wiredu ‚Äî …îy…õ me wofa ‚Äî …îretwam Volta so w…î canoe dua bi mu, na canoe no buee ase. Y…õtumi tow no firi nsuo mu, nanso …îk…î ase yiye paa ansa na y…õatow no aba. ∆Ürehome, nanso …õy…õ ketewa ketewa, na s…õ y…õfr…õ no din a, …întua aso. ∆Üno bruwa haw ‚Äî …õw…î h…î s…õ esw…õll na …õnni saa. Me din de Dzifa. Me pa wo kyew, y…õhia mmoa ‚Äî mmra ha nt…õm paa, efis…õ …îy…õ opanyin na y…õsuro paa."
30,"Me nuabarima Ibrahim w…î accident ‚Äî …îte aboboyaa mu na aboboyaa no daan fam akyiri yi …õnn…õ awia yi ha Mamprobi faako a y…õte. ∆Ütuu fam na …õy…õ ne nan yaw, nanso …întam kakra kakra nti mennihu s…õ …õy…õ den paa. Me ne Abigail, me ne no te ase. Yehia s…õ y…õhunu s…õ …îs…õ k…î hospital anaa y…õb…õtumi sie no efie ara, efis…õ ne nan no ahyese kakra."
31,"Me pa wo kyew, biribi a …õy…õ hu paa ab…õy…õ Kumasi-Sunyani …îkwan so, Techiman side faako. Me wofa panyin, Mawuli, …îk…î…î accident mu ‚Äî kar bi b…î…î kar a …îretra so no, na w…îakyekye no yaw paa ne bruwa ne ne yafunu ho. Opanyin no y…õ yaw k…õse paa, na …întumi ne nkaka so ntena ase koraa. Me ne Hadija, m…õh…õ scene so ne no seesei, na y…õret…în atentetenyi s…õ y…õde no ak…î hospital, nanso yehia mmoa nt…õm paa efis…õ ne y…õ mu y…õ hu paa."
32,"Me pa wo kyew, biribi b…îne na esii w…î y…õn compound ha w…î Dichemso. Mmarima bi na w…îkaa Owusu, opanyin a …îte beae a …õb…õn entrance no ho ‚Äî w…îb…î…î no w…î ne tiri ne ne k…în ho. Me de Amoah, mey…õ ne h…îho…î, na s…õ metiee dede no a meredi…õ so mepuee ab…în h…î na mefaa no w…î …îsori fam no ho ‚Äî …îtee no confused na ne k…în y…õ…õ no yaw paa. ∆Ünkolapuse, nanso ne ho ny…õ koraa ‚Äî opanyin no hia mmoa."
33,"Me nuabaa Araba hy…õ…õ accident mu nn…õ awia no Kumasi-Tamale …îkwan so, bebiaa a …õb…õn Ejura h…î. Kar bi b…î…î kar a …îne ne ho ko no mu, na …îbuaa ne tiri yie paa ‚Äî ne k…în nso reye no yaw bebree. ∆Ütee nk…îm na …îrekasa, nanso ne ho nhyia yiye na …õho hu s…õ ne tiri ho aho foforo. Me pa wo kyew, yehia mmoa efis…õ yenim nhunu s…õ eye safe anaa a wobenya no de ne ho ko baabi."
34,"Me nuabaa Ekua tuu fam pintinn ha w…î Takoradi market no mu, me pa wo kyew, s…õnd obi nt…õm. ∆Üslipped na …îhuruu ne tiri w…î fam no so, na seesei …înnkasa biara na ne k…în nyinaa y…õ weird paa. Me ne Asare, na mew…î ne ho a saa biribi yii. ∆Ürehome, nanso …înnsakra no koraa ‚Äî mogya retu firi ne tiri mu ‚Äî …õy…õ den paa, me pa wo kyew, mma nt…õm!"
35,"Me pa wo kyew, mep…õ s…õ meka biribi a asi ha w…î Nima. Me h…îho ba, Issah, nkwankwaa bi buae no anwumere yi ha kwaakyer ‚Äî w…îbuae no, na wae no w…î ne nsa mu, na …õaho no saa nn…õ. Me din de Fuseini, mene onipa a ofr…õ no. Abofra no nkolapuse …î, nanso …îk…îm no y…õ den, na ne nsa reye no yaw paa. Yehia s…õ y…õnhu s…õ y…õnde no ayaresabea, anaa y…õny…õ deen?"
36,"Me pa wo kyew, biribi asi Bawku kwan so, Zebilla nky…õn. ∆Übarima afoforo bi, Nii Kwei, tipper truck bi b…î…î no, na …îtuu fam yiye yiye w…î kwan so no so. ∆Ünkolapuse oo, na …înim ne ho, nanso ne nan no hy…õ h…õ yiye ‚Äî ebia fracture, anaas…õ …õy…õ no yaw paa ‚Äî y…õnni sure. Me na me y…õ Akosua ‚Äî me rek…î na mekaa accident no ntam, na nnipa bi ab…î no ho hyia h…î. ∆Ühia mmoa s…õ wobeyi no afi h…î, efis…õ mintumi gyina ne nan so mfii biara."
37,"Me pa wo kyew, me nuabaa Abena, OA taxi bi b…î…î no faam w…î yen efie ano ha Navrongo. ∆Üy…õ abofra bea, ne mfe…õ b…õy…õ edu nsia p…õ. Motobaik a ‚Äî aane, taxi no ‚Äî b…î…î ne nan, nanso ne ho y…õ ‚Äî …înkolapuse anaa biribi saa ‚Äî ne nan ara na …õy…õ no yaw kakra, na kra bi wo h…î a wagya no. Me na me fr…õ ‚Äî me din de Araba. Me pa wo kyew, y…õp…õ s…õ y…õnte s…õ y…õb…õy…õ no d…õn seesei."
38,"Me pa wo kyew, me din de Ofori na mep…õ s…õ meka biribi a esii …îpanyin bi ha faako a …õb…õn Savelugu, w…î Tamale-Yendi …îkwan so. W…îfr…õ no Naa Dedei, …îy…õ …îpanyin paa, na …îrey…õ adwuma w…î afuo bi a …õb…õn …îkwan no ho no, biribi t…î…î no ‚Äî mesiw s…õ …õfiri cart a …îrey…õ load no so. ∆êy…õ no yaw w…î ne bruwa ne ne akyi, nanso …îda h…î reb…õka as…õm, enti …õny…õ biribi a …õboro saa, nanso …îhia mmoa. M…õka ne ho anaa na …întumi nnante yiye."
39,"Me nuabaa Afia na …îka accident mu k…õn fie no ho faako w…î Suame, Kumasi. ∆Üreba fie na kar bi b…î…î no, nanso Onyame da ase, …õny…õ den paa. ∆Üw…î yaw kakra w…î ne yafunu ne ne bruwa ho, s…õ w…îb…î…î no h…î, nanso …îny…õ aware ‚Äî …îrehw…õ na …îrekan as…õm. Me din de Agyeman, mew…î ne ho afei w…î fie. Me pa wo kyew, y…õp…õ s…õ y…õnim de…õ y…õs…õ y…õy…õ ama no afei."
40,"Me din de Afia, merefr…õ mo enti na accident bi sii w…î Tamale-Yendi …îkwan so, Savelugu ho. ∆Übarima bi a w…îfr…õ no Appiah naa ne trotro mu a, articulated truck bi b…î…î no, na wotuii no fitii mu. Ne tiri so na ns…õm bi sii ‚Äî w…îk…î…î no so ‚Äî na ne k…în nso eye no yaw, nanso …îrenya nk…îm na …îreka as…õm, enti …õnhw…õ s…õ …õy…õ den paa. Y…õ ahy…õ …îkwan ho ase nn…õ, na yehia obi a ob…õba ama wahw…õ no yiye."
41,"Me nuabarima Yaw hy…õ…õ accident w…î Accra-Kumasi highway no so, b…õy…õ Nsawam ho. Me na me y…õ Baffour, …îna me panyin ‚Äî na obi fr…õ…õ me se kar bi b…î…î no w…î n'akyi bere a …îrek…î twa …îkwan no so. ∆Üy…înkofo, …îw…î mfe b…õy…õ dunsia anaa aduonu. D…õn a w…îkaa kyer…õ…õ me no, …îw…î yaw k…õse w…î ne bruwa mu ne ne nky…õn, na …întumi agyina tratrase, nanso …înim nea w…îreka kyer…õ no ‚Äî …înhaw no k…î mu bi, …îrekasa. Me pa wo kyew, y…õhia mmoa na y…õnde no k…î hospital nt…õm ara."
42,"Me pa wo kyew, mep…õ s…õ meka b…îne bi a …õsii ha w…î Savelugu anwumere yi. Me y…înko, Fuseini ‚Äî …îy…õ opanyin ‚Äî …îresan fi market no mu baa baabi a mmarima bi k…î…î so de no na w…îp…õ…õ s…õ w…îde ne sika k…î. W…îpushuui no fam na w…îbubuui ne nsa no bere a …îp…õ…õ s…õ …îtia w…în, na afei ne nsa no ahoahoa na …întumi mfa so koraa. ∆êy…õ no yaw nanso …îte…õ h…î na …îrekakasakasa. Me na mey…õ Abubakar ‚Äî obi fr…õ…õ me bere a …õsii no. Me pa wo kyew, obi mmra boa no efis…õ …îy…õ opanyin."
43,"Me pa wo kyew, mep…õ s…õ meka accident bi a …õsii Cape Coast-Elmina …îkwan so ho. ∆Übarima ketewa bi a w…îfr…õ no Darkwa, aboboyaa bi b…î…î no bere a …îrek…î through …îkwan no so, na …îtuu fam. Mene Edem, na megyinagyina h…î ara bere a …õsii. ∆Üsore dada na …îrekaakaa, nanso nan bi y…õ no yaw kakra, na …õw…î cut bi w…î so. Yehia obi s…õ …îmb…õhw…õ no, efis…õ yennnim yie s…õ hwee broken anaa."
44,"Me pa wo kyew, biribi eyi ara asisi ha w…î Dansoman. Me nana Efua, …îtuu fam owia yi na …îhy…õ mu den paa ‚Äî n ºanan baako atwi akyi …õkwan a …õny…õ yiye koraa, na …întumi nnyina so. ∆Ürey…õ s…õ …îb…õsian firi steps no so na …îsleepse maa …îtuu ase pintinn. Me din de Naa, mey…õ n ºaber…õwa, na y…õn hu suro paa efis…õ …îy…õ opanyin na …îsu efi yaw. Me pa wo kyew, y…õhia mmoa s…õ moba nt…õm ara."
45,"Me ba Abigail na …îreb…õk…î w…î Hohoe-Jasikan …îkwan so a trotro bi b…î…î no fi ne akyi. ∆Üy…õ abofra baa ‚Äî akyi, mfe du nson ana. Me na me ne no na, me din de Hadija. ∆Üy…õ me yaw w…î ne k…în ho na ne tiri so nso w…î kunta kakra, nanso …îda wakye na …îrekan kyer…õ y…õn. Y…õw…î ne nky…õn seesei na …îte s…õ ne ho y…õ, nanso me p…õ s…õ obi t…õ s…õ nea asi."
46,"Me pa wo kyew, biribi b…îne sii ase na mehia s…õ meka ho. Me adamfo Muntari, w…îb…î…î no f…î w…î Hohoe-Jasikan …îkwan so ‚Äî nnipa bi b…î…î no. W…îb…î…î no w…î ne tiri so, na ne k…în nso eye no yaw, nanso …îda h…î rekakyer…õ …õno na …îno nso retee, enti minsusu s…õ …õy…õ saa den den. Mene Abubakar ‚Äî na mew…î ne nky…õn bere a na …õsii. Yehia obi a ob…õba ab…î y…õn ho kwan, anaas…õ w…îmka kyer…õ y…õn de…õ y…õny…õ, efis…õ ne ho ny…õ koraa."
47,"Me pa wo kyew, mep…õ s…õ meka biribi a asi me ho w…î ha Axim. Me din de Felicia, na mituun fam w…î efie mu saa owia yi ‚Äî me redi fiem stairs so na me nan s…îre. ∆êy…õ me nsa na ehuruu, nanso …õny…õ den paa, yaw kakra ne swelling ketewa bi. Metumi sti s…îre no kakra kakra, enti menna adwene mu s…õ biribi broken."
48,"Me nua Kojo tuu fam saa an…îpa yi ha Wa Central, na …îhaw ne nan. Enny…õ saa bi a …õy…õ den paa ‚Äî …îrek…î kakra kakra, nanso …îrelimp na …îreka s…õ eye no yaw. Me na mfr…õ…õ s…õ Amankwah ‚Äî mene me na mefr…õ …õfiri s…õ …înp…õ s…õ …îk…î hospital, nanso me susu s…õ w…îns…î nhw…õ no yiye. Me pa wo kyew, obi betumi kyer…õ y…õn s…õ y…õny…õ de…õn?"
49,"Me pa wo kyew, biribi sii Hohoe-Jasikan …îkwan so ha kakra no. Abusuabaatan bi, w…îfr…õ no Selorm, …îtene pragyia so na pragyia no dane…õ fam w…î …îkwan so h…î. Me de, me din de Sulemana ‚Äî mek…î…î h…î a na saa asem yi resisi. Abofra no ani da h…î na …îreka asem, nanso …îreka se bruwa ne yafunu mu y…õ no yaw ‚Äî s…õ w…î n'ahoniawa mu h…î. Enny…õ hu papa koraa, nanso y…õsusu s…õ obi b…õba na …înhw…õ no."
50,"Me pa wo kyew, mep…õ s…õ meka biribi a asi ha w…î Dormaa Ahenkro nn…õ. Me friend Nhyira ne …îbarima bi hyiaa nhwehw…õmu w…î market ho ho ‚Äî …õfa sika a w…îtua ma ne nne…õma ho ‚Äî na …îbarima no buae no ti nky…õn na …îpushii no. ∆Üntuu fam paa, nanso ne k…în y…õ no yaw, na …îrekyer…õ s…õ ne tiri reto no so dennen. Me din de Muntari, na me w…î h…î a …õsii. Y…õp…õ s…õ y…õreport no yiye, efis…õ …îbarima no na …îfii ase nhwehw…õmu no ‚Äî Nhyira anni biribi bi ‚Äî na ne ho nny…õ koraa nn…õ."
51,"Me pa wo kyew, biribi asi ha w…î Dansoman no, na …õny…õ dinn. Me y…înko Araba rek…î twa …îkwan no ho fa market no nky…õn no, tipper truck bi b…î…î no ma …îtuu fam korakoraaa. Ne nan no aho…îho…î, na …întumi nnante so koraa ‚Äî nanso …îhunu n'adwene na …îreka. Me de, me y…õ Vida, mew…î ne ho seesei, na y…õhia obi mmoa y…õn, efis…õ y…õnnim s…õ ne dos no abubu anaa …õnte saa."
52,"Me pa wo kyew, biribi tia pa ara aba ha w…î Sunyani na mehia mmoa nt…õm ara. Me y…înko ba, Appiah, abofra ketewa, …îtuu nsuo mu na …îtene w…î nsuo mu tweaa ansa na yetuu no firii mu. S…õ yetuii no firii mu no, …înnyina yiye na ne bruwa ne ne yafunu hw…õ…õ s…õ w…îaswell na …õhw…õ strange, s…õ biribi y…õ wrong w…î ne mu. Appiahrehome nanso …õy…õ weak pa ara na s…õ yefr…õ ne din no, …înnsua yiye. Me pa wo kyew, mommoa mmr…õ ha nt…õm ara ‚Äî ne state y…õ bad pa ara. Mene Maame na mew…î ha ne nky…õn seisei na mer…õtw…õn."
53,"Me pa wo kyew, biribi b…îne paa ab…õsi abofra ketewa bi ha w…î Bawku. Me h…îho…î ba, Adjoa, …îtuu fam fi bobe dua k…õse bi so w…î efie anim, na …õkwan a …îhwe ase no, ehhh, …õny…õ yiye koraa. Ne nsa da so akyinkyin na …õny…õ yiye, na …îsu su su su na …întumi nyi ne nsa no mu koraa. Me ne Emefa, mete h…îho…î efie no ho pimbirim, na ne maame nni ha enti me na merefr…õ. Me pa wo kyew, yehia mmoa nt…õm paa …õfiri s…õ abofra no y…õ yaw paa."
54,"Me din de Ramatu. Merefr…õ wo fa biribi a …õsii w…î Tamale-Yendi kwan so, Savelugu nky…õn. ∆Übarima …îfoforo bi a w…îfr…õ no Asare no, …îreboa w…în de cereal sacks yi firi truck mu w…î …îkwan ho, na sack baako b…õhwee no firi …îfa so b…õb…î no den w…î ne bruwa so. ∆Ügyina h…î na …îrekan, nanso …îkeh s…õ ne nkakra nkakra a …õw…î ne bruwa mu no y…õ no yaw, na …îhome nso y…õ no den kakra. Mesiee w…î …îkwan ho na mahunu w…în, na w…îb…î…î me k…î fr…õ boa."
55,"Me pa wo kyew, mep…õ s…õ meka accident bi a …õsii ha Cape Coast ho. Me h…îho ba, Afia, OA taxi bi b…î…î no w…î …îkwan so, be…õ a …õb…õn market no ho. ∆Üy…õ abofra baa, ebia …îw…î mfe…õ adu…îson apia. Eb…î no no y…õ…õ hu kakra ‚Äî …îw…î yaw w…î ne k…în ho na ogya abisi ne tiri so kakra, nanso …îrenya na …îreka as…õm. Me din de Alhassan, me na m…õfr…õ no …õfiri s…õ ne maame na …îw…î ne ho seesei, na w…îr…õb…õhwehw…õ taxi bi de no k…î clinic."
56,"Me pa wo kyew, me nuabarima Asante w…î Dormaa Ahenkro ha, kar b…î…î no w…î main road ho, na …õy…õ serious paa. ∆Üy…õ aberantew, …îte s…õ afeha dunkoron anaa aduonu ho, na …înan y…õ no yaw paa ‚Äî …õte s…õ …õkrakra, na mogya retu no paa. Mey…õ Nii, megyina ne ho seisei yi na nnipa ab…î dwa ha, nanso obiara nnim de…õ …îb…õy…õ. Me pa wo kyew, yehia mmoa na eba nt…õm paa, efis…õ …întumi nnyina anaa nk…î biara, na …õy…õ no yaw paa."
57,"Maaha. Yaa agya. Me din de Kofi, me ne Ofori papa. Ofori y…õ me ba. ∆ênn…õ awiabere yi, Ofori hyew. Y…õw…î y…õn efie compound ha Tamale. ∆Üw…î cooking fire ho, na nsu a …õhyehye no t…î…î ne so ‚Äî …õkaa ne bruwa ne ne yafunu so. ∆êny…õ serious paa ‚Äî skin no …õy…õ h…înn na …õy…õ no yaw kakra. ∆êber…õ yi, abofra no nantew yiye na …îsu na …õny…õ dodo bio. Nanso me fr…õ…õ s…õ mibisa ‚Äî y…õhw…õ, …õs…õ s…õ y…õde no k…î hospital anaa y…õtumi treat no ha fie ara?"
58,"Me pa wo kyew, mefr…õ s…õ mekan biribi a …õsii ha w…î Nalerigu. Me din de Mensah, na mey…õ won chuankoba no. W…în ba baa Elinam, …îy…õ abesuaba, …îtuu fam na …îkaa nsa anaas…õ nan yaw ‚Äî minnim exactly s…õ d…õn, nanso …îkyeree ho na …îsu kakra. ∆êntese s…õ as…õm k…õse bi w…î h…î, nkutaa k…õse biara nni h…î anaas…õ biribi te saa, nanso ne maame ne ne papa p…õ s…õ obi nnim, just in case. Seesei …îtese s…õ …îho y…õ, …îy…õ shaken up kakra nko ara."
59,"Me papa panyin, Nii Laryea, oguu ogya saa an…îpa yi ha Zebilla. ∆Ürey…õ d…õ …îhyehye ne ho fam ogya no ho, na ne ntama no hyew, na ogya no hyew no w…î ne bruwa ne ne yafunu fam. Felicia na …îfr…õ me, me na mefr…õ yi. ∆Üy…õ opanyin, enti y…õsuro paa, nanso hyew no ny…õ dodo k…îsi fam ‚Äî ne honam no y…õ h…îh…î na …õw…î mfomfom bi w…î baabiara. Me pa wo kyew, yehia s…õ mony…õ y…õn adwemma s…õ de…õn na y…õny…õ no ansa na y…õde no k…î ayaresabea."
60,"Me pa wo kyew, mep…õ s…õ meka biribi a …õbaa ha Cape Coast. Me nua ba Boateng ‚Äî …îw…î mfe…õ dunsia mu ma ‚Äî …îretr…õ s…õ …îb…õk…î twa drainage channel bi a …õw…î …îkwan nky…õn, na obi a asisi no afi osu a …õhy…õ no ma firi …õsiane sare. Nnipa bi a w…îw…î h…î twitwii no firi mu nt…õm, Onyame adom. ∆Üte ne ho na …îreka as…õm, nanso ne nsa hy…õ…õ no yaw bere a w…îretr…õ no firi mu ‚Äî …õhwet…õ na …õy…õ no yaw paa. Me ne Alhassan w…î ha, m…õka ne ho, obi betumi aba h…î nhw…õ no yiye?"
61,"Me pa wo kyew, mep…õ s…õ meka as…õm bi a …õsii Cape Coast-Elmina …îkwan so. ∆Übaa bi a w…îfr…õ no Memunatu, …îresiw bicycle w…î …îkwan ho a, kar bi a …õfi n'akyi bae k…î…î no so kakra, na …îtuu fam pintinn. ∆Ütuu n'nsa so ‚Äî seesei …õawu na …întumi nnye no soro koraa. Me din de Baffour, na mereba firi …îkwan foforo so na m'ani hunuu biribiara a …õsii. ∆êhia s…õ mmoa bi b…õba nt…õm efis…õ yaw no y…õ den paa."
62,"Me pa wo kyew, biribi asi fie bi ha Ashiaman na mep…õ s…õ meka ho asem. Me y…înko Abubakar, mmarima bi b…î…î no ‚Äî w…îb…î…î no yiye w…î ne nsa so, na nsa no ahoboa, na …întumi nnyina no yiye. Mene Mensah, mete beaebi benkum na mehuu biribi a esii no mu. ∆êy…õ no yaw, nanso …îte h…î rekasa ‚Äî …înkolapuse oo, …înhwere ne ho oo. Y…õhia obi a …îb…õba ab…î no kwan, anaas…õ w…îmma yen adwene s…õ y…õny…õ d…õn."
63,"Me pa wo kyew, biribi asi ha w…î Goaso na mep…õ s…õ meb…õka ho as…õm. Me din de Ofori, na mer…õfr…õ efa …îbaa bi ho ‚Äî w…îfr…õ no Naa Dedei ‚Äî aboboyaa b…õto no w…î …îkwan so na …îtuu fam paa. ∆Ürekyekyere ne k…în na …îreka s…õ ne tiri y…õ no yaw, nanso …îte h…î na …îreka kakra. ∆êny…õ den paa nanso …îhia mmoa efis…õ …întumi nnye ne k…în yiye."
64,"Me ba Amoah na …îreboa me adwuma bi ha fie ha Yendi, na …înya krataa tiawa bi w…î n'nsa so firi adwuma nne…õma no mu baako ho. ∆êny…õ dinn bebree, wound tiawa nko ara, nanso me ne Edem na mep…õ s…õ meka ho as…õm kakra. ∆Üho y…õ, suro tiawa nko ara, na mogya a …õretu no no asa bebrebe ade…õ."
65,"Me pa wo kyew, merefr…õ efisema me nua ba Muntari aburn no na me wer…õ ahow paa efisema no. Na y…õw…î Kintampo ho, …îkwan a …õk…î Kumasi no so, na saa bere no na …õsii ‚Äî na …îreboaboa biribi na ogya hyew no, n'anim fa bruwa ne yafunu ho no. ∆Üy…õ abofra, maybe mfe…õ edu nsia na …îw…î no, na ahooden no w…î saa bea no y…õ hu paa ‚Äî …õy…õ k…îk…î…î na mpoboano w…î so, nanso …îda h…î renya ne ho a …îreka asem, Nyame adom. Me ne Esi, ne auntie, na mew…î ne nky…õn seesei, nanso yehia s…õ y…õnhunu de…õ y…õb…õy…õ ansa na y…õataa k…î hospital."
66,"Me din de Dzifa. Merefr…õ wo fa abofra baa bi ho as…õm ‚Äî …îtena Cape Coast ha. Naa d…õ, …îy…õ adwuma w…î tailoring shop bi mu, na …îrey…õ adwuma w…î sewing machine so a, ne nsa slip y…õ…õ, na needle no k…î…î mu ne nsateaa mu. Mogya retu, nanso …õketewa ‚Äî na …îte ne ho, nanso …îreyi yi yi kakra, efis…õ ehuru no. Y…õde ntoma ab…î so, nanso y…õp…õ s…õ y…õhunu s…õ …îhia s…õ …îb…õk…î baabi ama w…îayi no yiye na w…îab…î no bandage, efis…õ asotwe no y…õ…õ d…î…îso paa."
67,"Me pa wo kyew, mep…õ s…õ meka accident bi a …õsii ha Suhum. Me w…îfa Asante, …îy…õ opanyin, aboboyaa bi b…î…î no w…î …îkwan so nnora anwummer…õ. Aboboyaa no b…î…î no w…î n'af√£ so, b…õn ne bruwa ne yafunu, na …îtuu fam yiye. Ramatu na …îfr…õ me ‚Äî mena me ara na mefr…õ wo yi. Na mew…î beae no ho bere a …õsii, na mede no k…î…î …îkwan no ho. ∆Üte h…î na …îreka as…õm nanso …õy…õ no yaw ‚Äî …õny…õ den koraa nanso …îhia s…õ oduruy…õfo bi nhw…õ no."
68,"Me pa wo kyew, mep…õ s…õ merebu ns…õm bi a …õsii opanyin bi ho w…î Yendi ha. Me nua a …îte me nky…õn no, Asare, …îy…õ opanyin paa ‚Äî onipa bi baa …îk…î kaa no w…î ne fi, w…îbuaa ne nsa yiye paa na …õaho no saa nn…õ. Me din de Owusu, mete ne nky…õn, na s…õ migyee nne no a miiba p…õ…õ ahu de…õ asii. ∆Ünnyaw s…õ …îb…õwu, nanso ne nsa no eye no yaw paa na …întumi nnye no soro. Yehia obi a …îb…õba aboa no, anaas…õ w…îmma yen ns…õm a y…õny…õ."
69,"Me din de Dela. Mer…õfr…õ s…õ merebu ns…õm accident bi a …õsii Cape Coast ha. ∆Übarima k…îraa bi a w…îfr…õ no Kpodo ‚Äî …îte s…õ …îw…î ne mfe…õ aduonu ana aduonu mmienu h…î ‚Äî trotro bi b…î…î no w…î …îkwan so kakra yi ansa. Ne nan hurt no paa ‚Äî …õhy…õ…õ, na …îse …õy…õ no yaw pa ara ‚Äî nanso …îda h…î resusu na rereka. Y…õawie de no ak…îtena …îkwan nky…õn, na obi w…î ne ho ana. Me pa wo kyew, yehia mmoa s…õ y…õnhunu nea y…õny…õ nn…õ, anaas…õ …îs…õ …înk…î hospital anaa?"
70,"Me pa wo kyew, merefr…õ s…õ maka biribi a …õsii ha w…î Takoradi market ho. Me din de Hamza, na me nua kumaa Yakubu ‚Äî …îhwe fam w…î market stalls no mu biako ho. ∆Üb…î…î ne tiri w…î fam no so, nanso …îho y…õ, …îte ne ho, na …îka s…õ …õy…õ no yaw kakra w…î ne k…în akyi. ∆êny…õ saa k…õse, nanso y…õp…õ…õ s…õ y…õb…î mu report no yiye."
71,"Me pa wo kyew, mep…õ s…õ meka accident bi a …õsii ha Navrongo. Me din de Muntari, na mer…õfr…õ fa me nifa Asare ho ‚Äî shared taxi bi b…î…î no w…î …îkwan so seisei ara. Ne ho y…õ, …õny…õ d…õm d…õm, nanso ne nan hy…õ…õ no yaw kakra w…î h…î. ∆êy…õ me yaw na eye no yaw w…î h…î. Y…õdwene s…õ anka cut anaa bruise ara na …õy…õ ‚Äî fracture biara nni mu ‚Äî nanso y…õp…õ s…õ oduruy…õfo bi hw…õ no yiye na y…õhunu nokwas…õm."
72,"Me pa wo kyew, merefr…õ s…õ m…õb…î accident bi ho dawuru a …õsii ha w…î Hohoe. Me nuabaa Maame, …îy…õ abofra baa, articulated truck bi b…î…î no w…î …îkwan so na …îtuu fam yiye paa. Baabi a …õy…õ no yaw pa ara ne ne k…în ne ne tiri ‚Äî …îte ase dada, nanso …îka s…õ …õy…õ no yaw na …întumi nsa ne k…în yiye. Me ne Kweku, mena ne ho ha seesei, na yehia mmoa efis…õ y…õsuro s…õ y…õb…õsa no."
73,"Me pa wo kyew, mep…õ s…õ meka biribi a aba ho ‚Äî efi abofra baako a …îw…î Mankessim ho, w…î Kumasi-Cape Coast …îkwan so. Me din de Vida, na abofra no din de Abubakar ‚Äî …îw…î mfe du num anaas…õ du nsia ntam. ∆Ütuu w…î nsuw bi a …õw…î …îkwan ho ‚Äî mese …õy…õ drainage channel anaas…õ biribi saa ‚Äî na …îk…î…î ase k…î…î fam kakra ansa na nnipa bi a w…îw…î ho no tuu no firi mu. ∆Ürehome yiye seesei, Onyame adom, nanso ne nsa no huri ‚Äî w…î s…õ w…îreton no ba no nsa no hwe yaw, na …õahy…õw na …îkyekyere no te s…õ biribi ny…õ p…õ. Y…õp…õ s…õ obi ba hwe no yiye, efis…õ ne tirim ats…õts…õ na wanye den kumaa biara w…î seesei."
74,"Me pa wo kyew, biribi asi Takoradi-Cape Coast highway no so, Anomabo ho. Okunan√≠ bi a w…îfr…õ no Selorm ‚Äî mete s…õ …îw…î afe duduasa bi ‚Äî kar b…î…î no. ∆Ütuu fam no, …îhur…î…î ne tiri ne ne k…în yiye w…î …îkwan no so, na mogya retu no fi ne tiri mu, nanso …îrehome na …îrekan kakra. Me na me y…õ Akosua ‚Äî na meretu kwan no so ara na esii, na nnipa bi aho hyia ne ho h…î seesei. Y…õhia mmoa ‚Äî mommra nt…õm, efis…õ abofra no hia oduruy…õfo …îhw…õ no."
75,"Me din de Maame, na merefr…õ mo s…õ m…õka biribi a …õy…õ den paa a …õsii opanyin bi ho faa Kintampo ho, w…î …îkwan a …õk…î Tamale no so. Ne din de Wiredu, na nnipa bi b…î…î no ‚Äî w…îb…î…î no yaw paa w…î ne tiri mu na w…î ne k…în so. ∆Üy…õ opanyin, na …întumi nnante, …îda fam kornkor…î, na mogya retu fii ne tiri mu. Me pa wo kyew, situation no y…õ d…õn paa ‚Äî …îhia mmoa nt…õm nt…õm ansa na biribi a …õy…õ hu b…õba n'ase."
76,"Me din de Fuseini, me pa wo kyew, mep…õ s…õ meka accident bi a …õsii Takoradi-Cape Coast highway no so, Anomabo nky…õn. Opanyin bi, Owusu, kar bi b…î…î no, na …îtuu fam kesee w…î …îkwan no so. ∆ête s…õ ne nan anaa ne nsa y…õ…õ no b…îne, efis…õ …întumi nnante no yiye, na …õy…õ ne yaw paa ‚Äî nanso …îte h…î rekan kakra. Y…õayi no afi …îkwan no so, na nnipa bi w…î ne ho seesei, nanso …îhia mmoa na …õmma nt…õm paa."
77,"Me ba Kofi hy…õ…õ accident w…î Takoradi-Cape Coast highway no so, bebiara a …õb…õn Anomabo. Me ne ne maame, me din de Elinam. Kar bi b…î…î no w…î …îkwan ho no ‚Äî …îy…õ abofra, ne mfe nyinaa b…õy…õ sixteen ‚Äî na …îtuu fam na …îkaa ne nky…õn, bebiara a …õb…õn ne bruwa ne ne yafunu. ∆Ünni baabi a …õy…õ den paa ‚Äî …îte h…î renya ne ho na …înante, nanso …õy…õ no yaw kakra, enti meba me br…õ ns…õm no. Y…õda h…î ara bebiara a accident no si h…î no."
78,"Me pa wo kyew, biribi asi ha w…î Techiman na mehia mmoa. Me din de Efua, na merefr…õ ho fa me nuabarima Yaw ho ‚Äî …îtuu fam nnawotwe yi w…î efie mu na …îbuee ne tiri w…î fam mu yie paa. ∆Üte h…î na …îhunu hwee, nanso …îreka s…õ ne k…în y…õ no yaw na ne ho te s…õ …îy…õ confused kakra. Y…õsuro efis…õ …îns…õ ne ho ankasa seesei."
79,"Me pa wo kyew, mep…õ s…õ meka biribi a asiane w…î me ba Kpodo ho w…î ha w…î y…õn compound mu w…î Bolgatanga. Abofra no retweri ade bi w…î soro ‚Äî minnim dea …îp…õ…õ s…õ …îy…õ w…î h…î ‚Äî na …îtuu fam na …îk…îhwie yiye w…î ne nsa so. Ne nsa aho afra anaa aswell up anaa, na …îreka s…õ eye no yaw paa, nanso …înte ase daa ‚Äî …îte ase na …îreska. ∆Üy…õ abofra ketewa, anka mfirinha edu nnum, na mehu s…õ na aswelling no nk…î ase koraa. Me pa wo kyew, obi b…õtumi aba mboa y…õn anaa kyere me dea many…õ?"
80,"Me pa wo kyew, mep…õ s…õ meka biribi a …õsii opanyin bi ha Techiman. Me h…îk…î Mensah, …îy…õ opanyin paa, …îrey…õ adwuma bi ‚Äî mese …îr…õtwa biribi anaa …îrey…õ afuom adwuma bi ‚Äî na …îhaw ne nsa, anaa ne nsa ketewa no mu, minnhunuu no yiye. Amoah na …îfr…õ me, mene …îkyer me a mrefr…õ no. Enny…õ serious koraa ‚Äî the cut y…õ ketewa na …înam yiye, nanso efis…õ ne din mu, y…õkaa s…õ …õs…õ s…õ y…õfr…õ. ∆Üda ase saa nn…õ no, nanso y…õp…õ s…õ y…õhunu s…õ …îhia s…õ …îmb…õba hospital, anaa y…õb…õtumi clean no w…î fie ara."
81,"Maaha. Me ba Mawuli, pragyia bi b…î…î no nn…õ awia yi w…î Hohoe-Jasikan kwan so. Bike no b…î…î no, na …îtuu fam, na eye s…õ ne nsa ahu yaw ‚Äî …îsu na …îkyere no, nanso …îtumi tete ne nsatea kakra. Me ne Boateng, me ne ne agya. Me pa wo kyew, yehia onipa bi mmra nhw…õ no, efis…õ …õwom s…õ …îho h…î da no so, nanso memp…õ s…õ mede abofra ba danger mu ‚Äî momboa me!"
82,"Me pa wo kyew, mep…õ s…õ meka biribi a esii ha Wa Central. Me h…îho ba, Amoah, aboboyaa b…õhy…õ…õ no w…î …îkwan so nt…õm yi ara. Awopaboa no y…õ aberante, ebia w…î afe…õ …îha du nw…îtwe anaa nkron mu, na ne nan ayaw yiye w…î accident no mu ‚Äî nan no ahunu na …întumi agyina so koraa. ∆Ünkolapuse anaa hwee saa, nanso …õy…õ no yaw paa na y…õsuro yiye. Me din de Fatima, na y…õhia obi a …îb…õba mmoa y…õn anaas…õ …îkyer…õ y…õn de…õ y…õns…õ y…õ."
83,"Me din de Nhyira, na merefr…õ mo s…õ m…õka biribi a …õsii Takoradi market mu nn…õ. Opanyin bi, Fuseini, mmarimafo bi buae no faa stalls no ho ‚Äî w…îpeaw no, w…îb…î no, na …îtuu fam. Nsa no y…õ…õ no yaw w…î s…õ …îtuu fam no, nanso …îho y…õ, enye den papa ‚Äî eye swelling kakra na maybe cut kakra nso w…î h…î. Onipa bi a …îw…î ho no boa no tena ase, na …îreste seesei, nanso mesiim s…õ m…õfr…õ mo, efis…õ …îy…õ opanyin, na yaw na ekyekyere me tirim."
84,"Me pa wo kyew, mefr…õ s…õ mereb…î ns…õm fa accident bi ho a esii Accra-Cape Coast …îkwan so, Winneba nky…õn baabi. Me nuabaa Akua naa …îw…î trotro mu a kar fofor…î bi b…î…î no, na waye no yaw w…î ne nan so ‚Äî nan no ahohow na …întumi nhy…õ so koraa. ∆Üy…õ ababaawa k…õse, afe adu…îkron nkuron benkum, na seesei nnipa bi w…î …îkwan nky…õn no reboa no. Me din de Nii na merek…î ne nky…õn seesei, nanso mep…õ…õ s…õ mefr…õ kan na obi b…õba ako hw…õ no."
85,"Me pa wo kyew, mep…õ s…õ meka biribi a esii abofra bi ho faa Hohoe-Jasikan road ho. Me din de Efua, na abofra no din de Ibrahim ‚Äî …îy…õ aberante ketewa, enye s…õ …îy…õ teenager. Wohyew no w…î n'akyi k…în ho, nanso enye s…õ …õy…õ den koraa ‚Äî …õda adi s…õ …õy…õ red kakra na blister ketewa bi nso w…î h…î. Y…õdwene s…õ nsu hyew bi na …õka no. ∆Üte h…î na …îtumi kasa, nanso y…õp…õ s…õ obi b…õba na wahw…õ no yiye."
86,"Me nana, Gifty, kar bi b…î…î no Tarkwa ha, y…õn efie nky…õn. ∆Üy…õ …îpanyin, na kar no b…î…î no yiye paa ‚Äî n ºnan as…õ na mogya pii retu. Me din de Kwabena, mey…õ n ºasefo. Me pa wo kyew, …întumi agyina h…î koraa na …îreda asu s…õ yaw no aye no den. Y…õn suro ma no paa."
87,"Me pa wo kyew, merefr…õ efis…õ me neighbor Alhassan hy…õ…õ accident w…î …îkwan so …õnn…õ. ∆Üresan aba fie w…î Darkuman ha a, OA taxi bi b…î…î no, nanso Onyame adom, …õny…õ den paa. ∆Ünsa y…õ no yaw kakra na …õw…î cut w…î h…î, nanso …întumi nante yiye na …îhunu hwee. Y…õw…î ne room mu ne no seesei, enti me, Elinam, mep…õ…õ s…õ m…õma obi nnim de…õ asi, s…õ …õba s…õ …îhia k…î clinic a."
88,"Me din de Ramatu, na merefr…õ wo efis…õ biribi si Adjoa ho ‚Äî …îba ketewa bi ‚Äî fa Techiman ho, Kumasi-Sunyani …îkwan so no. ∆Ükwan ho no na nsuo tenten bi w…î h…î, na …îkaa so mpofirim kotoo mu, na …îduu fam ase nso kakra bi ansa na nnipa a w…îw…î h…î yi twaa no firi mu nt…õm ara. ∆Ürehome yiye seesei, Onyame adom, nanso …îkwan no ho …îk…în de no yaw kakra, na …îse ne tiri y…õ duru kakra. ∆êny…õ den dodo ‚Äî …ît…õ ase rebu ns…õm ‚Äî nanso y…õsuro kakra nti y…õp…õe se y…õbr…õ wo nhoma na y…õbisa: …õs…õ s…õ oduruy…õfo bi hw…õ no anaa?"
89,"Me pa wo kyew, biribi asi w…î Tamale-Bolgatanga kwan so, Walewale ho. Abarimaa bi, Agyeman, nnipa bi de hy…õ…õ no so ‚Äî w…îbubui…õ no yiye w…î ne tiri ne ne k…în so. Mene Amankwah ‚Äî mek…î…î h…î na mihunuu eyi, enti mekae s…õ m…õboa no. ∆Ühunu hwee na …îreka kakra kakra, nanso ne k…în ho resusu, na wohu s…õ …õy…õ no yaw paa. Yehia onipa bi mmra ha, anaa womma y…õnhu bea…õ a y…õb…õde no k…î nt…õm."
90,"Me pa wo kyew, biribi b…îne paa aba saa abofra b…õn ha. Me din de Afia, na mer…õfr…õ fa abofra bi ho ‚Äî ne din de Adjei. ∆Üreseadwuma na machine bi siim ne nsa mu, na etwitwa ne nsa no yiye yiye, na mogya retu paa. Y…õw…î Axim road no so, b…õn Half Assini. Abofra no y…õ ne yaw paa, na y…õn ani agye hu ‚Äî me pa wo kyew, mma mmoa mmr…õ mmr…õ, efis…õ ne nsa no y…õ hu paa paa."
91,"Me ba Agyeman rey…õ adwuma w…î construction site bi ha w…î Tumu, na biribi duru tee kohwee no, na …õkobu no w…î ne bruwa ne ne yafunu so. ∆Üy…õ abofra, afe du nkron ntim na wahunu, na …õy…õ no yaw, nanso …îte h…î na …îrekasa daa. Me ne Patience, ne maame, na ne nkur…îf…î a w…îy…õ adwuma ne no fr…õ…õ me bere a na …õbaa. ∆Üreka s…õ ne bruwa y…õ no yaw paa paa bere a …îrehome, nanso ntan biara nni ho a remetu mogya koraa. Yehia obi a …îb…õba boa y…õn, anaas…õ w…îmmr…õ y…õn ns…õm a y…õny…õ, efis…õ y…õnnim yiye s…õ biribi abue ne mu anaas…õ daabi."
92,"Me pa wo kyew, mep…õ s…õ meka biribi a as…õe fa me nua kumaa ho. ∆Üdin de Kwame, na wadi afe aduonum nkron na …îrey…õ adwuma w…î construction site bi w…î Accra-Cape Coast road so, k…îse Winneba nky…õn, na biribi tuu h…î tuu n'nsa so. ∆Ükeka s…õ eye no yaw, nanso …îtumi sesa no kakra kakra, enti y…õntumi nsua s…õ …õy…õ …îhaw k…õse paa. Me din de Ofori, na mep…õ s…õ midi ahu s…õ …îhia k…î clinic, anaas…õ y…õb…õtumi atw…õ no efie."
93,"Me pa wo kyew, mep…õ s…õ meka biribi a as…õ ha w…î Tumu. Me h‚ÜÑ foforo Nii tuu fam w…î compound mu ‚Äî …îhwee na …îbuaa ne tiri w…î fam. ∆Üho y…õ, …îtee ase na …îreka as…õm, nanso w…î cut ketewa w…î ne k…în ho na …îreka s…õ …õy…õ no yaw w…î h…î. Me din de Ibrahim, mete h…î foforo p…õp…õ…õp…õ, na mebaa s…õ menhw…õ no bere a metee noise no. Yennwen s…õ …õy…õ k…õse papa, nanso y…õp…õ s…õ obi twe y…õnÍ∑Ä na …îkyer…õ y…õn dea y…õb…õy…õ …õk…î so."
94,"Me din de Sulemana. Merefr…õ wo ho fa me yonkofo ho ‚Äî opanyin bi a w…îfr…õ no Baffour. ∆Ük…î…î accident w…î Asokwa, …õny…õ kakra na …õk…î w…î y…õn fie ho. Na saa ara na w…îde no baa fie no, …îde nsa kyeree ne bruwa ne ne nky…õn fam. Enny…õ nea eye hu paa ‚Äî mogya retu no anaa biribi te saa nni ho ‚Äî nanso …õy…õ no yaw w…î ne yafunu ho ne ne nnompe ho. Opanyin ni, enti y…õp…õ s…õ y…õhw…õ s…õ ne ho y…õ."
95,"Me din de Akua, merefr…õ efis…õ b…îne bi asi afoforo abofra bi ho ha. W…îfr…õ no Afia, …îw…î edu num anaa edu nsia mfe saa, na oguu burn ‚Äî …õkaa ne k…în ne ne tiri ho ntim no. Y…õw…î Bolgatanga-Bawku …îkwan so, Navrongo fam ho. Burn no nketewa koraa ‚Äî ne ho nam no y…õ hu paa, …õy…õ no yaw na …îsu, nanso …îda h…î na …îrekasa. Me pa wo kyew, y…õhia obi mmra mmoa no nt…õm ara."
96,"Maaha. Me pa wo kyew, mep…õ s…õ meka biribi a …õsii Tamale-Yendi kwan so, Savelugu beae no nky…õn. Me din de Ibrahim, na merek…î akwan no mu na mhunuu abofra bi, Agyeman, a …îtuu fam fii ne bicycle so w…î kwan so no. Ne nan y…õ no yaw kakra, nanso …îho y…õ ‚Äî enye kronn ‚Äî …îte kwan nky…õn na …îtumi yi no s…õe s…õe. Obi w…î ne ho seesei, nanso mep…õ…õ s…õ mika wo ho w…î hw3 s…õ …îhia s…õ obi b…õhw…õ no."
97,"Me pa wo kyew, mep…õ s…õ meka biribi a asi ha w…î Nalerigu. Me adamfo Vida ‚Äî …îr…õk…î …õkwan so a …õb…õn market no, na …îhwee fam w…î pavement a ab…õbu mu no so, na …înan mu twetwer…õ…õ yiye. ∆Ünan mu no resu asu anaa rehoahoa s…õ an…î, na …întumi mfa n'as…õm biara nni anan no so, nanso …îte mu ara na …îrekasa pefee. Me ne Elinam, na mew…î ne nky…õn seisei. Y…õhia s…õ y…õnhu s…õ …înk…î clinic anaa y…õb…õtumi akura no w…î efie."
98,"Me pa wo kyew, biribi a …õy…õ den paa na …õsii ha, na mehia mmoa nt…õm ara. Me din de Memunatu, na merefr…õ wo ho as…õm bi fa abofra baako ho ‚Äî w…îfr…õ no Nii Kwei. ∆Ütuu nsu mu fa Kete Krachi kwan ho, baabi a …õb…õn Dambai h…î. ∆Ük…î…î ase w…î nsu mu, na bere a y…õt…î…î no firi mu no, …îanny…õ hwee koraa ‚Äî …îannye so. ∆Ük…în ne tiri no hy…õ y…õn suro paa ‚Äî …õte s…õ biribi ny…õ y…õ w…î h…î. Abofra no y…õ ketewa paa, na …îkeka ho y…õ den pa ara seesei ‚Äî y…õsuro yiye. Me pa wo kyew, soma onipa bi nt…õm ara, efis…õ y…õnnim de…õ y…õb…õy…õ no ama no ha."
99,"Me pa wo kyew, mep…õ s…õ meka biribi a …õsii …îbarima ketewa bi ho w…î Oforikrom ha. Me din de Kwame, na abusuabarima no din de Appiah ‚Äî …îy…õ me nkoa ba, …îw…î nky…õn ara. ∆Üreyi adwuma w…î construction site bi a …õb…õn ha no, na biribi tuu fam b…î…î no tiri so, na …îtuu fam. ∆Ünhunu hwee de…õ, nanso …îw…î confused paa, na ne k…în y…õ no yaw den ara ‚Äî enti y…õn ho suro no paa. Y…õhwehw…õ obi a …îb…õba boa yen, efis…õ injury no ho nhw…õ s…õ k…õk…õ koraa da."
100,"Me pa wo kyew, biribi tuntum paa aba asi na mehia mmoa nt…õm paa. Me din de Nii Laryea, na mer…õfr…õ wo fa onipadua bi a w…îfr…õ no Adjei ho. Adjei no na …îrey…õ adwuma w…î …îkwan so w…î Takoradi-Cape Coast highway no ho, Anomabo nky…õn. ∆Üna …îrey…õ construction work w…î h…î na equipment tuntum bi atuu kohwe ne nan so ‚Äî …õy…õ b…îne paa, ne nan no ay…õ crush den paa na mogya retu no bebree. Y…õabob…î nea yeahy…õ ho yi ho s…õ y…õb…õgyae mogya no tu, nanso …õy…õ no yaw paa na y…õsuro paa ne ho. Me pa wo kyew, moma mmoa aba nt…õm paa w…î …îkwan no so Anomabo nky…õn no."
101,"Me pa wo kyew, mep…õ s…õ mekaa accident bi a …õsi. Me din de Nii Armah, na merefr…õ w…î mu fa me adamfo Abena ho ‚Äî …îk…îbaa accident mu w…î Accra-Cape Coast kwan so, Winneba nky…õn h…î. Kar bi b…î…î trotro a …îtete mu no, na …îbuae ne tiri b…î…î chair a …õw…î n'anim no so, na ne k…în y…õ no yaw kakra. ∆Üte h…î na …îrekasa, nanso y…õsuro efis…õ …îka daa s…õ ne k…în mu ye denden. Y…õw…î ne ho afei na …îhia onipa bi a ob…õhw…õ no yiye."
102,"Me pa wo kyew, biribi baa s…õ yi akyiri yi Bawku road so, Zebilla ho. Ababaawa bi, Araba, tipper truck bi b…î…î no bere a …îrew…î …îkwan ho. ∆Ütuu fam na …îbuaa ne tiri w…î fam, nanso …îte h…î na …îrekasa, na cuts kakra bi wom, na …îkeka s…õ ne k…în y…õ no yaw. Mene Patience ‚Äî …îh…îho bi a nahwe de…õ esii. Me pa wo kyew, yehia obi mmra nhw…õ no, efis…õ …îy…õ abofra na yennp…õ s…õ as…õm bi baa no so. Fr…õ oduruy…õfo bi mmra!"
103,"Me pa wo kyew, biribi asi w…î Ho-Accra …îkwan so, Adidome baabi ara ho. Me nuabarima, Nii Kwei, …îtuu fam ‚Äî mete s…õ …îw…î kar bi so anaas…õ hwee, na …îny…õ…õ ne ho yiye na …îbuee ase den ara. ∆Üb…î…î ne tiri ne ne k…în baabi w…î fam, na s…õ meduui ne ho a, …îhunuu h…î, nanso …îw…î confused paa ‚Äî na …îrekyekyere ne k…în, na …îreka s…õ eye no yaw paa. ∆Üy…õ abofra, afeha baako mp…õn edu nson anaas…õ saa ara. Me, Agyeman, na mew…î ne ho nn…õ yi, me pa wo kyew, yehia obi aba …îkwan yi so, efis…õ memp…õ s…õ me s…î no k…î baabi paa, s…õ anka anka no a, enye."
104,"Me pa wo kyew, mep…õ s…õ meka accident bi a …õsii ha w…î Yendi Senior High School. Me din de Issah, na y…õn students mu baako, Dela, pragyia bi hy…õ…õ no w…î school entrance no ho, s…õ …îregyina so baa mu saa an…îpa yi. ∆Üy…õ abofra kumaa bi, na n ºnan y…õ no yaw, nanso …îhunu n ºadwene na mogya retu no koraa saa. Y…õama no tena ase, na obi gyina n ºakyi seesei."
105,"Me pa wo kyew, me din de Appiah, mefr…õ wo firi Winneba Senior High School. Y…õn mmabea baako, Naa Dedei, …îhwee fam w…î staircase a …õw…î dormitory block ho no so, na …îtuu fam, na …îb…î…î ne tiri w…î step no ho. ∆Üte h…î na …îrekasa, nanso …îde ne nsa so ne k…în na …îse …õy…õ no yaw kakra. Enny…õ s…õ …õy…õ den paa, nanso y…õp…õ s…õ y…õhunu ade nyinaa y…õ okay."
106,"""Me pa wo kyew, merefr…õ wo fa biribi a eye hu paa a aba ha w…î Ho Senior High School. Me din de Yakubu, mey…õ …îkyer…õkyer…õfo baako w…î sukuu no mu. Y…õn sukuu no …îhy…õnam, Elinam ‚Äî …îy…õ opanyin ‚Äî …îrek…î twa compound no mu b…õn dining hall no ho, na sukuu bus no sane n'akyi nt…õm paa ma …õb…î…î no. ∆Ütuu fam ma ne tiri b…î…î fam den paa, na ne k…în nso eye hu. ∆Ürehome, nanso s…õ y…õfr…õ ne din a, …înnye so yiye. Na mogya retu firi ne tiri mu. Me pa wo kyew, y…õhia mmoa mmra nt…õm paa ‚Äî …îy…õ opanyin na situation no eye hu paa."""
107,"Me pa wo kyew, merefr…õ fa …îbaa ketewa bi ho ‚Äî waka no okada bi …õber…õ a …îr…õk…î s…õ …îb…õtwam …îkwan no, w…î UPSA campus gate no ho ha w…î Accra. Me din de Amoah ‚Äî mey…õ lecturer w…î ha, na Yaa y…õ y…õn student baako w…î first year mu. ∆Ür…õk…î s…õ …îb…õtwam …îkwan no ns…õm lectures wie akyi no na okada rider no b…î…î no ‚Äî …îtuu fam na …îbui…õ ne tiri w…î fam no so. Nanso …îho y…õ no ‚Äî …îte ase na …îrekan as…õm. Nso ne k…în y…õ no den kakra, na w…îataataa ne tiri so kakra ‚Äî nanso …õny…õ yaw paa s…õ y…õhunu."
108,"Me pa wo kyew, mep…õ s…õ meba so ka b…îne bi a asi ha w…î Cape Coast University ‚Äî …îbarima bi a y…õfr…õ no Sulemana, …îhwehwee s…õ …îb…õb…îw w…î swimming pool no mu …õda ndwumadi swim bi so w…î …õda yi awiabere. ∆Ük…î…î mu ne ne nnipa bi, nanso …îstraggle k…õse na …îk…î ase kakra ansa na w…îtwe no firi mu. Kweku na …îde no k…î…î pool no ho, enti …îna …îfr…õ…õ me s…õ meba so ka adanse yi. Sulemana, …îte aware s…õ mprempren ‚Äî nanso …îka s…õ ne nsa y…õ no yaw, ebi w…î fam a w…îte ne nsa twe no firi pool no mu no. ∆êny…õ k…õse k…õse, nanso y…õdwen s…õ …õs…õ s…õ oduruy…õfo bi ba h…î na wahw…õ no."
109,"Me din de Amankwah, mey…õ student w…î Koforidua Technical University. Enti …õnn…õ y…õn practical session w…î workshop no mu, me classmate baako, Emefa, …îrey…õ adwuma w…î grinding machine so, na …õh…î na metal kakra bi pue firii ho b…î…î no tiri nfa so. ∆Üda h…î a ohunu hwee na …îrekasa, nanso tiri nfa no mu huu no, na …îse ne k…în y…õ den na eye no yaw. Enye s…õ …îkolapuse anaa biribi k…õse p…õ, nanso y…õn ho y…õ hu …õfiri s…õ swelling no renya k…õse a renya k…õse, na …îse ne ti retan no."
110,"Me pa wo kyew, merefr…õ wo fa me nua Nii Armah ho ‚Äî biribi baa ne so nn…õ awiabere yi ha T.I. Amass w…î Kumasi. Y…õw…î science lab mu y…õ practical na Bunsen burner baako mu flare up baa ne nsa so. ∆êny…õ d…õ…õp papa ‚Äî …õfa ne nsa ase fam p…õ, na ne nhoma y…õ k…îk…î…î, na …îreka s…õ …õy…õ ne yaw. Me din de Selorm, mey…õ ne labmate ‚Äî mep…õ s…õ menhunu nea y…õb…õy…õ ama no …õn…õ seisei ansa na y…õde no k…î clinic."
111,"Me pa wo kyew, merefr…õ wo fii Kumasi Academy. Me din de Wiredu. Biribi baa mu w…î break time mu ‚Äî y…õn nkur…îfo…î mmienu no w…î bicycles so w…î sports block nky…õn, na w…în mmienu no hyiaa w…î kwan mu s…õ woreb…õdwane afiri w…în honam mu, na Afia tuu fam na …îk…îbuaa ne nsa so yiye. ∆Üho y…õ, …îte…õ ase na …îreka, nanso ne nsa no ahoboaa, na s…õ …îb…õs…î kari …îkwan biara a, …õy…õ no yaw. Y…õnsusu s…õ fracture ne, nanso y…õp…õ s…õ oduruy…õfo…î bi b…õba na w…îb…õhw…õ no."
112,"Me pa wo kyew, me din de Issah, mefr…õ wo firi Adisadel College ha Cape Coast. Alhassan resan aba firi kurom w…î dropping taxi mu, na kar bi b…î…î taxi no ho bebi fa school gate no ho ‚Äî …îtuu fam, nanso ne ho y…õ, scrapes kakra ne bruise bi w…î ne nan so. ∆Ütena ase seesei na …îtumi yi ne nan, enti yennwene s…õ fracture bi wom anaa biribi saa k…õse bi te saa. Yehia s…õ y…õhw…õ no yiye papa, efis…õ …îsesa kakra saa da ha."
113,"Me pa wo kyew, mep…õ s…õ meka biribi a …õy…õ den paa a …õsii ha w…î Tamale Senior High School. Me din de Nii Kwei, mey…õ okyer…õkyer…õni baako w…î ha. Y…õn adwumay…õfo panyin baako w…î kitchen ‚Äî Yaa ‚Äî …înam k…î…î dining hall nky…õn no, na canteen delivery truck no danee n'akyi a …îkaa no, na …înyee ne ho aware biara. Ne nan no hy…õ no yaw paa ‚Äî …õdan akyi na mogya retu ho paa. ∆Üte ne ho na …îsu na …îwosowoso, na …întumi mfa ne nan no k…î faako biara koraa. Me pa wo kyew, y…õhia mmoa ‚Äî mma ha nt…õm paa, efis…õ …îy…õ opanyin na ne nan no y…õ den paa."
114,"Me din de Naa. Merefr…õ mo firi Tamale Technical University. Me friend Abenaa ‚Äî …îy…õ student w…î ha ‚Äî …îrek…î s…õ …îb…õk…î ab…î car park a …õw…î engineering block ho no, na campus bus bi baa nky…õn no de gyee no so bere a …õreda dan no. ∆Ütuu fam, na ne tiri b…î…î fam. Na w…îayi kra cut kakra w…î ne tiri so, na ne k…în y…õ no yaw, nanso …îni nkwa ‚Äî …îreŸÉÿßŸÖ …îreka as…õm. Y…õp…õ s…õ y…õhunu s…õ …õs…õ s…õ y…õde no k…î hospital na w…înhw…õ no yiye anaa?"
115,"""Me pa wo kyew, merefr…õ s…õ merekyer…õ ade…õ a …õsii ha w…î Navrongo Senior High School. Me din de Abenaa, mey…õ teacher. Y…õn school maintenance pickup no retw…õ k…î workshop no, na …õb…î…î y…õn PE teacher baako, Fuseini, s…õ …îretw…õ k…î. ∆Üho y…õ ‚Äî …înhunu hwee ‚Äî nanso …înan y…õ no yaw, na bruise bi w…î h…î. ∆Üt…õ ase seesei, nanso y…õp…õ s…õ obi ba h…î na wahw…õ no, efis…õ …îkyer…õ s…õ yaw no nk…î ase."""
116,"Me din de Kwabena, mey…õ student w…î Opoku Ware School w…î Kumasi. ∆ênn…õ awia yi, y…õw…î home economics practical mu, na …îbarimaa bi w…î me class mu ‚Äî Baffour ‚Äî ne ho kaa pot hye bi a w…îayi fi stove so no ho, na ogya hyehye…õ no kaa ne kyinni hy…õ…õ no yafunu ho. ∆êny…õ k…õse papa ‚Äî n'ahos…õm no y…õ b…îne kakra, na ne body no y…õ s…îre na …õte se enye yiye kakra, nanso …îresu na y…õn nyinaa worried. Teacher no s…õ…õ me s…õ memm…õ report yiye seesei ara."
117,"Me din de Alhassan. Merefr…õ wo fa abofra bi ho ‚Äî ne din de Nii. Kar b…î…î no w…î Achimota Senior High School no anim aha Accra. ∆Ürey…õ adwuma ak…î bra …îkwan so w…î sukuu set akyi no, na kar bi b…î…î no yiye yiye ‚Äî ne tiri b…î…î fam na …înnyinagyinaa ntem biara. Ne k…în nso y…õ hu ‚Äî y…õnsuro s…õ y…õb…õyi no, y…õnsuro s…õ y…õb…õkata no. ∆êy…õ serious paa. Me pa wo kyew, mmoa no nt…õm ‚Äî …îhia mmoa nt…õm ara!"
118,"Me din de Naa Shormeh, merefr…õ wo fa me adamfo Naa Akorkor ho, wahu accident w…î ha w…î Bolgatanga Senior High School. ∆Üresiw fam stairs no so fi dormitory block no opim so na …îy…õ…õ step faako so f…î na …îtuu fam, na …îk…îhwe fam den w…î ne nky…õn ne ne akyi. ∆Üte h…î na …îtumi kasa nanso …îreka s…õ …õy…õ no yaw paa w…î ne mba ho na …întumi nhome yiye. Y…õde no tenaa …îfam s…õ …îp…õn ne ho guan no guank no na y…õannp…õ s…õ y…õsesa no pii efis…õ saa bere a y…õde y…õn nsa b…î saa beae no saa ara no, …îkyinkyini na …õy…õ no yaw."
119,"Me pa wo kyew, merefr…õ efis…õ biribi den bi asi ha Mfantsipim School, Cape Coast ‚Äî me din de Mensah, mey…õ house prefect. Senior boys bi hyiae…õ na w…îbubui…õ yiye w…î dormitory mu, na w…îbubui…õ Nii Kwei yiye paa ‚Äî na …õy…õ ne yafunu ne ne s…õn ho na …õy…õ den. ∆Ürehome, nanso …îkurukuruwa h…î na …õy…õ no yaw yiye anytime obi b…õb…î ne ho. Y…õnnim s…õ biribi broke wo mu anaa, nanso …õny…õ yiye koraa ‚Äî ne ho nhy…õ y…õn nkotokuro."
120,"""Me pa wo kyew, mefr…õ fie firi KNUST campus w…î Kumasi ‚Äî me din de Owusu, mew…î hall football team mu. Yen na y…õreb…î training anwummere a Kwabena k…î…î hard tackle mu, na …îtuu fam yiye w…î ne kotodwe so. Seesei kotodwe no afuru papaapa na …întumi nyi ne nan so koraa. ∆Ütete pitch no ho, y…õde no firi grass no so. ∆ênhw…õ s…õ fracture ne, nanso afurwa no rey…õ k…õse ara na …îka s…õ yaw no y…õ den paa. Me pa wo kyew, obi b…õtumi ab…õhw…õ no yiye?"""
121,"Me pa wo kyew, biribi asi w…î y…õn dormitory ha w…î Wesley Girls na mep…õ s…õ meb…î report. Me din de Dzifa, m…õw…î house koro p…õ no mu. Y…õn afanaa mmienu hyiaa w…î y…õn mu ‚Äî …õfiri boy bi fi Mfantsipim a w…în mmienu p…õ no ho, na …õk…î…î physical w…î corridor mu. Afanaa fofor no buaa Efua w…î ne tiri nky…õn w…î water bottle so na …îtuu fam k…îkyeaa …õpono no so. ∆Ühun hunu, nanso ne k…în y…õ den na …îreka s…õ ne tiri rebo no yaw paa. Y…õasoma afanaa fofor no ak…î, nanso Efua ho ny…õ koraa ‚Äî …îhia onipa bi aba hw…õ no."
122,"Me pa wo kyew, biribi k…õse paa na asi ha Prempeh College ha Kumasi ‚Äî me din de Asante, …îstudenni ni. Me d…îfo Kojo na …îrey…õ s…õ …îb…õforo …îp…în a …õw…î akyire no so w…î anadwo no mu s…õ …îrek…î town, na …îtuu fam f…õ…õ f…õ…õ na ne nan so na …îk…îhy…õ…õ yiye ara ‚Äî …õny…õ. Ne nan no ahy…õ mu k…õk…õ a anka …õnny…õ saa, na …îsu su na …întumi nnye no s…õn koraa ‚Äî mogya bi nso retu. Y…õn suro s…õ y…õb…õyi no mu efis…õ ne nan no y…õ fracture paa. Me pa wo kyew, obi mmra ha nt…õm nt…õm."
123,"Me pa wo kyew, mep…õ s…õ meka ns…õm bi a …õsii w…î hall bi mu ha w…î University of Ghana, Legon. Me din de Nii Armah, mey…õ final year student. Senior students bi w…î reyi Ibrahim ‚Äî fresher bi ‚Äî k…î mu, na …õk…î…î den paa. W…îrekeka no w…î ne yafunu ne ne bruwa so daa daa, na afei …îb…î…î ne ho k…î…î ase na …întumi agyina t·∫Ω, na …îs…õ s…õ eye no yaw bere a …îp…õ s…õ …îhome. Medu h…î koree na mesee maa …õgyae, nanso abofra no hia s…õ oduruy…õfo bi nhw…õ no. ∆êb…õy…õ s…õ biribi w…î mu a enny…õ p…õ."
124,"""Me pa wo kyew, me roommate Serwa kolapuse ha w…î y…õn room mu w…î Ashesi University. ∆Ütuu fam na …îbuaa ne tiri nifa so w…î desk no ano bere a …îkolapuse no ‚Äî …înyane ansa, nanso ne tiri nni h…î yiye na ne k…în eye no yaw. ∆Üreb…õy…õ n ºadwuma w…î ne exams ho ‚Äî wanidi na wannhome yiye days mmienu ni. Mese …õno na …õma …õbaa saa. Ne tiri so cut no ketewa ‚Äî mogya retu no kakra kakra. Me din de Nhyira, mey…õ ne roommate ‚Äî me pa wo kyew, obi b…õba na wahw…õ no?"""
125,"Me pa wo kyew, merefr…õ wo fii GSTS ha w…î Takoradi ‚Äî me din de Fuseini. ∆ênn…õ awiabere no, y…õw…î w…î y…õn catering practical mu, na Selorm reyi pot a …õw…î ngo puo w…î mu no, na …îhwee fam na ngo no tuu agu no forearm so. ∆Üw…î skin a …õreblister yiye yiye, na …õy…õ no yaw paa ‚Äî …îresu, nanso …îte nkwa na …îrekan ns…õm. ∆Ükyer…õkyer…õfo no w…î ne ho, na …îmaa me k…î fr…õ mo. Me pa wo kyew, y…õhwehw…õ s…õ moaka kyer…õ y…õn ade…õ y…õny…õ ama no seisei ara, bere a y…õrede no k…î clinic no mu no."
