id,narrative_ga
0,"Ofain…õ, d…õbi bi Kwame ‚ÄĒ accident ehi eŇč Damongo af…õ…õ yan…Ē. ∆Üh…õ kpee ni le market k…ĒŇč ashi, pragyia bi ebo eŇč, ebumo f…õ…õ. Gboo ehii eŇč baŇč, miihu cuts ni scratches ni le gboo eŇč ashi ‚ÄĒ Ňčm…õ…õ, …Ētumi move gboo eŇč kakra, y…õ naah…õ Ňč fracture o. Baffour ‚ÄĒ y…õ…õ mi Ňčm…õ baŇč. Chale, mib…Ē oniŇč ni boa mi ‚ÄĒ h…õ mido hi…Ē eŇč ashi ni?"
1,"Ofain…õ, m…õ p…õ sh…õ m…õ b…Ē report bii shi n…Ē happen ni Tamale Central. Emi agbo d…õbi, Kwame, ono le trotro mu ‚ÄĒ kaa bii f…õ…õ ni le n…ĒŇč ts…Ē…Ē Ňč from the side ‚ÄĒ enye too serious o, Ny…ĒŇčm…Ē shukru, k…õ w…Ē obumo shi kpee n…ĒŇč, …Ēn…õk k…õ Ňčm…õi f…õ…õ ni hit ground. Obl…õ bii ‚ÄĒ maybe around seventeen so. Dela y…õ mi din ‚ÄĒ m…õ…õ ni fr…õ sh…õ. D…õbi n…ĒŇč ch…Ēk…Ē s…Ē ad…õ…õ, oni le, k…õ …Ēt…õ sh…õ …Ēn…õk ehii Ňč small."
2,"H…õloo, ofain…õ boa mi ‚ÄĒ …Ēba mi Mensah, aboboyaa bumo no k…õ Takoradi market area ni, t…õŇč k…õ y…õ. Motor no bumo no maŇč, obumo w…Ē f…õ…õ, k…õ Ňčm…õi k…õ Ňčm…õi f…õ naa area no hii no w…Ē fall no mu. Oni le k…õ okan, nye Ňčm…õi f…õ kpee no hii no h…õ…õ f…õ…õ, k…õ swelling bi w…Ē Ňčm…õi naa shishi. Miin…õ Nhyira, mi w…Ē k…õ no s…Ē…Ē y…õ ‚ÄĒ m…õhe m…Ē bi mli shi boa mii, biiŇč y…õmiŇč shiŇč t…Ē…Ē no ba k…õ eny…õ haŇč m…Ē ni y…õ naŇč b…Ē no yaŇč."
3,"Ofain…õ, something very serious ahappen y…õ ha Axim. Me neighbor Ňč bi, Issah, kaa bumo no kpee ni h…Ē close f…õ…õ house, na w…Ē baa no ak…õ ha ‚ÄĒ …õbaa d…õbi no w…Ē sane o. Ňä gboo hii no k…õk…õ ‚ÄĒ en…Ē fracture ni shwe etsotso no koraa, y…õ suro. M…õ y…õ Mawuli, midz…Ē ha nearby, na Ňč papa na Ňč maame w…Ē ha …õbaa y…õ sane w…Ē ny…õ n…õ nii o. Ofain…õ, y…õ hi…õ bo ni bi ba faa w…Ē fast because d…õbi no obl…õ f…õ…õ ni Ňč gboo ehii no k…õk…õ. Fr…õ ambulance ‚ÄĒ boa mi!"
4,"Ofain…õ, mebi report accident bi ey…õ Kumasi-Tamale road, somewhere near Ejura. Mi din bi Naa Dedei, mifre aba n…ĒŇč Nii ‚ÄĒ obl…õ bi obumo accident k…õ road no mli, ni ehii te. Kaa bi etsu mi ni, eny…õ ehii mi k…õ gb…Ē…Ē k…õ shi areas too ‚ÄĒ eny…õ bad paa. K…õ…õ oni le, orenya response, so enim…Ē gb…õ o. Ofe k…õ struggle small, k…õ…õ oremanage. Ofain…õ, n…ĒŇč bi obi eba boa mi haaa ‚ÄĒ ni ehi attention fast fast. Fr…õ ambulance, chale, akpee!"
5,"Ofain…õ, something serious aba shi, mi hia bo mli k…õ now…Ē. Mits…Ē Appiah, mi fr…õ fr…õ shikp…ĒŇč biaa w…Ē Abena, gb…Ēm…Ē ny…õ, shi w…Ē ak…Ē n…Ē kpee Kete Krachi, ni shi ko Dambai f…õ…õ. Osh…Ē load k…õk…õ w…Ē eji…õ work f…õ, ni ab…Ē o k…õ t…õt…õ ‚ÄĒ gb…Ē…Ē ni shi ‚ÄĒ ehii o k…õ daadaa. O hii p…õp…õ…õp…õ, enim…Ē move gb…õ. Chale, injury bi y…õ f…õ…õ serious ‚ÄĒ gb…Ēm…Ē ny…õ ni y…õ no too ‚ÄĒ m…õm…õ le hia ofain…õ. Ofain…õ, fr…õ ambulance shi ba now…Ē ‚ÄĒ y…õ tumi handle no heni y…õ b…Ē o."
6,"H…õloo, ofain…õ boa mi. ∆ÜjogbaŇčŇč mi Hamza, pragyia bi kpee ni Ňč af…õ…Ē y…õ Salaga. Mii ny…õ Yakubu ‚ÄĒ mii fr…õ ni shi Ňč ji, afi ebu shi ehii ni Ňč n…Ē ak…Ē…Ē n…Ē. Kaa ‚ÄĒ pragyia bi, ehii Hamza ni Ňč gb…Ē…Ē f…õ…õ, ebumo, k…õ otsoo ni Ňč k…Ē…Ē b…Ē…Ē ‚ÄĒ …Ēmii Ňčm…õi eni bo o. Shi eny…õ naagbe o, ni ji n…Ē, gb…Ē…Ē f…õ…õ ehii ni Ňč kakra, k…õ bruise kakra w…Ē h…õ…õ ‚ÄĒ k…õ ni mli k…Ēi fracture bi anaa something like that o. Ny…õ w…Ē n…Ē le. Chale, w…Ē p…õ shia n…ĒŇč. W…Ē bi ny…õ Hamza le k…õ o ‚ÄĒ k…õ w…Ē p…õ ny…õ m…Ē ni w…Ē yaŇčŇč ni Ňč shia hospital bi, anaa ni w…Ē du h…õ…õ n…Ē. B…Ē w…Ē ni m…Ē ni w…Ē ny…õ?"
7,"Ofain…õ, something serious ab…õ happen f…õ…õ Wa Central nii, m…õh…õ help urgently. Me din d…Ē Agyeman, n…õ meh…õ call y…õ…õ young man bi, w…Ēn fr…õ no Owusu ‚ÄĒ kaa bumo no kpee f…õ…õ, enyo short time ad…Ē…Ē. Obl…õ no enim…Ē ny…õ ad…Ē…Ē o chale, ono gboo ehii no paaa ‚ÄĒ enim…Ē look like fracture f…õ…õ, n…õ shwe etsotso paaa. Eny…õ taa gb…Ē…Ē o, eny…õ taa move gboo no o, n…õ ni hii no paaa ‚ÄĒ oshie f…õ…õ kpee so p…õ…õ. Ofain…õ, y…õh…õ ambulance ni b…õ j…õk…õ ko fast fast, eha situation no gbaa woko."
8,"Ofain…õ, mif…õ…õ fr…õ sh…õ mi h…õ y…õ b…Ē…Ē ko n…ĒŇč mi nuŇč Kwabena k…õ Yendi. Oshi oshwa oshi k…õ fie ‚ÄĒ oshi gbaa bii ko k…õ atifi mi m…Ē ‚ÄĒ n…Ē ko bii naa bumo ehii Ňčm…õi ashi. Appiah na mi din, mi na onim…õ fr…õ. Oshi b…Ē ni hii k…õ…õ ko l…õ, cut kakra bo, Ňčm…õi ashi, engb…õ…õ shwe tsotso kakra, y…õ b…õ j…õ fr…õ sh…õ ni ny…õ k…õ kp…Ē…Ē l…õ gbi l…õ oy…õ."
9,"Ofain…õ, something very bad ehi Felicia ‚ÄĒ obl…õ bi ‚ÄĒ w…Ē Kumasi-Cape Coast road la, Mankessim f…õ…õ. Nn…Ē…Ē bi b…Ē…Ē Ňč w…Ē sh…õ, w…Ē bl…õ…õ Ňč k…õk…õ, n…Ē gb…Ē la eny…Ē f…õ…õ ‚ÄĒ eny…õ nmi move Ňč bi o, en…ĒŇč ebo ny…õ, n…Ē kpoo w…Ē m…õi m…Ēk…Ē. M…õ nye Boateng ‚ÄĒ meloo kaa w…Ē kpee la, mhui Ňč w…Ē kpee f…õf…õ, enyeli, Ňčm…õ bi h…õ bo Ňč o. Ofain…õ, …õi mi n…Ē…Ē, mi mits…õ onukpa bi fast waa, b…Ē d…õbi la shwe etsotso bebii, ni n…Ē…Ē enyeli k…õ efaint."
10,"H…õloo, miiŇč ny…õ Asare ‚ÄĒ mif…õ…õ report bii shi obl…õ baa dz…õ…õ Elinam. Oni le, osh…õ noko, n…Ē w…Ē jollof kokoko k…Ē flaat…õ Ňč ni le Adenta. Pressure ni le pot Ňč nu shi ‚ÄĒ lid bumo bumo k…õk…õ, steam k…õ nish…õ ekpoo ebumo gb…Ē Ňč mli ni le forearm. Skin dz…õ…õ le Ňč k…õ ni color ny…õ red, k…õ blisters dan sh…ĒŇč ko le Ňč. Ehii ni hii ‚ÄĒ hii f…õ…õ. Oni le, osh…õ noko, n…Ē k…õ m…õ oshi, n…Ē w…Ē ni hii ehii ni f…õ…õ k…õ eboro boro. Chale, burn ni d…Ē…Ē f…õ…õ ‚ÄĒ ni serious. K…õ bi m…õ, m…õ h…õ m…õ ni wi…õ dz…õ…õ m…õ ni s…õ ofain…õ n…Ē…Ē bo Elinam hi la ‚ÄĒ mi ni hi…Ē m…õ wala n…Ē?"
11,"H…õloo, chale. Me bi…Ē Kojo, …Ēbumo Ňč ni w…Ē af…Ē. Ebumo ni Ňč h…õ carpentry shop shi le Assin Fosu. N…Ē w…Ē…Ē, wood k…õl…õŇč bumo Ňč gb…Ē Ňč ji, abi …Ēteetee Ňč ni shwe etsotso k…õk…õ ‚ÄĒ …õny…õ big big o, ni Ňč gb…Ē nim…Ē gb…õ at…Ē. Y…õ haŇč shwe Ňč ji, y…õ kitee nt…ĒŇč Ňč bii gb…Ē Ňč ji. Me bi…Ē Kwasi ‚ÄĒ me n…Ē ba Ňč. Kojo d…õbi k…õk…õ, chale, ni mits…Ē shi w…Ē y…õ b…Ē Ňč hospital anaa y…õ t…õ…õ h…õ y…õ hi…õ Ňč w…Ē ts…Ēb…Ē o. Ofain…õ, b…Ē mii shi ‚ÄĒ y…õ de Ňč hospital anaa?"
12,"Ofain…õ, something very bad aba Cape Coast-Elmina road ni. Obl…õ bi, Appiah, kaa bumo no mli, no onyemi le gb…õ…õ ‚ÄĒ situation serious paaa. Ono gboo ‚ÄĒ mitse gboo k…õ gb…Ē, ey…õ k…õ fracture ni shwe etsotso paaa. Miye Maame, mib…Ē kpee ni mihui no ed…ĒŇč kpee Ňč ni nii k…õ ehuu d…ĒŇč, Ňčm…õne ony…õ am…õ h…õ…õ ni otsi bo shikpon. Ofain…õ, fr…õ ambulance ak…õ mli, obl…õ ni urgent attention y…õ mli ‚ÄĒ chale, mli mli!"
13,"Ofain…õ, m…õ bi k…õ report b…Ē ni ets…Ē…Ē w…Ē ha Dambai. M…õ neighbor bi ny…õ d…õbi, Fatima ‚ÄĒ OA taxi bumo Ňč w…Ē kpee ‚ÄĒ accident no tr…Ē small small, n…õ…õ d…õbi no ehii. M…õ din n…õ Edem, m…õ n…õ ofr…õ. Ebi cut w…Ē Ňč gboo, k…õ swelling bi w…Ē Ňč gboo, n…õ…õ ots…Ē…Ē ke walk small small ‚ÄĒ h…õn…õ y…õ l…õ eny…õ serious paa. Y…õ bi k…õ y…õ n…Ē check Ňč w…Ē hospital ofain…õ."
14,"H…õloo, me din bi Mawuli. Mifi…õ k…õ mib…Ē Ňč obl…õ ny…ĒŇč k…õ ni shia, Sena ‚ÄĒ onya w…Ē l…õ work w…Ē ts…Ē…Ē. Oba farm work l…õ kpee shishi w…Ē Kumasi-Sunyani road l…õ, somewhere faako Techiman, n…õ something heavy bumo Ňč gb…Ē l…õ ‚ÄĒ mishi ni lower arm ni onya. Gb…Ē l…õ swollen, ents…Ē gb…Ē l…õ k…õk…õ o, n…õ ehii Ňč p…õp…õ…õp…õ ‚ÄĒ n…õ ehii mi chale. N…õ gbeke, oni le, oshishi, onibi le. Ni life-threatening o, n…õ gbeke ehii Ňč k…õ…õ, osua doctor bi l…õ…õ no. Ofain…õ, onu…Ē bi baa k…õ boa Sena. Boa mi!"
15,"H…õloo, mi name ye Kofi. Mifra l…õ report bii shi naan…Ē mi y…õ Asare ‚ÄĒ o ye mi manye obl…õ. Shi naan…Ē ehii l…õ eba Cape Coast, y…õ ni shia k…õ. Boys bi n…Ēk…õ h…õ, w…Ēh…õ Asare fight, n…Ē bi shw…õ eni Ňčm…õi ni. Ňäm…õi ni, cut kekele bi le oshi, n…Ē ony…Ē bi hii ni w…Ē ‚ÄĒ kaa, neck ni w…Ē hii bii. ∆ź…õ, oni le, oy…õ kasa ‚ÄĒ enim…Ē gb…õ o. Enye serious p…õp…õ…õp…õ, chale, k…õ mi p…õ…õ shia se obiara nim shi."
16,"Ofain…õ, mits…õ…Ē call bi fr…õ shikpon ni ehi…õ gb…Ēm…Ē bi, Kwabena, loo Cape Coast-Elmina road Ňč. Ehia eyi ni eh…Ē Ňč ‚ÄĒ mits…õ…Ē hot liquid bi k…õ shian…Ē bi bumo eŇč gb…Ē Ňč ‚ÄĒ enim…Ē deep o, y…õ skin ni shoo j…õ…õ, k…õ ehii mi shi naŇč. MiŇč Ofori ‚ÄĒ mibii kpee Ňč meko, mi h…õ no mi kpee ni boa no. Gb…Ēm…Ē oo, ano sane mi nibii ‚ÄĒ y…õ oni le k…õ otsumo. Y…õ ts…õ onukpa bi ni oyi shi k…õ check no wala."
17,"H…õloo, boa mi! D…õbi bi, Naa Akorkor, sh…õ ehii ‚ÄĒ ebumo hot pot gb…Ē dz…Ē gb…Ē la. Saa gb…ĒŇč, eni le kitchen shi, ots…Ē…Ē kaa ni pot la ek…õ y…õ w…Ē mli, em…Ē ebumo gb…Ē dz…Ē. Gb…Ē la skin etsoo blisters, oni le, one ni edw…õ p…õ…õ ‚ÄĒ k…õ et…ĒŇč y…õle ehe k…õk…õ. Ofain…õ, mi ny…õ Fatima ‚ÄĒ k…õ mib…Ē shia ni mitse mli ni man…õ k…õ obi nmii hospital mli? Ni bo mi ‚ÄĒ nii man…õ ni m…õ boa ni d…õbi la agbaaw…Ē hospital ka le?"
18,"H…õloo, ofain…õ boa mi. Ni w…Ē mi shikpon Selorm, obumo akwaa y…õ n…Ē k…õ y…õ dan ni Nhyiaeso. Ohe…õ Ňč ehi…õ ni kpee le bii, obumo gbaa f…õ…õ ni gb…Ē…Ē w…Ē k…ĒŇč. Mii Ňč Ama, ni y…õ Ňč shikpon. ∆Ü shi ni gb…Ē…Ē w…Ē shi hii ni ‚ÄĒ ni enye hu toto toto, la …Ē tumi tswa tswa d…õ…õ. Chale, miti su…Ē enye bone pii. Y…õ p…õ…õ sh…õ ni y…õ ni ny…õ ‚ÄĒ y…õ f…õ…õ ni b…õ …Ē fie y…õ hospital, abii y…õ ni ny…õ d…õ?"
19,"Ofain…õ, something happen here Bantama this afternoon. Neighbor mi ba, Issah ‚ÄĒ ono ne di ad…õ roadside food stall k…õ kerosene stove no flare up suddenly, k…õ heat no tse ono gb…Ē…Ē k…õ shi faafo. Eny…õ serious p…õp…õ…õp…õ, skin no red k…õ sore, k…õ oni le ‚ÄĒ ono kasa y…õ fine. Kweku d…õ, mib…õ k…õ ono shi naa ni happen. Onipa bi yaa b…õ check ono, kakra, because w…Ē ny…õ sh…õ ni s…Ē treatment anaa?"
20,"Ofain…õ, something happen Bolgatanga-Bawku road no, near Navrongo side. Ňäm…õi k…õ obl…õ bi ‚ÄĒ Kweku ‚ÄĒ …Ēy…õ passenger w…Ē dropping taxi bi nu, tipper truck bi b…Ē w…Ēn, miny…õ sh…õ…õ ny…õ noko bi ehii mi, k…õ …Ēny…õ noko bi ehii mi ‚ÄĒ na …Ēk…õ y…õ j…õŇč ak…õ w…Ēn f…õ…õ k…õ oshii bi, …Ēj…õ kuntsung Ňčm…õi nu, n…õ…õ Ňčm…õi koo ni hii Ňč. ∆Üni le, k…õ …Ēy…õ le shwane ‚ÄĒ noko bi …õt…ĒŇč enim…Ē gb…õ le Ňč ‚ÄĒ shi t…ĒŇč nibii. Ňäm…õi nu cut k…õ shwe etsotso Ňč ‚ÄĒ enye k…õ bii bii f…õ…õ ni, k…õ shwe no etsotso. MiŇč y…õ Adwoa ‚ÄĒ miŇč y…õ Ňčm…õi w…Ē n…Ē bi k…õ w…Ē stop w…Ē bo Ňč. Ofain…õ, y…õ hia someone ni bi ba ‚ÄĒ mits…Ē sh…õ…õ enye serious noko bi Ňč, k…õ y…õ hia ambulance ba fast fast. Fr…õ ambulance ba, ofain…õ!"
21,"Ofain…õ, m…õ b…õ report b…Ē…Ē shi w…Ē He ni le af…Ē. Obl…õ bi name n…Ē Kpodo, eye ony…õ work ‚ÄĒ m…õ su…õ …Ē l…õ boa carry goods …õny…õ labour work bi ‚ÄĒ ak…õ b…Ē…Ē bi bumo wiem…Ē ehii n…Ē gb…Ē. Fatima n…Ē m…Ē y…õ name, m…õn…Ē l…õ fr…õ; m…õ le shikpong k…õ ni eny…õ. Obl…õ n…Ē gb…Ē swollen kakra, k…õ …Ēni le f…õ…õ eye …Ētumi k…õ mli ‚ÄĒ eny…õ gb…Ē…Ē ehii o. K…õ chale, onipa bi ny…õ b…Ē b…õ check n…Ē ‚ÄĒ obl…õ d…ĒŇč eye y…õ p…õ sane …Ē le f…õ…õ."
22,"Ofain…õ, b…Ē accident bi etso Cape Coast-Elmina road so, mi ny…õ report etso. MinaaŇč Adwoa ni trotro bi dz…õ ‚ÄĒ kaa bi ba f…õ…õ k…õ etia w…Ē. Ňäm…õi ni shwe etsotso, k…õ oni n…Ēk…Ē n…Ē ni eny…õ nii ehii mi k…õk…õ ‚ÄĒ Ňč…Ē ojekoo k…õ ots…õ gbo. MiŇč Selorm, mi le ni ts…õ kpee dz…õ Ňč…Ē. Mif…õ…õ onii bi ba bo mi ha, boys, shwe entsotso o ‚ÄĒ entso ngm…õŇč."
23,"Ofain…õ, something very bad ab…Ē…Ē w…Ē ha Tamale, we family compound ni. Minu Boateng, kaa bumo no kpee w…Ē ye ni ba fie, na w…Ē ba no bring am come ha ‚ÄĒ Ňč gboo ni le condition k…õ…õ k…õ…õ, ni twisted na shwe etsotso Ňč na mits…Ē stop am o. Obl…õ ni no, maybe nineteen years, na oni hii na oni sh…õk…õ sh…õk…õ na y…õ ji bii k…õ no. Mi y…õ Hamza, mi y…õ one ni fr…õ w…Ē ‚ÄĒ ofain…õ, y…õ hia help ba ha fast fast b…Ē…Ē, b…Ē y…õni ny…õ bii ni et…Ē Ňč o."
24,"Ofain…õ, something very bad ab…Ē wa ha Asokwa, Kumasi ‚ÄĒ gb…Ēm…Ē bi w…Ē Owusu, eni nearly drowned mli, naan…Ē y…õ…õ okpaka hei gb…Ēi. Eni h…Ēm…Ē le, k…õ h…Ēm…Ē sh…Ē slow w…Ē weak k…õk…õ, naan…Ē Ňčm…õi w…Ē eni gbo sh…Ē very swollen w…Ē strange ‚ÄĒ chale, something dz…õ badly wrong inside Ňč. MiŇč Kwame, mi Ňčm…õi neighbor Ňč, naan…Ē m…õ y…õ Ňč l…õ ni j…õi ns…ĒŇč mli, k…õ eni responding well o shi. Ofain…õ, y…õ hia help ni b…Ē wa ha f…õ…õf…õ…õ ‚ÄĒ gb…Ēm…Ē ni, naan…Ē eni sh…Ē very serious k…õk…õ."
25,"Mii ny…õ Issah, mirefr…õ m…õ report accident bi shi Suhum h…õ. Gb…Ēm…Ē bi ‚ÄĒ Adwoa ‚ÄĒ …Ērey…õ kpee ts…Ē…Ē na trotro bi kpaa no, na obumo f…õ…õ. Enim…Ē bi serious paaa o, shi gboo no ‚ÄĒ obi ni hii no mli, na cut kakra bi le h…õ. Otumi yi gboo no kakra kakra, shi oy…õ need s…Ēm…Ē ba l…õ check no p…õp…õp…õ."
26,"Ofain…õ, something very serious ab…Ē Techiman ha. Neighbor mi dz…õŇč, Abenaa, kaa bumo Ňč w…Ē kpee gb…Ē…Ē afternoon ha ‚ÄĒ kaa ni bumo Ňč mli, obumo w…Ē y…õ mli tum…Ē. Gboo Ňč, mi su…Ēm…Ē fracture gb…Ē, shiaŇč ni otsoo bent way Ňč se bi s…Ē…Ē, ok…õ …Ēm…Ē gbeka gbeka h…õ, n…Ē…Ē shwe etsotso pii pii. Ramatu le ha k…õ mi, y…õ ny…õ mli boa Ňč, k…õ d…õbi ha eshii ko enim…Ē gb…õ sh…õ. Ofain…õ, fr…õ ambulance mli bl…õ k…õ speed ‚ÄĒ obl…õ ha ehia hospital s…Ē…Ē, chale, now now!"
27,"Ofain…õ, something happen ni m…õ ni father-in-law shi Adum, Kumasi. Kwabena bumo s…Ē…Ē ‚ÄĒ obu slip near doorstep ni ob…Ē Ňčm…õi oshie f…õ…õ ground. Ogb…Ēm…Ē n…õ, so y…õ worry p…õp…õ…õp…õ, ni Ňčm…õi gbiŇč ehii n…õ too ‚ÄĒ okaŇč turn ni Ňčm…õi gbiŇč y…õ bl…õ o. Abenaa ni m…õ, m…õ daughter-in-law n…õ, ni saa s…Ē…Ē oni le, k…õ o confuse small ni o complain serious headache. Y…õ hia person aba check n…õ, because okaŇč s…Ē…Ē Ňč gb…õ oshie n…õ o."
28,"Mii dz…õŇč Ofori, mifre l…õ shi N1 highway, Kasoa k…õŇč. Gb…Ēm…Ē k…õ, Yaw ‚ÄĒ obumo kpee Ňčm…õŇčm…õ ‚ÄĒ mits…Ē…Ē ne oshishi kpee Ňčm…õi. Ogboo ehii n…õ wu, ogb…Ē f…õ…õ ehii ne ‚ÄĒ mits…Ē…Ē. Oni le small, ony…õŇč mli le, n…õ ots…Ē y…õ obua ogboo ko. Gb…Ēm…Ē Ňč ots…Ē ko, chale ‚ÄĒ eni…õ shw…õ ni k…õmi na."
29,"Ofain…õ, b…Ē…Ē k…õ serious ni shikpon y…õ ha Adidome f…õ…õ, Ho-Accra road ni loo. Gb…Ēm…Ē Ňč…õŇč, Wiredu ‚ÄĒ …Ēy…õ mi naaŇč naa ‚ÄĒ …Ēy…õ crossing Volta w…Ē canoe ni loo, naan…Ē canoe etiaŇč. Y…õ habu amo ni y…õ w…Ē shwe Ňč l…õ, k…õ …Ēy…õ under water too long. ∆Üh…Ēm…Ē le k…õ h…Ēm…Ē …Ēy…õ very weak ‚ÄĒ naan…Ē y…õ fr…õ ni k…õ y…õ fr…õ no Ňč…õŇč, …Ēnim…Ē loo. Ni gb…Ē…Ē …Ēy…õ w…Ē ‚ÄĒ …õy…õ swollen, enim…Ē straight. MiŇč y…õ Dzifa. Ofain…õ, boa mi ‚ÄĒ y…õ hia help mi ha fast fast, kakra, b…Ē…Ē k…õ …Ēy…õ gb…Ēm…Ē k…õ y…õ hu sh…õ bi. Fr…õ ambulance ‚ÄĒ chale, please!"
30,"H…õloo, ofain…õ boa mi. Ade mi naaŇč Ibrahim obumo accident ‚ÄĒ …Ēw…Ē aboboyaa mu, aboboyaa no tuiŇč ehia Ňč af…õ Ňč gb…Ē…Ē Mamprobi ni, awur…Ē yi. Obumo ehumo, ni gboo hii Ňč ‚ÄĒ k…õ …Ēy…õ ak…õ …Ētoo tee tee, eny…õ serious p…õ…õ, mits…Ē ni. Mi ny…õ Abigail, mib…Ē shi Ňč k…õ…õ. Y…õŇčm…õi shia ny…õ: …Ēny…õ ni he hospital bii, abi y…õdz…õ manage ni abo…Ē yi? Gboo no b…Ē swollen kakra."
31,"Ofain…õ, chale, something very serious ab…Ē Kumasi-Sunyani road no so, Techiman side f…õ…õ. Me gb…Ēm…Ē, Mawuli, accident ab…Ē no ‚ÄĒ kaa ebii kaa w…Ē eyi Ňč t…Ē…Ē, naan…Ē …õ gb…Ē…Ē k…õ shi ehii no w…Ē waa. Gb…Ēm…Ē no ni hii waa waa, …õ tumi gb…Ēm…Ē le Ňčm…õi s…õ o. Me ny…õ Hadija, m…õ le f…õ…õ Ňč tee k…õ n…Ē nii, y…õ hee y…õ ba no hospital, k…õ y…õ hii bo fast, chale, because …õ condition no serious waa."
32,"Ofain…õ, something bad bi happen ni y…õ compound h…õ…õ Dichemso. Boys t…õ…õ bi attack Owusu, gb…Ēm…Ē bi shi dze near entrance ‚ÄĒ w…Ē hy…õ no ni Ňčm…õi k…õ neck area. M…õ y…õ Amoah, m…õ y…õ ni neighbor, k…õ w…Ē temi noise no m…õ tei gbogbo outside m…õ h…õ no sit dze f…õ…õ ground, onyemi le k…õ confuse, k…õ ni neck ehii no beb…õ. Enim…Ē gb…õ o, n…ĒŇč eni fine o chale ‚ÄĒ gb…Ēm…Ē no l…õ shikp…ĒŇč boa. Boa mi!"
33,"Chale, Araba, mi Ňčmaa, accident bumo eni le afi…Ē dzeng ‚ÄĒ Kumasi-Tamale kpee dzi, Ejura fa. Kaa bi bumo kaa bi n…ĒŇč ebi shiŇč, ebumo Ňčm…õi gb…õ…õ ‚ÄĒ ni hii Ňčm…õi k…õ ni hii ny…õ shi gb…õ…õ n…ĒŇč. Oni le k…õ oha okw…õ…õ, shikpon onim le haŇč haŇč, k…õ Ňčm…õi fa swelling le d…Ē. Ofain…õ, y…õ hia bo ‚ÄĒ y…õ ny…õ sh…Ē ni safe n…Ē…Ē okw…õ…õ eŇčm…õ le ami."
34,"H…õloo ‚ÄĒ Ofain…õ, boa mi! Nua ny…õ Ekua obumo w…Ē Takoradi market ni, ofain…õ fr…õ someone shi j…õ bi. Ofa kpee shi obumo, Ňčm…õi obui ground ‚ÄĒ n…Ē enim…Ē gb…õ, enyemi le oo. N…õ Ňč…õ, ony…ĒŇč ni n…Ē ehii ‚ÄĒ ni look very wrong chale. Me y…õ Asare, m…õ k…õ …Ē w…Ē shia. ∆Üh…Ēm…Ē d…õ, n…Ē Ňč…õ …Ēt…Ē l…õ o ‚ÄĒ onyemi le. Shwe etsotso Ňčm…õi ni ‚ÄĒ chale, ni serious. Ofain…õ ‚ÄĒ ambulance fr…õ, shi j…õ fast fast!"
35,"Ofain…õ, mif…õ report bii shi Ňč dz…õ Nima. Mi mli bl…õ bie d…õbi, Issah ‚ÄĒ boys bi tumi n…Ē ni ehii ni kpee dzŠļĹ y…õl…õ ‚ÄĒ w…Ē b…Ē…Ē ni n…Ē…Ē, shikpon ni gb…Ē bi Ňč k…Ē gbeke, n…Ē ni swollen le sane. Fuseini name bi, miye nii fr…õ Ňč. D…õbi y…õ enim…Ē gb…õ o, k…õ wound bi y…õ serious, ni gb…Ē hii ni l…õ paaa. Mif…õ shi bo ‚ÄĒ mits…Ē ni hospital, abi h…õ…õ mishi bii?"
36,"Ofain…õ, something happen for Bawku road, near Zebilla. Ňäun baaba bi…õ, Nii Kwei, tipper truck bu no, ebumo koko for kpee no. Enim…Ē gb…õ bi…õ o ‚ÄĒ oni le, onyemi le ‚ÄĒ but gboo no eni shiaŇč k…Ēk…Ē…Ē ‚ÄĒ maybe fracture, abi ehii no w…Ē…Ē, mits…Ē sh…õk…õ o. Me na Akosua ‚ÄĒ me w…Ē h…õ n…Ē ehi no happen, na nii gb…õ…õ b…Ē ehe no sh…Ē. Boa no atswa obaa, ofain…õ ‚ÄĒ onyemi gb…õ eŇčm…õ faa le o."
37,"H…õloo, ofain…õ boa mi ‚ÄĒ naan…Ē mi Abena, OA taxi bumo no just outside y…õ family house shi le Navrongo. Obl…õ bi le, maybe around sixteen years. Kaa no bumo no gboo ‚ÄĒ gboo no hii no kakra, n…Ē cut bi le Ňč ‚ÄĒ but enyemi le, enim…Ē gb…õ o, onyemi le paa. Mi y…õ Araba, mii fr…õ. Ofain…õ, y…õ p…õ s…õ y…õ ny…õ what we should do for no now."
38,"H…õloo, ofain…õ ‚ÄĒ mits…ĒŇč Ofori, ni mif…õ report b…Ē…Ē shi Savelugu k…õ, Tamale-Yendi kpee yi. Gb…Ēm…Ē y…õ le shi, onits…ĒŇč Naa Dedei ‚ÄĒ oni gb…Ēm…Ē p…õp…õ…õp…õ. Ots…Ē farm work osh…õ kpee k…Ē, ni b…Ē…Ē y…õ bumo Ňč ‚ÄĒ mitsui cart bi ni ots…Ē load osh…õ, ni b…Ē…Ē k…õ ebumo Ňč. Ehii Ňč gb…Ē…Ē k…õ okusum yi, shikpon mli ‚ÄĒ ni hii Ňč p…õ…õ. K…õ…õ, oni le d…õ…õ, ogb…õi le w…Ē ni okasa le ‚ÄĒ eŇč…õ ewie biaa, k…õ…õ boa ni shi. Mihe Ňč k…ĒŇč s…ĒŇč ya…Ē, k…õ…õ oni tse ji shi…õŇčŇč."
39,"H…õloo, boa mi ‚ÄĒ naaŇč Afia obu accident k…õ kaa, ni f…õ…õ y…õ shia k…õ…õ, Suame, Kumasi. Ebi k…Ē yaŇč ni kaa taa ni, k…õ shukuu Ny…ĒŇčm…Ē, ni eni ko serious w…Ē. K…õ ehii ni shi k…õ gb…Ē…Ē, naŇč ek…õ taa ni w…Ē gbei, k…õ oni le k…õ edaa. MiŇč Agyeman, mi le n…õ…õ bii ko k…õ yaŇč shia. Ofain…õ ‚ÄĒ shi naa m…õ y…õ ni h…õ b…Ē…Ē?"
40,"M…õ din de Afia, m…õfr…õ sh…õ accident bi ny…õ Tamale-Yendi road Ňč d…ĒŇč, Savelugu k…õ. Oba bi w…Ē Appiah din, otseo trotro bi Ňč d…ĒŇč ‚ÄĒ articulated truck bi b…Ē trotro Ňč, n…Ē ebumo faaa outside. W…Ē ni l…õ n…Ē shwe etsotso Ňč bi ni oŇčm…õi Ňč, shi ni gb…Ē…Ē ‚ÄĒ eŇčm…õi ehii mli, k…õ Ňč d…ĒŇč naa ni neck Ňč ehii Ňč ‚ÄĒ shikp…ĒŇč ni enim…Ē le, eshii le, oshishi le, chale, en…Ē gbi l…õ kome loo. Y…õh…õ…õ kpee Ňč d…ĒŇč naa h…õla y…õ, m…õshw…õ oba k…õ doctor bi aba l…õ check …Ē k…õ…õ."
41,"H…õloo, ofain…õ, boa mi ‚ÄĒ accident ab…Ē me nua Yaw w…Ē Accra-Kumasi highway mli, somewhere around Nsawam. Miin…õ Baffour, oni nua pan…Ē, eye Ňč obiara fr…õ mi k…õ kaa bumo Ňč w…Ē ni w‚ÜĄ k…Ē agbaa kpee w‚ÜĄ. Ňä y…õ obl…õ bi, approximately nineteen or twenty years. W‚ÜĄ k…õ…õ mi k…õ Ňč gb…Ē…Ē hii Ňč k…õk…õ, k…õ Ňč side naa hii Ňč, eye Ňč tii gb√£ straight o ‚ÄĒ Ňč titi straight o. K…õ Ňč oni le, Ňč kasa bi le. Ofain…õ, y…õ hia help ni y…õ k…Ē Ňč hospital f…õf…õ…õf…õ ‚ÄĒ chale, fr…õ ambulance, boa mi!"
42,"Ofain…õ, mets…Ē b…Ē report k…õ shi w…Ē Savelugu gb…ĒŇč, y…õhii. Ni man…Ē, Fuseini ‚ÄĒ gb…Ēm…Ē ni oshw…õ ‚ÄĒ …Ēy…õ n…Ē market t…õ…õ fee, k…õ nn…Ē gb…õi ak…õ …Ētsr…õ, Ňčm…õi ni oo sane …Ēsane …Ēk…õ …Ēh…õ ni ogb…õ oshw…õ. Ebumo, k…õ ebuu Ňč ni gb…Ē tete ni …Ēl…õ resist, k…õ yi…õ gb…Ē omo swollen ‚ÄĒ …Ēmiti kpoo shia o. Ehii mi gb…Ē Ňč, nik…õ oni le, …Ēkasa kasa. Me ni Abubakar ‚ÄĒ obi fr…õ mi tete k…õ accident Ňč etso. Ofain…õ, obi ni eb…Ē, shi k…õ boa Ňč ‚ÄĒ gb…Ēm…Ē ni oshw…õ, chale."
43,"Ofain…õ, mebii report accident bi wo Cape Coast-Elmina kpee dz…õ. Onukpa d…õbi bi w…Ē fr…õ Darkwa, aboboyaa bi ko …Ē w…Ē …Ē kpee k…Ē, ebumo f…õ…õ. MiŇč ny…õ Edem ‚ÄĒ m…õh…õ ni shikpon w…Ē baako w…Ē ni ehii. ∆Üni le k…õ …Ēk…õ y…õ nii n…ĒŇč, k…õ gboo bi hii …Ē kakra, k…õ cut bi w…Ē f…õ…õ ni. Y…õhia onukpa bi wo bi na …Ēb…õ check …Ē, bii y…õn…ĒŇč fracture bi w…Ē f…õ…õ abi daabi."
44,"Ofain…õ, situation k…õ serious bi ts…Ē…Ē w…Ē Dansoman ha. Naa mi ny…õ ‚ÄĒ mi maŇčts…õ Efua, ebumo w…Ē n…õ…õ gb…Ē…Ē, naan…Ē condition ny…õ b…Ē…Ē hewal…õ ‚ÄĒ Ňč gboo bi kee f…Ē…Ē ni eko naan…Ē shi wiem…Ē, ehii Ňč l…õ. OshiŇč hii ni eba w…Ē porch steps l…õ shi, n…Ē eshi l…õ…õ eko k…õ force. Mi ny…õ Naa, Ňč maŇčts…õ obl…õ, m…õni l…õ ts…Ē…Ē shi agbe l…õ k…õ h…Ē ‚ÄĒ gb…Ēm…Ē ny…õ n…Ē, sh…õ ehi kp…õkp…õ. Ofain…õ, m…õhii boa ‚ÄĒ baa faafo…Ē, chale, baa wiem…Ē."
45,"H…õloo, ofain…õ ‚ÄĒ d…õbi bii Abigail ne, ohe Hohoe-Jasikan kpee so, trotro bumo no shikpon f…õ…õ. Obl…õ y…õ ‚ÄĒ maybe seventeen. Miy…õ ni naŇč, mi din y…õ Hadija. Ehii no ni Ňčm…õi yaŇč ak…õ shi ak…õ, ak…õ k…õ k…Ē k…Ē no ni Ňčm…õi so ‚ÄĒ shwe k…õ…õ pii o ‚ÄĒ eko. Onyemi le ak…õ, ogb…õ…õŇč k…õ w…Ē. M…õhe ni n…Ē ni abuuji. Chale, miw…Ē ke fr…õ n…Ē fee, w…Ē ny…õ k…õ ny…õ shia ni eehe."
46,"Ofain…õ, chale, something bad happen na mits…Ē report. ∆źŇč friend mi Muntari, w…Ēbu…Ē no w…Ē Hohoe-Jasikan kpee la, nn…Ē…Ē bi fii no p…Ē. W…Ēt…Ē no Ňčm…õi la, na …õŇč neck n…Ē ehii no ‚ÄĒ Ňčm…õi k…õ neck ni hii no ‚ÄĒ k…õ…õ onyemi le n…Ē…Ē, ohii le n…Ē…Ē, so mits…Ē ny…õ ni serious k…õk…õ o. MiŇč Abubakar, na me k…õ no w…Ē Ňč shiaŇč l…õ w…Ē ni happen. Chale, boa mi ‚ÄĒ y…õhia somebody fi b…õ boa mii, kaa …õny…õ o, m…Ēk…Ē, shi y…õ f…õ…õ ni y…õ m…õt…õ ni ye ‚ÄĒ …õfee Muntari enim…Ē fine o gb…õ…õ."
47,"Ofain…õ, m…õhi…õ b…Ē…Ē k…õ m…õ ka b…Ē…Ē ni h…õ mi ni Axim. Mii ny…õ Felicia, k…õ m…õbumo shi y…õ ni shia j…Ē ‚ÄĒ m…õhi…õ ts…Ē…Ē stairs ji k…õ me gboo ji slip. Gb…Ē ji ni hii mi, k…õ eny…õ serious raa ‚ÄĒ hii kakra w…Ē ni, k…õ swelling kakra w…Ē …õ. M…õts…Ē k…õ move ni kakra kakra, chale, m…õs…Ē susu k…õ fracture bi eny…õ ni."
48,"H…õloo, ofain…õ ‚ÄĒ mi y…õ Amankwah, m√≠fr…õ mi loo. Mi nuŇč Kojo ebumo bii b…Ē…Ē yaŇč ha Wa Central, ne egbe gboo ehii n…Ē. Enil…Ē serious p…õ…õ o ‚ÄĒ oshie ke oshie k…Ē, shi elonge, k…õ oshi…õ gboo ehii n…Ē d…ĒŇč. N…Ē Ňč…õ, …Ēny…õ ni k…Ē hospital o ‚ÄĒ enye ni k…Ē o ‚ÄĒ k…õ mii shishi ke hospital ni h…õ n…Ē well. Chale, ofain…õ ‚ÄĒ obi…ĒŇč ni tumi advise mi shikpon? Y…õ ni b…Ē nii? M√≠naa n…Ē d…ĒŇč."
49,"Ofain…õ, accident bi et…Ē…Ē Hohoe-Jasikan road so kakra kakra agooo. Obl…õ bi, w…Ēfr…õ ni Selorm, …Ēw…Ē pragyia so, pragyia …õt…Ē kpee so Ňč h…õ. Mii y…õ Sulemana ‚ÄĒ m…õh…õ kpee Ňč ni et…Ē…Ē …Ēh…õ. Obl…õ no oni le, …Ēkasa kasa, shi sane ‚ÄĒ k…õ ni hii ni gb…Ē…Ē k…õ shi area, like w…Ē body middle Ňč h…õ. Eny…õ t…õt…õ d…ĒŇč, k…õ y…õ suibi ni doctor bi ni obi b…õba check ni …Ēh…õ."
50,"Ofain…õ, mets…Ē b…Ē report shi y…õ k…õ Ňč le Dormaa Ahenkro l…õ. Chale, mi ts…Ē…Ē Nhyira ko dispute k…õ w…Ē gb…Ēm…Ē …õf…õ market l…õ k…Ē ‚ÄĒ shia w…Ē ko argue k…õ payment shi w…Ē goods l…õ fees, na w…Ē gb…Ēm…Ē l…õ hy…õ…õ no slap w…Ē Ňčm…õi shishi na opush no. ∆Übumo b…Ē…Ē o, am…õ w…Ē neck l…õ hii Ňč, na …Ēsh…õ…õ no w…Ē Ňčm…õi l…õ pound Ňč p…õp…õ. Mi din na Muntari ‚ÄĒ m…õ le shia w…Ē…Ē shi y…õ waa. Y…õts…Ē b…Ē report properly because w…Ē gb…Ēm…Ē l…õ y…õ…õ no f…õ…õ ‚ÄĒ no provoke o ‚ÄĒ na Nhyira enyemi fio o."
51,"Ofain…õ, b…Ē…Ē ebaa Dansoman ha, eny…Ē shi ye. Mi jiman…Ē Araba, ots…õ kpee k…õ market f…õ…õ bii, tipper truck bi h…õ eni, ebumo baafu. Eni gboo ya m…Ē…Ē, ni hii eni k…õ eny…õ bi tee gboo ani sh…õ…õ o ‚ÄĒ k…õ eny…õ bi t…õ…õ eni gboo ani o. K…õ eni oni le, osh…õ…õ okw…õ. Miiy…õ Vida, mib…Ē eni ha shiwo, y…õ l…õ boa ‚ÄĒ y…õ ny…õ ny…õ sabe s…Ē bone bi w…Ē fracture k…õ eny…õ o. Ofain…õ, fr…õ ambulance maa y…õ ha."
52,"Ofain…õ, b…Ē…Ē k…õ ni shi k…õ la Sunyani ha, mi hii bo mi b…Ē…Ē. Minute d…õbi ‚ÄĒ Ňčsh…ĒŇč dz…õŇč ‚ÄĒ w…Ēn y…õ Appiah, obumo shi nshi, y…õ oshi le ts…Ē hii af…Ē. M…õhe mii sh…Ē naa oshi k…õ t…õŇč la, mii nii ye efi nshi. Woy…õ efi nshi shi, eni m…Ē gb…õ p…õp…õ…õp…õ ‚ÄĒ enyemi le y…õ, enim…Ē gb…õ k…õ…õ. Appiah eh…Ēm…Ē le, la h…Ēm…Ē ko ni…õŇč, enim…Ē t…õŇč…õŇč ‚ÄĒ wony…õ eyi Appiah, enim…Ē f…õ…õ. Shi ni gb…Ē…Ē ni ‚ÄĒ shi ni gb…Ē…Ē ni l…õ nmi le k…õ…õ, l…õ sh…ĒŇč l…õ, chale, ehii mi. Ofain…õ fr…õ ambulance mli mli ‚ÄĒ obl…õ yi l…õ ni shi t…õŇč. Mi y…õ Maame, mi le ha f…õ Appiah ha, m…õmi ye w…Ēn bo. Mli mli, bo mi!"
53,"Ofain…õ, b…Ē…Ē shi ni…Ē am…õ k…õk…õ le Bawku. Emi neighbor d…õbi, Adjoa, obumo f…õ…õ mango tree k…õ bo ofan…Ē ni eshi…õ ha, ehhh, oshi ny…õ k…õk…õ o. ∆Üni gb…Ē twisi k…õ…õ wrong way k…õk…õ, na oni hii shi k…õk…õ, na …Ētiti move őĶi o. Mii nye Emefa, mits…õ next door, na …Ēni maŇč le ha o, emi Ňč ye ni fr…õ. Ofain…õ, y…õhia help fast chale, d…õbi ni hii shi k…õk…õ."
54,"H…õloo, me din bi Ramatu. Mifra shikpon k…õ b…Ē…Ē bi n…õ eko Tamale-Yendi kpee ji, k…ĒŇč Savelugu fee fee. Obaabi d…õ Asare ‚ÄĒ obi ny…õ obl…õ bi ‚ÄĒ …õ…õ, ony…õ w…Ē ji kaa gb…Ē…Ē ji shwee grain sacks tsoo truck ji l…õ k…õ kpee t…õ…õ, na sack k…õ…õ ebumo ejeŇč oye ‚ÄĒ eeye, ewui gb…Ē…Ē ji fee fee k…õ force. Chale, gb…Ē…Ē l…õ bi n…õ hihi ni. K…õ…õ oni le, ony…õ w…Ē shikp…ĒŇč oo, k…õ…õ obi y…õ ni ribs ji hiihii ni oo, k…õ h…Ēm…Ē l…õ ay…Ē ni bi oyaŇč w…Ē y…õ. M…õbo w…Ē kpee t…õ…õ na manya ni w…Ē niŇč, na w…Ē bii mi mafr…õ fr…õ k…õ m…õshiishii. Ofain…õ, fr…õ ambulance y…õ w…Ē fee fee."
55,"Ofain…õ, accident bi ehii Ňč y…õ Cape Coast ha. Mi h…õ mli dz…õ mli obl…õ, Afia ‚ÄĒ kaa OA taxi bi ebua Ňč kpee ni, kpakpa market k…õ. Obl…õ bi ye d…õbi k…õ, eh…õ seventeen oshiŇč oshiŇč. Knock bi ny…õ strong paa o ‚ÄĒ Ňčm…õi ni k…ĒŇč k…ĒŇč ehii Ňč k…õ, shwe kakra etsotso Ňčm…õi ni b…Ē…Ē, naŇč Afia oni le k…õ oye kasa. MiŇč y…õ Alhassan ‚ÄĒ mif…õ fr…õ shikpon ei Ňč ei Ňčm…õ y…õ Afia maŇč k…õ w…Ēn shikp…ĒŇč ha bi, naŇč w…ĒŇč hei kaa bi w…Ē t…Ē clinic k…õ."
56,"H…õloo, boa mi! Boa mi chale, ni serious paa! Nua mi Asante, kaa bumo Ňč shi kpee ha Dormaa Ahenkro, close to main road no. Ehii ni serious paa chale. ∆Ün…Ē young guy, maybe nineteen or twenty, na gboo Ňč ehii Ňč k…õk…õ ‚ÄĒ en…Ē fracture paa, na shwe etsotso Ňč pajojo. Mii Nii, mits…Ē Ňč ji joo, na niibi dumo ha, b…Ē eŇčm…Ē ny…õ ni boa Ňč. Ofain…õ, boa mi swift paa! ∆Ün…Ē t…ĒŇč gboo Ňč sh…Ē o ‚ÄĒ ni ehii Ňč k…õk…õ chale. Fr…õ ambulance shi ji joo! Boa mi!"
57,"H…õloo, ofain…õ. Me din ne Kofi ‚ÄĒ m…õ bi Ofori, obu…Ēmo ni afternoon afei, y…õni compound shi k…õ Tamale. ∆Ühii k…õ cooking fire ‚ÄĒ hot water et…Ēt…Ē Ňč, obu…Ēmo Ňč gb…Ē…Ē k…õ shi area. Enye serious paaa ‚ÄĒ skin Ňč eji p…õp…õ red, k…õ ni hii kakra. D…õbi no oyemi le, …Ēts…Ē…Ēm…Ē fine, k…õ …Ēyi too too Ňč tso. Mew…Ē l…õ m…õk…õ fr…õ k…õ naŇč ‚ÄĒ y…õni bring Ňč hospital, abi y…õtumi treat Ňč y…õni fie? Boa mi, chale."
58,"Ofain…õ, mifra l…õ shikpon k…õ report b…Ē…Ē l…õ ni esii f…õ…õ ha Nalerigu. Mits…ĒŇč Mensah, mib…Ē neighbor ni ofoi m…Ēk…Ē. W…Ēn d…õbi ba l…õ, Elinam, obumo naagbee ‚ÄĒ obl…õ l…õ ‚ÄĒ osh…õ egb…Ē k…õ gboo l…õ ehii n…Ē ‚ÄĒ mishi ny…õ k…õk…õ which one, k…õ osh…õ etam ni ocry kakra. En…Ē naa serious denn, wound big bi mli o, k…õ b…Ē…Ē shishi ba l…õ p…õ…õ w…Ēn baa report just in case. Oni le k…õ…õ naa, k…õ osh…õ et…õŇč…õ kakra."
59,"H…õloo, ofain…õ boa mi ‚ÄĒ grandfather mi, Nii Laryea, fire k…õ no Ňč saa Ňč t…Ē…Ē. Ňä bie …õ, …Ēhii Ňč k…õ fire hi…õ Ňč Zebilla. ∆Üy…õ Ňč ji Ňč dz…õ…õ fire k…õt…õ n…Ē, na Ňč nt…õ…õ k…õ flame, ehi Ňč gb…Ē…Ē k…õ shi ji. Mi y…õ Felicia, mii fr…õ Ňč. ∆Ü y…õ gb…Ēm…Ē, …õn…õ…õ ni mii tsui Ňč naanaa ‚ÄĒ …õŇčk…õ k…õ fire hi…õ Ňč …õnaanaa, skin ets…Ē…Ē Ňč, k…õ blisters le hi…õ Ňč. Ofain…õ ‚ÄĒ ni mii bi, hana m…õ…õ y…õ n…Ē bo Ňč baahi, ebi m…õ…õ k…õ Ňč k…õ hospital?"
60,"Ofain…õ, mits…Ē mli report b…Ē y…õ Cape Coast. Ňä nephew Boateng ‚ÄĒ nineteen years oko w…Ē ‚ÄĒ ots…Ē obua k…õ cross drainage channel bi f…õ kpee f…õ Ňč, shikpon ni flood f…õ rain f…õ t…Ē…Ē, ne oshuu ne ebumo bo Ňč shi. Nn…õ w…Ē bi f…õ Ňč gbor…Ē ni k…õ twe no mli akp…õ…õ, Ny…ĒŇčm…Ē ak…õ eny…õ. Oni le, ofo k…õ y…õnii, naa Ňč gb…Ē ni hurt w…Ē bii ni w…Ē ts…Ē twe no mli ‚ÄĒ ni bl…Ē…Ēm ebe ne ehii no. Me nye Alhassan, mele k…õ Ňč s…ĒŇč, Ňčm…õn…õ obi bi fr…õ obua ne check no kakra agbaa?"
61,"Ofain…õ, mew…Ē bii report k…õ osh…Ē Cape Coast-Elmina road Ňč. OjugbaŇčŇč bi, w…Ēfr…õ wo Memunatu, …Ēs…ĒŇč bicycle k…õ kpee f…õ…õ Ňč, n…õ kaa bi w…Ē ji ebu…õ ets…Ē…Ē eha ehii wo gb…Ē Ňčm…õ, n…õ obumo k…õ eny…õ nyi…õ. Obumo gb…Ē Ňč ‚ÄĒ gb…Ē he m…Ē aweni ko, n…õ etsi gb…Ē he f…õ…õ o. Mii ny…õ Baffour, mibu…õ ets…Ē…Ē m…õi kpee Ňč, n…õ mi h…õ…õ gb…Ē…Ē oshi ny…ĒŇč. Ofain…õ, boa mi fr…õ ambulance shi faa eny…õ nyi…õ ‚ÄĒ ehii wo k…õ en…Ē ny…õ serious p…õ…õ."
62,"Ofain…õ, b…Ē…Ē bi…Ē ak…õ Ashiaman h…õ…õ y…õ k…õ m…õ f…õ report Ňčm…õi. Mi j…õk…õ Abubakar ‚ÄĒ m…Ē n…ĒŇčm…Ē ‚ÄĒ n…Ēk…Ē nibii ek…õ eny…õ Ňč l…õ, mli ebu…Ē ni shi eny…õ gb…Ē w…Ē ‚ÄĒ gb…Ē l…õ…Ē ebuu k…õ ony…õ…õ tumi b…Ē shi gb…ĒŇč. M…õh…õ Mensah, m…õ te shia y…õ…õ k…õk…õ, k…õ m…õh…õ ak…õ b…Ē…Ē n…õ bi ek…õ…õ shiaŇč. Ehii ni shi gb…Ē w…Ē l…õ, shik…õ oni le k…õ ekasa b…Ē…Ē ‚ÄĒ eny…õ ak…õ obumo gb…õ oo. Chale, y…õ hi…õ m…Ē ni b…õ y…õ h…õ…õ boa ni, …õn…õ y…õ b…õ nu ak…õ y…õ n…õ ni ye."
63,"Ofain…õ, something happen w…Ē Goaso ha, mi ny…õ report. Mi din ny…õ Ofori ‚ÄĒ mi fr…õ fr…õ ni shia ni obl…õ Naa Dedei. Aboboyaa bu…Ē mo w…Ē kpee, ebumo gboi. Oni le, eŇčm…Ē k…õ eheem…Ē Ňčm…õi ni hii mo, k…õ ets…Ē…Ē small small. Eny…õ serious k…õk…õ o, k…õ chale, omo kpaa boa ‚ÄĒ eny…õ able ni faa Ňč k…Ēl…Ē well o."
64,"Chale, d…õbi bi Amoah mi bo mi work around the house w…Ē Yendi, na gb…Ē bi ehii ‚ÄĒ tool w…Ē y…õ use ooo, eshwe ni obumo small cut. Enye deep paaa, wound kakra p…õ…õ, boa shwe etsotso w…Ē ni slow down already. Eoni le, enye wahala paaa, scared kakra p…õ…õ. Mi din Edem ‚ÄĒ mi h…õ report am properly ni. Ony…õ ko bad paaa, boa Amoah oshi le."
65,"Ofain…õ, mib…Ē call ni Muntari, mi nephew, fire ehii no ‚ÄĒ mi nim worry paa ni oshie. Y…õ bii Kintampo k…õ, kpee shi n…ĒŇč Kumasi fee, na ehia ‚ÄĒ obe help k…õ shishi n…ĒŇč, na fire ek…Ē ono gb…Ē…Ē k…õ shi shi. Obl…õ d…õbi, years shia sixteen, na skin ni gb…Ē…Ē k…õ shi ‚ÄĒ en…ĒŇč f…õ…õ paa, red k…õ blisters eba, chale en…ĒŇč f…õ…õ paa. Mpo Ny…ĒŇčm…Ē shia, oni le, ona kasa. Mii Esi, oni auntie, mibii oshie n…ĒŇč, mpo y…õ hia sabi shishi to do before y…õ tumi faa hospital."
66,"H…õloo, me din bi Dzifa. Mifre l…õ ak…õ obl…õ bi y…õ ni Cape Coast. Naa y…õ tailor shop bi ni, eye w…Ē sewing machine ni w…Ē b…õ hew…Ē, ne gb…Ē bl…õ…õ shi sewing machine l…õ ni, needle k…õ gb…Ē-ny…ĒŇč bi gb…õ etso. Shwe etsotso, eny…õ bebree o ‚ÄĒ eny…õ kakra, eye Naa oni le, eny…õ shishi loo, Ňčma shishi dani kakra l…õ ak…õ ofi…Ē. Y…õde cloth bi at…Ē ni so, nye y…õp…õ ni y…õhŇ© s…õ …Ēhia oba hospital anaa clinic bi ni, na w…Ē clean w…Ē dress wound l…õ y…õy…õ, ak…õ wound l…õ ko f…õ…õ."
67,"Ofain…õ, m…õ sh…õ accident report mli ‚ÄĒ accident bi ew…Ē af…õ ha Suhum. M…õ ji…Ē Asante, gb…Ēm…Ē bi, aboboyaa bi ek…Ē ehi Ňčm…õi kpee sh…õ ni hewal…õ. Aboboyaa bi ebii ni gb…Ē…Ē mli k…õ shi n…Ē…Ē, ni ebumo kas…õkas…õ f…õ…õ. Ramatu Ňč dzii ‚ÄĒ m…õ Ňčm…õ…õ fr…õ fr…õ ‚ÄĒ m…õ b…õ ni shia le ahe ni ebumo naa, m…õ k…õ bo ni j…õk…õ kpee n…Ē…Ē. Eny…õ gb…Ēm…Ē ni oni le k…õ ebaa y…õ y…õ, Ňč b…Ē ehii ni, noko eny…õ k…õ at…Ē…Ē wo ji, k…õ ots…õ doctor bi hu ni."
68,"Ofain…õ, chale, m…õ b…õ report b…Ē ni ehii kroŇč k…õ gb…Ēm…Ē k…õ Yendi. Emi naabor…Ē Asare ‚ÄĒ oye gb…Ēm…Ē p…õp…õ…õp…õ ‚ÄĒ onipa bi b…õ d…õ obu…Ē ni osh…Ē le …Ēman ‚ÄĒ w…Ēbuaa ne gb…Ē y…õy…õ hu, na ts…õke ne gb…Ē f…õf…õ…õf…õ noko le swollen. Miiye Owusu, m…õ tso ne shishi, na mgbe m…õy…õ…õ ewiemfo no, m…õfiri h…Ē b…õhuu de…õ ebe…õ. ∆Ünhw…õ s…õ …Ēb…õwu, na ne gb…Ē no ehii ne p…õp…õ…õp…õ y…õy…õ ‚ÄĒ …Ēntumi …Ēnsane ne gb…Ē o. Ofain…õ, y…õhia onipa bi b…õba boa no, anaa m…Ē k…õ y…õ ni shia kpee l…õ d…Ē…ĒŇč."
69,"H…õloo, mi ny…õ Dela. Mib…Ē fr…õ fr…õ ji accident bi shi Cape Coast ni ehia. Okpanyo bi, w…Ēfr…õ no Kpodo, trotro bi bumo no kpee ji ‚ÄĒ enim…Ē le, oni le, ebe kasa, nibii. Ehii no shi no gboo ‚ÄĒ gboo ni eswia, y…õ eno k…õ ehii no teee. Eshi no, enim…Ē gb…õ o ‚ÄĒ oni le, ebe kasa shi. Y…õ k…õ bo no faa kpee agbaa ji, n…ĒŇč bi le shiaa ne no. Ofain…õ, boa mi ‚ÄĒ n…ĒŇč y…õ ny…õ ts…ĒŇč baŇč? Ebl…õ no naŇč hospital, wala? Chale, y…õ hia help teee."
70,"Ofain…õ, mib…Ē phone ni hewal…õ …õy…õ shi Takoradi market area. Me din bi Hamza, na me nua obl…õ Yakubu ‚ÄĒ obumo k…õ ej…õ market stall f…õ…õ. Obi Ňčm…õi f…õ…õ ground la, n…ĒŇč oshi wo oni le ‚ÄĒ enim…Ē gb…õ o. Ni hii mli k…õk…õ mli Ňčm…õi ak…Ē shi, n…ĒŇč …õny…õ serious. Chale, y…õb…Ē phone jebu…Ē ni hewal…õ shikpon."
71,"Ofain…õ, mif…õ report accident bi Ňč happen f…õ Navrongo. Mii y…õ Muntari, mi fr…õ fr…õ Ňč mi neighbor Asare ‚ÄĒ shared taxi bi knock no kpee Ňč, en…Ē bi o. Onyimi le, eni serious o, gboo bi hurt no ni ehii no f…õ he. Y…õ l…õl…õ ni maybe cut anaa bruise no, nothing broken, gb…õ…õ y…õf…õ make sure ni doctor check no well well."
72,"Ofain…õ, mits…Ē phone fr…õ fr…õ shikpon accident bi b…Ē ha Hohoe. Y…õ naaŇč Maame ‚ÄĒ obl…õ bi ‚ÄĒ articulated truck bi b…Ē mo ni ek…õ kpee nuŇč, ebumo ko y…õ hewal…õ. Ni hii ji w…Ē ny…õ Ňčm…õi k…õ Ňčm…õi gb…Ē…Ē f…õ…õ ‚ÄĒ oni le, k…õ eny…õ mli ehii ni, k…õ enyami Ňčm…õi f…õ…õ o. Kweku na mle ni, mits…Ē ni w…Ē k…õ y…õ. Boa mi, chale ‚ÄĒ y…õ tsee ni y…õ nni etse eni bumo o, eny…õ shia."
73,"Ofain…õ, me p…õ sane ke eny…õ bii sane eba ‚ÄĒ obl…õ baako eko Mankessim k…õ, kpee Kumasi-Cape Coast kpee l…õ shishi. Mii dzin Vida, k…õ obl…õ l…õ dzin Abubakar ‚ÄĒ eni ak…õ fifteen abi sixteen years old. Obumo ni w…Ē…Ē k…õ kpee shishi l…õ ‚ÄĒ mishi ke edaa drainage channel abi sane biaa b…õy…õ h…õ…õ ‚ÄĒ ok…õ aba faako before ni w…Ēl…Ēi gb…õ…õ l…õ ts…Ē…Ē ooo. Oni h…Ēm…Ē le n…õ, Ny…ĒŇčm…Ē na eny…õ shia, k…õ ni w…Ē…Ē ts…Ē…Ē ee, ogb…Ē l…õ hii ‚ÄĒ esumo k…õ eni gbaa ni ob…õ too ee, ni eyii le biaa ehii. Y…õ p…õ ke doctor biaa eba k…õ check o p…õp…õ…õp…õ ‚ÄĒ obl…õ l…õ shakeshake k…Ēm…Ē lee n…õ."
74,"Ofain…õ, something happen for Takoradi-Cape Coast highway, close to Anomabo. Obi kp…Ē…Ē biaa wei, Selorm, kaa sumo Ňč ‚ÄĒ mi l…õ eni years eighteen or so. Ňäm…õi ne Ňčm…õi-bii f…õ…õ ehii mi nu kpee year obumo, ne shwe etsotso Ňčm…õi p…õ, shikpon eni h…Ēm…Ē Ňč ne ebi kasa k…õk…õ. Mii nye Akosua ‚ÄĒ mi l…õ mi ye dzii Ňč, accidents happen, ne n…ĒŇč biikp…Ē…Ē fei kuu ni le Ňč ak…õ. Boa mi! Y…õ j…ĒgbaŇčŇč mli nu, obl…õ wei hia doctor ko ka."
75,"H…õloo, y…õ dz…õ mi ny…õ Maame. Mifra fr…õ osh…Ē ni mli eko t…õ ‚ÄĒ ni ehii gb…Ēm…Ē bi ok…õ Kintampo, ak…õ kpee ni eko Tamale. EŇč dz…õ Wiredu. Nibii eko, nits…Ē ni amli gbeke ‚ÄĒ enw…Ē ni ehii l…õ gb…Ē…Ē ‚ÄĒ enw…Ē Ňčm…õi ni gbeke, enw…Ē eŇč gbeke aswaa. Gb…Ēm…Ē l…õ, eny…õ mi ‚ÄĒ oni b…Ē w…Ē shia l…õ Ňč, ebem…Ē le k…õ ebumo ak…õ shia l…õ. Shwe etsotso Ňčm…õi ni ‚ÄĒ shwe etsotso ni gbeke. Ofain…õ, ni hii l…õ ehii gb…õ ‚ÄĒ ony…õ mi ehii o, oboa ni mli eko k…õk…õ w…Ē p…õ, ts…Ē ni amli bo eko ni ni gbem…Ē gb…õ…Ē."
76,"H…õloo, mi ny…õ Fuseini. Ofain…õ, accident bi h…õ…õ Takoradi-Cape Coast highway shi, Anomabo k…õ shi. Gb…Ēm…Ē bi, Owusu, kaa bi bumo no k…õ ebumo w…Ē kpee shi kojojo. Eni tse sh…õk…õ gboo an…Ē gb…Ē bi hii no, efee eniy…õ enihe Ňč w…Ē n…Ē f…õ…õ ‚ÄĒ ni hii no naŇčŇč. Owo le k…õ etse k…õ ets…Ē…Ē y…õ…õmi obl…õ n…Ē, k…õ eb…Ē ehii no kojojo, k…õ oniŇč le k…õ etse w…Ē k…õ ets…Ē…Ē y…õ…õmi. M…õ gb…õ no kpee shi, k…õ nii bi b…õ le k…õ no ni, shikpon. Chale, boa mi ‚ÄĒ ambulance ny…õ t…õ aba nt…õ…õ. Ofain…õ!"
77,"H…õloo, ofain…õ boa mi. Mii bii Kofi na accident ehii Ňč w…Ē Takoradi-Cape Coast highway k…õ Anomabo faahe. Mii y…õ ni naŇč, ni name y…õ Elinam. Kaa bi hii Ňč w…Ē kpee faahe ‚ÄĒ oba y…õ d…õbi, maybe sixteen years ‚ÄĒ ebumo k…õ ni gb…Ē…Ē k…õ ni shi faahe ehii Ňč. Eny…õ serious condition o, oni le k…õ eh…Ē shiŇčŇč, j…õi ehii ni kakra. Maa j…õ fr…õ report la. Y…õ t…ĒŇč w…Ē accident place …õnn…õ."
78,"Ofain…õ, b…Ē esh…Ē Ňč Techiman yi mli, mi hia bo. Mi ny…õŇč Efua, mi fr…õ fr…õ …Ēfaat…õ mi Yaw t…ĒŇč ‚ÄĒ ebumo kpee ni dz…Ē Ňč oshishi yi mli, y…õ ebi Ňčm…õi wumo shi t…õt…õ. Oni le, shikpon ehi ehii mi gb…Ēk…õŇč, y…õ en…Ēk…õ confuse k…õ. MiiŇč hia ni bi oshishi k…õ akp…õ, chale ‚ÄĒ ni ny…õ Yaw ony…õ onii k…õ le w…Ē."
79,"Ofain…õ, m…õ p…õ k…õ m…õ t…õ oshi…õ bi shi d…õbi bi Kpodo y…õ, Ňč y…õ w…Ē y…õ fie shi k…õ Bolgatanga. Obl…õ no ebumo ‚ÄĒ minti shi ni eb…õ p…õ k…õ ets…Ē eb…Ē j…õ h…õ…õ ‚ÄĒ ebumo faa l…õ ak…õ gb…Ē y…õ. Gb…Ē no ekp…õkp…õ n…Ē y…õ, ak…õ …Ēy…õ ni ehii ni hii w…Ē l…õk…õ, k…õ …Ēni le ‚ÄĒ oni le ak…õ okasa. Obl…õ y…õ d…õbi k…õk…õ, Ňč t…ĒŇč mli bii ni k…ĒŇč shie fifteen, ak…õ shwe mli lo mi ni gb…Ē no ekp…õkp…õ ‚ÄĒ ekp…õkp…õ no eny…õ le o. Ofain…õ, obibi osa boa mi w…Ē, kana boa mi? Kana t…õ…õ mi ni m…õ y…õ shi?"
80,"Ofain…õ, m…õ b…õ report b…Ē…Ē shi ni w…Ē ye Techiman ni. Neighbor w…Ē mi, Mensah, gb…Ēm…Ē bi Ňč ‚ÄĒ oye work bi, m…õ su…Ē ni oshwi b…Ē…Ē bi k…õ oye farm work bi ‚ÄĒ n…õ ogb…Ē ehii, gb…Ē w…Ē Ňč k…õ gb…Ē w…Ē Ňč k…ĒŇč, m…õ ny…õ exactly o. Amoah w…Ē din w…Ē mi, m√≠√≠ fr…õ. Cut Ňč en…Ē serious n…Ē o ‚ÄĒ cut bi kpakpa Ňč, n…õ okpe shwaa h…õ…õ. K…õ shikpon gb…Ēm…Ē, w…Ē y…õ ni …õs…õ w…Ē fr…õ. Oni le n…õ or…õst shwaa, k…õ w…Ē p…õ…õ ny…õ: …õs…õ oba hospital bi, k…õ w…Ē tumi clean Ňč w…Ē fi k…õ?"
81,"H…õloo, boa mi! D…õbi bi ‚ÄĒ Mawuli, m…õ ba ‚ÄĒ pragyia bumo no afternoon yi Hohoe-Jasikan kpee dz…õ. Motor n…Ē bumo no, …õbumo f…õ…õ, na ni hii Ňč gb…Ē ‚ÄĒ …Ēhii na …Ēsh…õ gb…Ē no, k…õ onyemi le, fingers n…Ē tumi yio small small. Miin…Ē Boateng, m…õ si Ňč papa. Ofain…õ, y…õ fr…õ ats…õ obi mli h…õ bi, ebi check no ‚ÄĒ nawotso obl…õ oni le, mi ny…õ hu ats…õ y…õ b…Ē chances d…õbi dz…õ. Boa mi chale, fr…õ ambulance bi mli shi!"
82,"Ofain…õ, mif…õ report b…Ē…Ē shi k…õ ehi…õ Wa Central. Mi neighbor bi d…õbi, Amoah, aboboyaa bumo no kpee h…õ…õ ‚ÄĒ eny…õ too long ago. Obl…õ no eny…õ young man, maybe eighteen abi nineteen years, na ni gboo ehii no w…Ē accident h…õ…õ ‚ÄĒ esw…õ…õ na oni gbi t…Ē…ĒŇč k…õ gboo no hw…õ. Enim…Ē gb…õ o ‚ÄĒ onyemi le ‚ÄĒ n…õ…õ ehii ni w…Ē shi, ehii ni w…Ē gboo, na m…õ…õ worri nn…Ē p…õp…õ. Mi name eny…õ Fatima, na mif…õ shi k…õ onipa bi bi shi boa mi abi m…õ shi…õ b…Ē…Ē t…õ…õ m…õ s…Ē. Ofain…õ, fr…õ ambulance bi bi shi!"
83,"H…õloo, mi ny…õ Nhyira. Mifra obl…õ bo ts…Ē…Ē shi naŇč eny…õ Takoradi market area shikpon. Gb…Ēm…Ē bi, Fuseini, boys kakra f…õ…õ n…Ē attack ‚ÄĒ w…Ēbu n…Ē push, w…Ēku n…Ē, ebumo. N…Ē gb…Ē ehii n…Ē w…Ē fall bii l…õ, noko enim…Ē le, enyo too serious o ‚ÄĒ swelling kakra b…Ē cut kakra eko. Onipa bi w…Ē k…õ…õ n…Ē ba f…õ…õ oshi, oni resting ab…Ē…Ē. Noko chale, gb…Ēm…Ē l…õ, mihu n…Ē worry, ey…õ naan…Ē mifra."
84,"H…õloo, ofain…õ ‚ÄĒ mifra l…õ accident bi k…õ osh…Ē Accra-Cape Coast road l…õ, somewhere Winneba side h…õ. Minaawe Akua, ots…Ē trotro bi, kaa bi bumo gb…õ ‚ÄĒ ehii ni, k…õ ogboo h…õ. Ogboo ni swollen k…õ otsi f…õ gboo l…õ y…õ o. Obii obl…õ, maybe nineteen years, k…õ w…Ēni as…õ roadside l…õ h…õ, n…ĒŇč boa ni osh…Ē. MiŇč Nii ‚ÄĒ mib…õ l…õ ni osh…Ē aduane, n…ĒŇč…Ē mifra ak…õ …õn…õ w…Ē, otsia oshi nii, n…ĒŇč b…õ attend to ni. Ofain…õ, fr…õ ambulance mli b…õ osh…Ē h…õ."
85,"Ofain…õ, mehe b…Ē report ni y…õ le Hohoe-Jasikan road k…õ. Mi din bi Efua, eŇč obl…õ din bi Ibrahim ‚ÄĒ oba ko, teenager ko. Shikpon ehii ni ‚ÄĒ neck area ni, k…õ enim…Ē too serious o, shikpon red red n…Ē k…õ blister k…õk…õ bi le Ňč. Y…õ susu Ňč eni fi liquid hot bi ni k…õ Ňč. Oni le k…õ otumi kasa, k…õ y…õ p…õ doctor aba l…õ check Ňč w…Ē f…õf…õ."
86,"H…õloo! Boa mi! Boa mi! Grandma w…Ē, Gifty, kaa bumo ni Tarkwa, h…õ…õ fie w…Ē shishi. Ogb…Ēm…Ē ni, na kaa bumo ni ehii ni toobi ‚ÄĒ gboo w…Ē breakmo na shwe etsotso p…õ…õp…õ…õ, too many. Mii ny…õ Kwabena, omi grands…ĒŇč. Ojekoo, enyemi ok…Ē o ‚ÄĒ otsitsimi na ehii ni ewiem…Ē shi, y…õ s…Ē…Ē ni toobi. Ofain…õ, fr…õ ambulance yi shi! K…õ bo mii!"
87,"Ofain…õ, m…õ fr…õ …õn…õ …õf…õ s…õ mi man…Ē Alhassan, accident bu…õ ni kpee dz…õ …õn…õ. ∆Ü l…õ …Ē gb…Ē shi Darkuman ha k…õ OA taxi bu…õ ni gb…Ē Ňč kakra ‚ÄĒ Onyame d…ĒŇč, …õy…õ no serious ama. Gb…Ē Ňč ehii ni Ňč kakra, k…õ cut bi le …õha, shikpon …Ē ts…Ē…Ē le k…õ …Ē tsa tsa y…õ no k…õ …Ēni le. MiiŇč n…Ē…Ē le …Ē room Ňč k…õ Ňč. Ofain…õ, m…õ ‚ÄĒ Elinam ‚ÄĒ m…õ bii s…õ m…õ ny…õ n…Ē ehi…õ ny…õ d…õŇč obu…õ ni, s…õ …Ēf…õ …Ē k…õ clinic ha."
88,"H…õloo, mits…Ē Ramatu, mi fr…õ fr…õ afi k…õ b…Ē…Ē bi ets…Ē Adjoa, ab…Ē Techiman, Kumasi-Sunyani road k…õ shi. Kpee n…Ē…Ē shi, as…Ē bi le, na obumo ats…Ē ni ji ‚ÄĒ oye ji na…Ē shi ye ts…Ē…Ē, afi k…õ nud…Ē…Ē l…õ b…Ē shi k…õ k…Ē ohe am…õ gb…õiŇč ye le. Oyiwala Ny…ĒŇčm…Ē, oni…Ēm…Ē le k…õ jooji ‚ÄĒ onyemi le, eni h…Ēm…Ē jooji. ∆źba, Ňčm…õi ehii no k…õ susu, na ni fai bi ehii no. Enye aw…Ē t…õ mli, oyimi le k…õ kasa k…õ shishi ‚ÄĒ …õba, miye hewal…Ē, chale, na mib…Ē…Ē fr…õ fr…õ k…õ shiak…Ē: ots…Ē doctor bi hia?"
89,"Ofain…õ, something happen for Tamale-Bolgatanga road, around Walewale area. D…õbi bi, Agyeman, nits…õ Ňčm…õi k…õ nk…ĒŇč ‚ÄĒ obiaa l…õ sane bubu Ňč w…Ē. Mii, Amankwah, mib…Ē kpee l…õ, miny…õ ehii Ňč naan…Ē mi da eha. Oni le k…õ okasa kakra kakra, k…õ nk…ĒŇč f…õ…õ l…õ shi shi fee, k…õ ehii ni hii Ňč w…Ē y…õ. Chale, y…õhi…õ obiaa bi obi wa ‚ÄĒ boabi oshishi mia ta Ňč l…õ k…õ speed."
90,"Ofain…õ, b…Ē…Ē k…õ ni ny…ĒŇč w…Ē osh…Ē ko ye obl…õ bi ni ohe. MiŇč dz…õŇč ny…õ Afia, mifi…õ d…õbi ko Ňč dz…õŇč ny…õ Adjei ‚ÄĒ …Ēh…õ ak…Ē w…Ē, machine bi k…õ …Ēgb…Ē, egbi s…õ s…õ, shwe etsotso pii pii. M…õh…õ Axim road, Half Assini k…õ. Obl…õ bi ehii …Ēgb…Ē noŇčŇč s…õŇč, m…õsh…õ hu ‚ÄĒ ofain…õ, fr…õ ambulance mli mli, kakra o, because …Ēgb…Ē bi eba s…õ s…õ, ehii s…õŇč."
91,"H…õloo, ofain…õ boa mi ‚ÄĒ d…õbi bi, Agyeman, …Ēy…õ work construction site Tumu h…õ, n…õ something heavy bumo no ni k…õ ehii ni gb…Ē…Ē k…õ shi. Obl…õ bi ye, …Ēha m…Ē afe ahe ye mli ‚ÄĒ m…Ē m…Ē nineteen years ‚ÄĒ …õni ehii no k…õ…õ, k…õ …Ēni le, …Ēk…õ y…õ aŇčm…õ…Ē. Mii ny…õ Patience, ni ni ‚ÄĒ coworkers no fr…õ mi ni ets…Ē…Ē. ∆Ük…õ b…Ē…Ē ni ni gb…Ē…Ē ehii no k…õ…õ k…õ…õ shi …Ēh…Ēm…Ē mli, k…õ shwe etsotso o ‚ÄĒ cuts ye o, k…õ shwe nii o. K…õ chale, mits…õ ni sth broken le …Ē mli o, mits…õ o. Ofain…õ fr…õ ambulance maa shi h…õ, abi b…Ē m…Ē y…õ shiaŇč ‚ÄĒ mits…õ y…õ …Ē m…ĒŇč o. Boa mi, ofain…õ!"
92,"Ofain…õ, m…õ bii shikpon k…õ wiem…Ē bi eko n…Ē mi ny…õ Kwame. Kwame, oha ashi k…õ afe dukon…Ē n…Ē ‚ÄĒ afe nineteen ‚ÄĒ eye oshi wiemo k…õ construction site bi, Accra-Cape Coast road f…õ…õ, Winneba k…õ. Oshie le eŇč…õ, somethin bumo k…õ Ňč gb…Ē. Ni hii Ňč, ni ebi, ‚ÄĒ gb…Ē hii Ňč ‚ÄĒ k…õ obi y…õ move Ňč small small, so y…õ mli he su…Ē ke ni serious ni k…õ. Mii y…õ Ofori. M…õ h…Ē…Ē ni mli shwane ‚ÄĒ ebi ni Kwame man k…Ē clinic, anaabi y…õ tumi manage Ňč k…õ fie?"
93,"Ofain…õ, mif…õ report biaa shi oshie Tumu ha. Neighbor mi Nii ebumo shi compound ‚ÄĒ eslip ebumo Ňčm…õi shi ground. Oni le, oshits…Ē k…õ ots…õ, k…õ cut keteke bi le Ňč ni gboo-Ňčm…õi area k…õ ehii ni le ha. Mii Ibrahim, mib…õ straight next door, k…õ mibaa check Ňč shikpon mi wuli…Ē noise oo. Y…õmiŇč le s…õ eni serious koraa, k…õ y…õf…õ oshie s…õ onu…Ē bi advise y…õ s…õ y…õny…õ ade…õ Ňč naaa."
94,"H…õloo, mi din bo Sulemana. Mifra fr…õ sh…õ mi neighbor, gb…Ēm…Ē bi w…Ē din bo Baffour. Accident ya ne Ňč kaa bi, eh…õ Asokwa k…õ shi y…õ ni h…õ…õ. W…Ē Ňčmaane ne Ňč fie, Ňč gb…Ē d…ĒŇč Ňč gb…Ē…Ē k…õ Ňč faa. Enim…Ē serious paaa o ‚ÄĒ shwe etsotso o, eŇč naak…õ baabi le ‚ÄĒ k…õ Ňč shi k…õ Ňč rib baabi ehii ne Ňč. Gb…Ēm…Ē ni Ňč, chale, y…õ p…õ sh…õ y…õ ny…õ sure sh…õ Ňč le fine."
95,"H…õloo, mii ny…õ Akua. Mifr…õ because something bad happen d…õbi baaba f…õ ha. Oyi w…Ē Afia, ehe mli years fifteen aba sixteen ‚ÄĒ fire burn no g…Ē Ňč, ni happen Ňčm…õi mli k…õ neck area. Y…õ f…õ Bolgatanga-Bawku road, close Navrongo side. Burn no ye k…õ…õ ooo ‚ÄĒ skin no ye b…Ēb…Ēi f…õ he, ehii Ňč, naa otsu tsu, k…õ ehii mi ooo ‚ÄĒ k…õ Ňč oni le, osh…õ k…õ y…õ. Ojekoo, y…õ hia someone ni bi k…õ boa Ňč w…Ēw…Ē. Fr…õ ambulance bi b…Ē…Ē ha, ofain…õ!"
96,"H…õloo, ojekoo ‚ÄĒ afternoon. Chale, mihe shi b…õ mif…õ report ni y…õ w…Ē Tamale-Yendi road wei, close to Savelugu side. MiŇč Ibrahim, ni mehe k…Ē sh…ĒŇč ni mihuu obl…õ bi ‚ÄĒ Agyeman ‚ÄĒ obumo k…Ē…Ē bicycle Ňč w…Ē kpee wei. Ogboo ehii ni, noko enye serious o ‚ÄĒ oni le, otse w…Ē roadside, ni otumi shi gboo Ňč kakra kakra. Onipa bi w…Ē ne Ňč saa, noko mihe shi b…õ mif…õ make una ny…õ, yei, just in case …Ēd…Ēk…Ētaa bi ni check ni."
97,"Ofain…õ, m…õ y…õ k…õ report b…Ē…Ē shi p…õ…õ k…õ Nalerigu. Chale, Vida ‚ÄĒ mi Ňčmaafoi ‚ÄĒ …Ēh…õ…õ l…õ kpee f…õ…õ market k…ĒŇč, na …Ēbumo ‚ÄĒ pavement l…õ broken shi, na obumo k…õ…õ ankle ehii Ňč paaa. Ankle l…õ, …Ēh…õ…õ swell etsotso n…ĒŇč, na …Ētii gboo t…ĒŇč o ‚ÄĒ ankle l…õ emii Ňč weight o. N…Ēk…Ē…Ē, …Ēni le, …Ēy…õ kasa k…õ…õ fine. M…õ y…õ Elinam, mi hi…õ k…õ …Ēl…õ n…ĒŇč. Chale, y…õ sh…õ…õ ny…õ ‚ÄĒ …Ēd…õ…õ y…õ clinic anaa y…õ tumi manage Ňč shi ha?"
98,"Ofain…õ, something very serious ab…Ē shi ha, mi hia bo urgently. Mi din bi Memunatu, mi fr…õ mi fr…õ ni ehihi Nii Kwei ‚ÄĒ obumo shi nsh…ĒŇč k…õ Kete Krachi kpee ha, area k…õ Dambai kaa. Ots…Ē…Ē shi nsh…ĒŇč f…õ…õ, ke ngm…õ…õ y…õ y…õ j…õ opuomo, enim…Ē gb…õ kp…õk…õ…õ ‚ÄĒ onyemi le o w…Ē. Ni Ňčm…õi k…õ Ňčm…õi gboo n…ĒŇč ‚ÄĒ something bi wrong w…Ē. D…õbi bi obl…õ f…õ…õ, very small, ni condition y…õ bad koraa right now ‚ÄĒ y…õ suro. Ofain…õ, fr…õ ambulance ‚ÄĒ fr…õ n…ĒŇč tiŇč tiŇč ‚ÄĒ chale y…õ ny…õ shi bo no o w…Ē."
99,"Ofain…õ, m…õ b…õ report bii shishio le Oforikrom. Me din n…Ē Kwame, n…õ d…õbi din n…Ē Appiah ‚ÄĒ ony…õ mi neighbor oba, obl…õ p…õ…õ. ∆Ü Ňčm…õ construction site bi k…õ Ňčm…õi ahi shi, n…õ ebumo. Enim…Ē gb…õ o, k…õ oni le, k…õ onyemi le k…õk…õ ‚ÄĒ Ňčm…õi k…õ shi Ňčm…õi gb…ĒŇč ehi Ňč aah, chale ni worry Ňč k…õk…õ. Ehii Ňč neck ehii k…õk…õ, chale y…õ ts…Ē Ňč serious. Y…õ h…õ someone ni bi k…õ boa mi ‚ÄĒ injury yi eha l…õ o, chale. Fr…õ ambulance!"
100,"Ofain…õ, b…Ē…Ē serious shi le hi…ĒŇč mli, mi hia bo mli ha. MiŇč dz…õ Nii Laryea, mi fr…õ ats…õ n…ĒŇč Adjei dz…õŇč. Ots…Ē w…Ē kpee dz…õ Takoradi-Cape Coast highway bii, k…õ Anomabo f…õ…õ. ∆Üts…Ē construction work w…Ē shia, naa heavy equipment kpee d…Ē…Ē obumo Ňč gboo y…õ ‚ÄĒ chale, ni baa, gboo no teetee gb…õ…õ, k…õ shwe etsotso pl…õŇčŇč. Y…õ kuta b…Ē…Ē shi y…õ Ňč gboo so, y…õ hw…õ shwe etsotso no ni kp…õi, naa ehii mi d…õŇč, y…õ sh…õbii n…ĒŇč ye ats…õ n…ĒŇč. Ofain…õ, fr…õ ambulance, mli ha ha ‚ÄĒ k…õ kpee no k…õ Anomabo f…õ…õ. Mli ha ha y…õ baa!"
101,"Ofain…õ, accident bi t…Ē…Ē, mito gb…õ mi. MiŇč ye Nii Armah, mi fr…õ b…Ē Abena ‚ÄĒ chale, accident bi k…õ Ňč le Accra-Cape Coast road d…ĒŇč, Winneba k…õ shi. Kaa bi bumo trotro bi Abena naŇč le oshi, ehi Abena Ňčm…õi bumo k…õ seat bi Eba ye Ňč atwam ‚ÄĒ ni hii Ňč gb…Ē…Ē agya Ňčm…õi gb…Ē. Oni le, Ňč k…õ y…õ shikpong, k…õ Ňč gba mli le, k…õ Ňč shi le ‚ÄĒ k…õ eha Ňč, b…Ē Ňč she shee ni Ňčm…õi Ňč gb…ĒŇč ye haa. Y…õ ni le Ňč k…õ Ňč ni, k…õ y…õ bi doctor obi bo Ňč check Ňč ka ka."
102,"Ofain…õ, something happen this afternoon for Bawku road, near Zebilla. Obl…õ bi, Araba, tipper truck bi knock no bi w…Ē ok…õ kpee shishi ts…õ. Obumo, Ňčm…õi otsoo f…õ…õ ground, oba oni le oshi k…õ oye kasa, aba cuts kakra bi w…Ē no shi, aba ehii no w…Ē ni neck shishi. Minya Patience ‚ÄĒ mi ny…õ neighbour bi n…Ē hii shitso happen. Ofain…õ, y…õf…õ Ňč bi aba ewo n…Ē ebaahi check no, kakra bi Araba ny…õ obl…õ kakra, y…õmii f…õ y…õk…õ chances."
103,"Ofain…õ, something happen wo Ho-Accra road no, close to Adidome side. Me nua, Nii Kwei ‚ÄĒ obumo, mi su…Ē enyo kaa pa…õ Ňč baŇč, shi eda balance mli eko l…õ obumo k…õ force. Ebumo k…õ Ňčm…õi Ňč k…õ neck area, shi mek…õ…õ oshi l…õ, oni le, Ňčgba eny…õ confused pa…õ ‚ÄĒ oda neck Ňč shi ehii mi, ehii mi pa…õ. Obl…õ l…õ ko, maybe seventeen years so. M…õ y…õ…õ Agyeman, m…õ k…õ oshi sane. Ofain…õ, fr…õ somebody eba, because meba n…ĒŇč move no too much."
104,"Ofain…õ, m…õw…Ē accident report …õ ni baa w…Ē Yendi Senior High School. Ny…õ mli dz…õ Issah, na student b…õ y…õn, Dela, pragyia twe shi w…Ē school entrance ‚ÄĒ ni obumo w…Ē ha f…õ…õ ots…õ obaa h…Ē l…õ oshie. Obl…õ ny…õ, na gboo ehii mi, bo oni le, shwe etsotso k…õ bo Ňč…Ē bii. Y…õ ji oba tswe w…Ē ha, na onipa b…õ ni ni bo wiem…Ē l…õ ts…ĒŇč."
105,"Ofain…õ, mi din bi Appiah, mifre aba Winneba Senior High School. Y…õ minu baa Ňč, Naa Dedei, oshwe k…õ staircase ni wo dormitory block faako, ebumo, obu…Ē Ňčm…õi ko step edge zu…Ē. Oni le k…õ okan bi ‚ÄĒ eny…õ gb…õ o ‚ÄĒ k…õ oky…õ Ňč gb…ĒŇč neck ni ehii Ňč kakra. Enim…Ē ny…õ k…õk…õ fofoi o, k…õ y…õhii s…õ y…õni ny…õ sure."
106,"Ofain…õ, mets…Ē phone bi fr…õ Ňč shikpon y…õ k…õ shi bi osh…õ…õ d…Ē k…õ l…õ osh…õ…õ ‚ÄĒ ni happen w…Ē Ho Senior High School. Ny…õ Yakubu, m…õh…õ teacher w…Ē school bi ni. W…Ē school cook, Elinam ‚ÄĒ gb…Ēm…Ē bi ‚ÄĒ …Ēh…õ…õ t…Ē compound bi shi, dining hall k…õ bo, school bus bi revers…õ f…õ…õ k…õ …Ēbumo. ∆ÜŇčm…õi bumo f…õ…õ w…Ē ground bi j…õ k…õ too ny…õŇč, k…õ …Ēn…õk…õ gb…Ē…Ē shi ehii k…õ l…õ ni. ∆Üh…Ēm…Ē le, k…õ l…õ sh…õ w…Ē fr…õ ony…õ name bi, …Ēni nim…Ē gb…õ p…õp…õ ‚ÄĒ …Ēni respond o. Shwe etsotso …ĒŇčm…õi shi. Ofain…õ, y…õ hi…õ help omli k…õ l…õ ‚ÄĒ gb…Ēm…Ē bi l…õ k…õ situation bi shikpon y…õ."
107,"Ofain…õ, mib…Ē fr…õ eba d…õbi ny…õ ‚ÄĒ female student ‚ÄĒ oshi okada klii b…Ē eha UPSA campus main gate k…õ. MiŇč dz…õ Amoah, mib…Ē lecturer ha, eye Yaa y…õ w…Ē first-year student. Oshi bie k…õ…õ en…Ē kpee shi l…õ w…Ē lectures y…õ…õ fii, shikpon okada rider klii b…Ē shi gb…Ē…Ē ‚ÄĒ ebumo eye Ňčm…õi b…Ē f…õ…õ t…õt…õ ground shi. Chale, oni le eye oshi kasa, enim…Ē gb…õ o ‚ÄĒ oshi kasa no. K…õ Ňčm…õi blaa gb…õŇč b…Ē gb…ĒŇč kakra, eye shwe etsotso kakra Ňčm…õi shi, k…õ enyaa hii k…õk…õ o ‚ÄĒ enaa too bad o."
108,"""Ofain…õ, m…õ shia report bii ni d…Ē f…õ…õ ha Cape Coast University ‚ÄĒ ni y…õ m…Ē ni w…Ē mi, Sulemana, …õk…õ drown ni swimming pool l…õ w…Ē shishi afternoon. Ebumo pool l…õ shi k…õ n'ad…õŇč w…Ē bii, ni ehii Ňč mli, ebumo down w…Ē ml…Ēm…Ē mli n…õ w…Ē yaŇč ji o. Kweku Ňč ni yaŇč ji obumo edge l…õ shi, …õ ny…õ Ňč ni fr…õ mi ni m…õ ji report l…õ. Sulemana oni le n…õ ‚ÄĒ eni gb…õ o ‚ÄĒ ni oshi mi shia ni n'gb…Ē ehii Ňč, probably f…õ…õ ni w…Ē ji Ňč gb…Ē k…õ force w…Ē n'yaŇč ji time l…õ. Eny…õ serious bebele o, k…õ mi l…õ mi su…Ē ni doctor bii n'aba l…õ Ňč check Sulemana."""
109,"H…õloo, name mi y…õ Amankwah, student ni m…õ Koforidua Technical University. So t…õ practical session y…õ workshop ni w…Ē y…õ hii ojoŇč, classmate ni m…õ, Emefa, …Ē y…õ operate grinding machine, na somehow metal piece k…õ fly off k…õ f…õ…õ ni Ňčm…õi side ni …Ē. Oni le, …Ē kasa d…õ, shikaŇč swelling bi w…Ē h…õ na …Ē bii ni neck ni …Ē stiff na ehii ni …Ē. Enim…Ē gb…õ w…Ē o, k…õ shi bi le yenaŇč, shikaŇč swelling no …õ bi bigger bi bigger d…õ y…õ w…Ē worry, na …Ē bii ni dizzy …Ē w…Ē fee."
110,"Ofain…õ, mits…Ē phone bi fr…õ w…Ē Nii Armah shikpon ‚ÄĒ b…Ē ehi naŇč ni ets…Ē…Ē le afternoon w…Ē T.I. Amass ha Kumasi. Y…õ l…õ science lab shi y…õ practical naŇč Bunsen burner k…õ eheeo, ek…Ē ni ot…Ē Nii Armah gb…Ē. Enyo deep paaa o ‚ÄĒ gb…Ē ni l…õ lower part, forearm shi ‚ÄĒ k…õ skin bi ets…õ…õ red, k…õ ohe k…õ ehii ni. Selorm bi ny…õ mi dzin ‚ÄĒ mi labmate bi ny…õ mi, y…õ l…õ labmates. Mifee sh…Ē y…õni ni y…õ d…Ē aniŇč ts…Ē ni aha ni l…õ clinic eŇč ‚ÄĒ s…Ē…Ē y…õ ni ba ni naŇč ni?"
111,"Ofain…õ, mits…õ…õ y…õ Kumasi Academy. Ny…õ dzin bi Wiredu. B…Ē bi ko k…õ break time ‚ÄĒ ats…õ…õwa ni ahi Ňč mli bicycles h…õ sports block k…õŇčk…õŇč, na ak…õ avoid each other eha w…Ē na Afia bumo, eji gb…Ē w…Ē f…õ…õ wiem…Ē. Enyemi le, oni le naŇč etoo, k…õ…õ gb…Ē no shi swollen na wani try move no, ehii mi eko. W…Ē s…ĒŇč ni fracture o, k…õ…õ w…Ēf…õ ni onii bi wa j…õj…õ check no."
112,"Ofain…õ, me din bi Issah, mits…õ…Ē f…õ…õ Adisadel College shi Cape Coast. Alhassan obeŇč f…õ…õ town ni dropping taxi k…ĒŇč, kaa fofoi ebui taxi no k…õ Adisadel gate koko ‚ÄĒ obumo, nii eŇč am…õ k…õ ehii Ňč bo, d…õŇč scrapes kakra shi ni gboo k…ĒŇč. Naa ots…Ē b…Ē…Ē b…Ē…Ē ni, ni gboo no oni wiem…Ē, eŇč yebu sumo ni fracture bi bi ni, wala serious bi am…õ. Y…õh…õ y…õm…Ē ofain…õ doctor bi en…Ē ni check mo Alhassan ny…õŇč, because oshake kakra ni y…õ le."
113,"Ofain…õ, m…õ p…õ s…õ m…õ report b…Ē…Ē ni ehii waa waa ni ehi…õ ha Tamale Senior High School. M…õ ny…õ Nii Kwei, teacher k…õ w…Ē ni. Gb…Ēm…Ē k…õ w…Ē work kitchen ‚ÄĒ Yaa ‚ÄĒ oba k…õ gb…õ dining hall shi, ak…Ē delivery truck ni canteen sh…õ…õ otumo y…õ warning n…Ēk…Ē, ab…Ē…Ē no. Ogboo ni feemo waa waa ‚ÄĒ otwimu gb…õ, shwe etsotso, eni hii no k…õ gboo Ňč. Oni le, k…õ oyi owe k…õ osheke, k…õ ogboo Ňč, otumi b…Ē o kpako. Ofain…õ, y…õ hia bo y…õ ‚ÄĒ m…õj…õ y…õ ba ha ha ha, kakra ‚ÄĒ b…ĒŇč onya gb…Ēm…Ē, k…õ ogboo Ňč ehii waa. Fr…õ ambulance ba ha w…Ēw…Ē!"
114,"H…õloo, Ňč t…ĒŇč Ňč ny…õ Naa. Mi fr…õ fr…õ Tamale Technical University. Chale, Ňč wo Abenaa ‚ÄĒ student ye f…õ Ňč ‚ÄĒ enii ets…Ē…Ē ko kaa park w…Ē engineering block k…Ē, ak…Ē campus bus bi ebu…Ē n…õ w…Ē et…õ…õ oniŇč. Obumo, Ňčm…õi omi kaa wiem…Ē w…Ē ground. K…Ē f…õ shwe etsetse susu ‚ÄĒ cut kakra ‚ÄĒ n…õ ony…õ n…õ ne l…Ē…Ē ehii n…õ. Ashi oni le, eŇčm…ĒŇč ek…Ēmi. Y…õ b…õ s…õk…õ y…õ ji …Ē hospital ak…Ē doctor b…õ check …Ē k…õ eko?"
115,"""Ofain…õ, mifra shikpon h…õloo b…Ē…Ē ak…õ m…õh…õ ni d…Ē…ĒŇč le Navrongo Senior High School Ňč. Ny…õ mi dz…õŇč y…õ Abenaa, miy…õ teacher. School ni maintenance pickup no tse k…Ē compound Ňč ak…Ē workshop f…õ…õ, na ekpee Fuseini ‚ÄĒ oy…õ PE teacher ‚ÄĒ gb…Ē…Ē mli, es…Ē ebe okpa. Enyemi le ‚ÄĒ enim…Ē gb…õ o ‚ÄĒ k…õ ni gboo y…õ ehii n…Ē na bruise d…Ē…ĒŇč le aba ŇčŇč. Oshie le k…Ē ha naanaa, k…õ y…õh…õ ak…õ eba w…Ē aŇč…Ē n…Ē, ehi…õ ats…õ…õ onim…Ē ehii mli o."""
116,"""Name mi y…õ Kwabena, m…õ y…õ student w…Ē Opoku Ware School w…Ē Kumasi. EkoŇč gb…Ē…Ē f…õ…õ t…õ…õ, home economics practical y…õn w…Ē class ‚ÄĒ obi Ňčm…õni Baffour ‚ÄĒ accident ni obutu hot pot bi, pot k…õ ba y…õ w…Ē stove ashi ni w…Ē faa. Ni heat no sii ofe shirt ashi ni efii ni burned shi mi. Eny…õ serious bebree, skin no keke y…õ red k…õ raw kakra, n…õ ony…õ ny…õ obl…õ enyeŇč k…ĒŇčk…ĒŇč eko. W…Ē y…õ worried. Teacher no yaa mi ofain…õ m…õ ba report am straight away."""
117,"Mii ny…õ Alhassan, mits…Ē fr…õ amo obl…õ bi, ebi Nii ‚ÄĒ kaa bumo ni Achimota Senior High School ho k…õ ni Accra. Ots…Ē kpee soo l…õ aŇčm k…Ē school n…Ē…Ē, kaa bumo ni yawaazi ‚ÄĒ Ňčm…õi ebumo f…õi f…õi. Ohe mi gb…õ n…Ē…Ē, enyemi le na. Neck l…õ n…Ē…Ē ehii yawaazi, y…õmid…õ w…Ē ni Ňčm…õ ni ‚ÄĒ y…õb…Ē he ni m…Ē. Chale, eh…õ l…õ keke ‚ÄĒ ofain…õ, fr…õ ambulance y…õ ji. Oni hia boa ji ji!"
118,"H…õloo, mi ny…õ Naa Shormeh. Mifre sh…õ Naa Akorkor ji accident aba w…Ē Bolgatanga Senior High School. Obi n…Ē staircase ji obumo ‚ÄĒ obi f…õ…õ upper floor dormitory block ji, oko step k…õ obumo, n…Ē eshi k…õ side k…õ back ji gb…õ…õ. Oni le, otumi kasa, k…õ ni hii …Ē w…Ē ribs ji l…õ ‚ÄĒ ehii mi an…Ē gbi w…Ē. K…õ obi she breathe deep deep n…Ē oho l…õ, otumi o. M…õb…Ē oshi k…õ wall ji, k…õ am…õ mii ‚ÄĒ k…õ osh…õ oho, am…õ touch l…õ …Ē w…Ē place l…õ ji, oni winch gb…õ…õ. Chale, fr…õ ambulance s…Ē…Ē! Boa mi!"
119,"Ofain…õ, m…õ fr…õ because something serious happen Mfantsipim School Cape Coast ‚ÄĒ mi din na Mensah, m…õ be house prefect. Senior boys bi gba fight bad paa dormitory, Nii Kwei eba beaten no k…õ mi, especially shi k…õ ribs area Ňč. Ehe h…Ēm…Ē, shi gbe, k…õ anytime obiara ky…õ touch side Ňč, ewincing paa. Y…õ ny…õ shia whether something break inside, shi gbe, k…õ ena ni good o chale ‚ÄĒ eny…õ oshiashia o."
120,"Ofain…õ, mits…õ…õ shikpon ni KNUST campus Kumasi ‚ÄĒ Ňč din bi Owusu, mihe hall football team ni. W…Ēy…õ evening training na Kwabena ebumo k…õ…õ tackle ni, obumo waa knee eha ni. Knee no kp…õ na gb…õ…õ, na enyemi le k…õ ob…Ē trotro le Ňč ni da mli o. Ohee pitch edge, w…Ēk…õ obumo grass ni amu. Enim…Ē fracture shi o k…õ swelling no ets…ĒŇč na ehii ni ‚ÄĒ ni hii ehii mi gb…õ…õ, Kwabena shi. Chale, obi b…õ je bi hee ni check no straight?"
121,"Ofain…õ, something happen for our dormitory here for Wesley Girls, na mitse report yi. Me din d…õ Dzifa, mi le same house …Ē. Our girls ebaayi ‚ÄĒ number two ‚ÄĒ w…Ē fight badly, abi? Ebi boy from Mfantsipim w…Ē ny…õ cause ‚ÄĒ girls ebaayi w…Ē both like …Ē guy …Ē, na osh…Ē straight physical for corridor. ∆Ügirl …Ē hit Efua with water bottle ‚ÄĒ right for side ni Ňčm…õi …Ē ‚ÄĒ na Obumo k…õ wall. Oni le, okay, enim…Ē gb…õ o ‚ÄĒ k…õ neck …Ē stiff paa, na ets…Ē eba ke Ňčm…õi …Ē ebuubuubu. Wagya …Ēgirl …Ē away already, k…õ Efua ‚ÄĒ chale ‚ÄĒ eni okay o. Od…Ē somebody fi ni na etal…õ Efua …Ē."
122,"Ofain…õ, b…Ē…Ē ekome ni ehi…õ f…õ…õ bi le Prempeh College ha Kumasi ‚ÄĒ miiy…õ Asante, student bi. Chale mi friend Kojo, lights out bii, ots…Ē otse ofee back wall mli ni obumo gb…Ē…Ē f…õ…õ, oogba shi gboo Ňč he ‚ÄĒ gboo Ňč okpoko ni kaa …Ē ni ni hii n…Ē, k…õ onyemi gb…Ē gboo Ňč bl…õ k…õ …Ēk…õ o. Shwe etsotso n…Ē bi too. Y…õfee ni y…õ bo Ňč k…õ gboo Ňč ehe ko fracture f…õ…õ. Ofain…õ, obiara ni eba ha tweaa tweaa."
123,"""Ofain…õ, m…õ bi sh…õ wo w…Ē bii k…õ ehii w…Ē halls ni w…Ē University of Ghana, Legon he. Mii ny…õ Nii Armah ‚ÄĒ m…õ ny…õ final year student. Senior students bi w…Ē initiate d…õbi bi ‚ÄĒ Ibrahim ‚ÄĒ na…õ shi p…õ…õ rough. W…Ē b…Ē ni shi k…õ gb…Ē…Ē ko ko ko, na…õ s…õ…õ obl…õ ni y…õ bent over, oni tumi gb…Ē k…õ straight o ‚ÄĒ k…õ oni sh…õ k…õ ni hii Ňč shi ke ot…õ h…Ēm…Ē. M…õ k…õ gbaa shi na…õ w…Ē bl…õ, m…õ stop w…Ē, chale ‚ÄĒ k…õ d…õbi ni l…õ ehia doctor s…õ…õ. Shishi bi l…õ t…õ…õ y…õ wrong niŇč shi."""
124,"""Ofain…õ, me roommate Serwa ebumo faint le yi Ňč room bi mli, Ashesi University. Ebumo gb…õ, naan…Ē Ňčm…õi bi shi ebu desk bi edge d…Ē…Ē w…Ē ‚ÄĒ oni le n…Ē Ňč k…õ, b…õ…õ confused n…Ē f…õ, naan…Ē neck bi hii Ňč. Ni y…õ exams preparation, k…õ ni mli jaa obl…õ emi food …Ē sleep ak…õ days f…õ…õ ‚ÄĒ mehi…õŇč bo ni y…õ s…õ …õny…õ am…õ. Cut bi w…Ē Ňčm…õi shwe tsotso le Ňč ba naa ‚ÄĒ ni ba shiŇčŇč. Me y…õ Nhyira, me y…õ roommate bi ‚ÄĒ ofain…õ, naw…Ē bi j…õ ko k…õ ni, chale?"""
125,"Ofain…õ, mib…Ē phone fii GSTS, Takoradi ‚ÄĒ nii y…õ Fuseini. L…õ afternoon catering practical w…Ē, Selorm ots…Ē pot ni shwe mli ‚ÄĒ hot oil ‚ÄĒ n…Ē ebumo n…Ē oil etsane w…Ē Ňč forearm wei. Skin eni blistering k…õk…õ n…Ē ehii ni w…Ē paaa ‚ÄĒ oni k…Ēli k…Ēli, n…Ē eni, n…Ē oni le n…Ē ekasa. Teacher eni Ňč shi, n…Ē oyi mi maa mib…Ē fr…õ. Ofain…õ, y…õ hia sh…õ oy…õ nii mli Ňč y…õf…õ…õ fii, l…õ y…õ ts…Ē ni clinic loo."
