id,roundtrip_en
0,"My father, my son Kwame has lived in iron and died in the fire, and the tree is not concerned about Dambongo. They went to go up to the market a lot, and the woman divorced him, and he was found guilty. He told his father and gave him two children, and his father had them, and went on to take the land and live. My word which they call Bafour, and I want one afternoon to say to him and I will plant him and make him like I will plant a tree."
2,"Hallelu! Well done, Help! The fowl — Mensah — boresaa defeated him in the pit of the Takoradi market, and he was born. His words were not found, and he who was not able to say anything to a woman. He has given way to a dog —he is concerned for her, he is waiting for a girlfriend — but his mouth pecks and his nose pouting. I will magnify her, I will not associate with her. I am going to call the ambulance, and the one who has been lost will not be tired; I have neither imagined nor imagined that he would be exalted. You have gone in and helped us!"
4,"My lord, I am going to go on a journey which is near Kumasi-Tamale kraal, Ejura dance. I pay King Dedei, and I am going to go on with a small child who is buying Nii —he's rich so that it becomes quiet. The guinea fowl has started talking to itself, and its guinea fowl has failed. He is wondering whether he will say such a thing. But he has given way to his lord. His bush-burning bush-burning got stuck in the bush, but he is able to make a speech. I, for my part, tried to save me from being a little one. Please, take my mother and help her."
5,"I bought, and I didn't want a fish, I didn't want a fish. I said to Appiah, and I called for a prophet and he or she didn't speak to Abena. He or she didn't have a babysitter or Dambai —he or she didn't help him when he was in a menace and he was in trouble and he was in a bad mood. And the word or the word that came with him has gone on and he went on walking in the market. And his words were that he had spoken them by the word of his mouth. I called him, if I should send him here and if he were not there, he would try to get something he didn't want to —we are going to go there again."
7,"I, for my part, have not written anything like this, that you should help them. If I tell Agyemani about me and I am talking about Awusu—there is no one to be found by me. There is no child to cling to. I didn't have a child to talk about, my mother was a girl, and she was a quiet woman. His town likes him, and he likes us, and he likes us, and he likes us, and he does that. He is a town, and he also bears the blame for his actions. If I called an ambulance, if it didn't come, I would talk about it for a little while."
9,"I, for my part, went home and a little woman came out from Felicia, she was a woman of Kumasi-Cape Coast port, Mankessim. A stranger follows after him, and a stranger drinks his wife, and the man got to see the man's house, and the man's house is closed, and his hand is not in his hand, and you are not in his hand. I am from Boateng, I am from them, and I am from them, and they say that they should come and help him. I, this, you have done this and have not done any thing and have not helped him, Barka, the elders and women gave birth to him and he was a man of war."
10,"My name is Asare. I have made a decree which has little meaning, his name is Elin. He had no equal in Adentah, his household's son-in-law — a man with no wife, a woman with slim stones, a man with baobab fruits, a woman with baobab fruits, a man with baobab fruits, a man with baobab fruits, a man with a wound on his arm, a man with a wound on his arm, a woman with a stick on his arm, and a woman with a stick on his arm. He will show that he is tired, not by any means, nor by any means, nor by any means. We want to be told what has happened to a man and he is like that."
11,"Allelu, I bought. My little brother Kojo is walking along the main road, he was going there to show his hand. The guinea fowl that knows the tip of his hand and puts it to his chest, blood or arm, but his hand is clunged while his hand is being carried away. The matter matter — I called Kwasi, I ate his dog. We also put our trust in his arm and we hung it on his arm, but I want to fight with someone whom you don't trust —he has rescued the child, and I have asked him for a written opinion, and he will make it plain that I am the King's chief. I, on the other hand, am doing the same thing."
13,"I, for my part, were going to tell them what I should eat and what I should not drink Damba. My little brother, Fatima, on the other hand, Oa's taxi is over his nose — an accident that you are wearing to a man's head, but a bad word to a man is what he says. What I have not been told by a doctor has happened to him."
15,"Allelu, my name is Kofi. I want to make known to you the things that are wrong with my people. Asare and I will say to you that I should not associate with them and they must not associate with him and their gods should not lie on his back and his son should lie on his head. His head a little while longer, his strength a little, and his strength a little, so that he could see the way —he is an expert, he is asleep. And there was no other way off, but there was no one to downgrade them."
16,"I was going to call and tell them that his senior brother, Kwabena, was a native of Cape Coast-Elmina. There is no flour left, neither meat nor wine. So, then, I say something, and put my hand on it. So when a quarrel broke out in him—there came a quarrel between himself and his people, but he was found out no one. And the word that came from Ofori. I am or is not because I am standing and I am standing and help him. He is an adult and I am of the same mind, but he is a big way, and he is of the same mind. We want you all to be a doctor and he should be a medium."
18,"Hello, I bought it. If I want wisdom. My child has helped me. I hid under the protection of Selorum, and if I were to seek something and find something to do about it very hard. And to find a hundred plots of seeds he would get and put a fine one on his head. I called Ama and I hid in the fire. He said to her that he should not sleep while she was still young, but she did what she did in the house, and she was a blacksmith. And he saw that you were little. And so I wanted wisdom, so that I should help him to come and help him in the hospital, should I do it?"
19,"I looked, and there was a matter with Bantama that didn't go with him. My little prophet, Esau —he was the one who was the one who was the one who was the one who was the one who was the one who was the one who was the one who was the last to be the last to be the last to be the last to be the last to be the last to be the last to be the last to be the last to be the last to be the last to be the last to be the last to be the last to be the last to be the last to be the last to be the last to be the last."
22,"I, for my part, have no concern in the matter of the Cape Coast-Elmina. I want to escape. My wife Adwoa has no trophies, and the guinea corn wants to run away, and the guinea fowl wants to run away —a young man, and she can’t get hold of him. He who knows what blood it is, and who knows it is he who knows it is who knows it that carries the pods of the dawadawa tree. That which is Selorm, I or I can’t play with his hand. If you are not able to do this, then my friend has caught me, I will always stand by my side."
23,"I, for my part, went thirsty and was at the graveyard of Tamale. I chose Boteng, a diviner and a diviner as his name, and those who followed him turned aside to the place where he had been settled, so that his country might not be built and his blood could not be carried out. He is not a boy, he is in a bad mood and in a bad mood he has gone out and we are in trouble for him. I called Samson, and with wisdom I acted accordingly, that is why I acted accordingly."
24,"I marketed, and the queen of the north settled in Osaka, Kumasi —a man who was a man of noble birth who was a man of noble birth, a man of noble birth who was a man of noble birth, and a woman of strong birth, and a woman of strong birth, and a woman of strong birth, and a woman of strong birth, and a woman of strong birth, and a man of strong birth, and a woman of strong birth, and a woman of strong birth, and a woman of strong birth, and a woman of strong birth, and a woman of strong birth, and a woman of strong birth, and a woman of strong birth, and a man of strong birth, and a woman of strong birth, and a woman of strong birth, and a woman of strong birth, and a woman of strong birth, and a woman of strong birth, and a man of strong birth, and a woman of strong birth, and a man of strong birth, and a woman of strong birth, and a man of strong birth, and a woman of strong birth, and a woman of strong birth, and a man of strong birth, and a man of strong birth, and a woman of strong birth, and a man of strong birth, and a woman of strong birth."
25,"I called Asamoah an accident which only came to an end. The fatted young man, Adwoa, became a mountain he was burning and he escaped by the truck. His matter didn't make sense at all, but he told his own defence —he didn't say a word to you, neither did he say it in a little while or in a while. He has a town or a few cities and he has lived there a little, but he wants a rich man you to know his intentions."
27,"I, my brother-in-law, have something to do with Adum, Kumasi. Kwabena couldn't say a word at all —he's old, not because he didn't even want it. He built a big city, but he didn't say that he should just look like his brother's. I called Abena, and I spoke to her. And then, when she had a lot of trouble, the chief got hold of her and said that he who said nothing. He who says no, but to him who gives her a doctor, to him do so many times."
28,"I called this Ofori. I said it to them because of N1 highway, because of Kasoa's strength. A stubborn elder, his name is Yaweh —the first of his line — I have waited for his elder brother. His words were difficult, either because he was too weak or because he was too weak. He is someone who is bad, he is bad, he is bad. He knows how to say bad things, he is bad, he is bad, he is bad; he is bad, he is bad; he is bad, he is bad, he is bad, he is bad."
32,"I, the guinea fowl, don't say anything to Dichemso. The princes of a small town Write down Owusu, the elder king of them is not eating from the one who would have a war-dress. And as for Amoh, I am telling him something to do, and I want to hire a barber, but he is going to go and complain and he is standing, and he will not tell a lie. He should come on his way but by himself, then the chief should come and help him."
33,"I turned Araba's accident into a trap and he couldn't get it, because Kumasi-Tamale's arrowhead was stuck in the ground. One woman bites her pear which is in her stomach, and another woman bites —her pound or a womanizer. She is related to him/her and she is related to him/her, and she is related to him/her, and she is related to him/her. Your remark is with him/her who destroys it. I, you help, so that they can see that he/she is better than he/she is just because he has hidden his/her private parts."
37,"Hello, I bought it. The bush, the quarrel of the wicked. The king killed Abena — she is unkempted by the sword, but not by the sword. He's bitten a little, was white and sought for six o'clock in the morning. The guineacorn that is found in his town, let it make a house, let it be made into a house, let it be made into a house, let it be made into a room, let it be made into a room, and then let it be made into a hole or a piece of wood. The king who wants to be called by name. I wish you would have seen him and then have caught him or not?"
38,"I, for my part, love Ofori, and I want a home-bite which is not only because of the tamale-Yendi neighing of Savelugu and because of his tamale-leaf-soup. The poor person doesn’t pay attention to King Dedei — his new elder sibling — and his master's talisman medicine is put on him. I know, King, because he got very little kapok to hear the news about him and the bush heard about him. He speaks against the wall of his mouth and the wall of his house is broken, but he is not the owner of the house. His grave has become a problem for him. I am with him, and I am looking for him to help him. I am going to call an ambulance and you are at the house of the market."
39,"Allelu, I bought it. My wife Afia, his Accident aware her husband, of Kumasi's well, that we should go to the mosque. She is in us, and has given her gifts, but from God, she has given her permission. She is so powerful that she says that she should not be ashamed. Ama has said in her letter that she should go home. If I am Agyeman, I am at his home in the house. I was, I want to be a good fellow and I want the things that are in order that I may have something to do for her."
41,"I, for my part, bore Yaweh's umbrella on the outskirts of Accra-Kumasi Highway, or Ssawam on the roof of Nsawam. The chief's word which came to be called Bafuur, his baobab's wife. A little bit of meat called me when he asked me to talk to him about it and he was able to hold it. He is a little old guinea fowl, or ten yams he ate and two guinea fowl. And he told me that he should not speak ill of me. And when he started trying to drink and he was worried about it, he was worried about it. I said, I would do it — help him, and you call the apple tree his man's house and get together."
42,"My lord, I say to my people that they say they should go home to the battle-cry which has come to Savelugu. I doubt that Fuseiuni —his elder sibling — that if I knew how to swim, the young man's dream was like him looking for his gazelle. They are afraid to put his hand in his hand and press his hand, and he was unable to make his hand into his hand. And he said to him that he should kill him, but on his way he should come to my aid. My work of Abubakkar, the call of human beings, is difficult to make. I was, and if the eye became hard, give him the chief."
44,"I, for my part, give medicine to a woman only when she is in labour. My senior wife Efua, she is in the afternoon, and she is in the market, and she is in the market, and you find out that she is in one hundred plots of land, and she has given birth to another man and she is in a position to marry another man. And my name is Naa, I am a little town, and I am a little one, and you are few in number, and I am like Efua's elder brother, and he was in a bad mood. I was, if I did, if I did not want help you, I wouldn't show you."
45,"All right, I bought it. My brother Abigail, who is in Hohoe-Jasikan, has a stroke of his hand. His daughter's child's assailant, he speaks at least ten times. The child is not, I am, I am not, I am not, I am paying Didija. There is no problem with him at all, and he who looks down on his own. But he is concerned for her and she is going home. Give him what he wants. He is her boss, but I want to say that he hasn't said a letter."
46,"I pounded up and stuffed up the first row of yams, and I wanted something to say. My lord Muntari, they should give him Hohoe-Jasikan as a bath-rob, people should drink him. They should not give him a bite of his staff, but he is stubborn and in times of trouble. Abubakar my name is borrowed, I have given my child something to give birth. We want a person to come and make a decision about what we want and then we want it to be for us, especially when we want it to be for us."
47,"My lord, I want something good for my problems. my name is Felicia, and I have a great concern for one another —if they see me in a bush, then they will go back to this town. And if I did not tell them what I said, they didn't say at the same time, there was someone who said that bad news had come out of his mouth. My garden has become empty, and I find that a hard thing has come out."
49,"I, as an example, have sold Hohoe-Jasikan to somebody who can't tell a lie. The little that you didn't tell Selorm, she was a boy and she lay down, and the boy lay quiet. Speak kindly to Solomon, and I will act on you in this manner. The child will have to go on a journey —he/she is about to let his/her child speak —for he/she has had a conversation with a big man, they have said such a thing to God. He will just pass by and will not come near him, let my words rest, and the doctor will understand his wife."
52,"I mean, and the colour of words was so that I wanted to help a baby. I really tried, Appiah, his son, by bending his knees to water, and he was a skinny water-bag and looking for its colleague. And as for us he was on our way to a mountain, and his vipers were really there, and you saw that even a big baobab fell into a deep well. Appiah or a bird, a crooked crooked bird — for the matter of a thing — and if you want to tell him what he is looking for, it would be like a path. My lord, if you should call a leather belt —and if he were a weaver, he would just be the owner of the market. I said to my mother, ""Mother, I am not in the house of Appiah's bush."""
53,"I, for my part, was speaking to them as they were speaking and so they all said. The child that is in them and that which is in them is also in them and that which is in them is in them all the time, so that I can see a little, Adjoa, his Giddles and 'spices' which are in them and which are in them is not full. And when he matured again, then he was the owner of the market. His words came true and he heard them from time to time. I am Emefa, my branch is still there, and his mother is no one I am the one I am teaching. If I had helped me and there was little bit of speech — if they were not there too many!"
54,"Allelu, my brother Ramatu. I inform them of his innocence or that which is happening to Tamale-Yɛndi's father-in-law, Savelugu's son. There is no one who has a friend, Asare, whose father-in-law and mother-in-law and father-in-law and father-in-law and father-in-law and father-in-law and father-in-law and father-in-law and father-in-law and father-in-law and father-in-law and father-in-law and father-in-law and father-in-law and father-in-law and father-in-law and father-in-law and father-in-law and father-in-law and father-in-law and father-in-law and father-in-law and father-in-law and father-in-law and father-in-law and father-in-law and father-in-law and father-in-law and father-in-law and father-in-law and father-in-law and father-in-law and father-in-law and father-in-law and father-in-law and father-in-law and father-in-law and father-in-law and father-in-law."
55,"I, for my part, were going to go into the pit and he was the Cape Coast. I narrowly escaped, Afia, I don't care about his net, I don't care about the one who doesn't care about the other. He is young, he is tall, he is short of ten or thirteen. It withered and his words touched his neck, and he bludgeoned him so that he could run. The man is Alhassan, and the man is carefree; the man is carefree, and the man is afraid of his mother, and he is afraid of his mother, and he is not ashamed of the things he has done and doesn't care about her in the hospital."
56,"Hallelu! Well done, Help me! I chose Asante, the guinea fowl and the 'Dormaa Ahenkuro' and you went into it and said so a lot. His child who is three years old and ten months old and has reached the age of full-grown state —he's country, he's not covered with blood or he's reached. Nii Nii, I missed him and they were in the royal class. I, where you put me, find him and pick him up and get him up and come and eat him. You are beautiful!"
57,"Although I am a little Ofori, his head acquiesces to the point where he couldn't be invited to this house. He is hungry and hungry and he is going to sell himself —he is turning and having a lot of love. And your word may come true —so that he may be true to this word or to that point. I myself, Kofi, am I going to tell his father. This little little bit of food is eating, and he is eating, and he is roaming about it. So, I want gbrights and saying, and if we should find a house, where should we buy it for him and buy it for him, then what should we stop him from going to that place?"
63,"I, O my lord, have no equal in this town, and I want no one to be my chief. My name is Ofori. I am going to tell the child that the child should not be its father's name — a boy or a girl who should be its father's in-law and be its father's in-law. He will cry out to him after he speaks to him about it, but he will keep quiet for a little while. And it is not that the woman of yours should be yours, and he should be yours, and she should be yours, so that she should be hiss."
64,"I'm a little boy, Amoh, I've been ostracized for my work and Yendi, and his hand was heavy on his head and he drank, and the soil was dry or very hard on his back. And he drank and didn't say a little, he didn't say a word all. I am an Edu, I want that I should get up and go indoors. He is a healthy person and he is respected by them, but his blood or the crown of the chief."
65,"Allelu, I called a little child, Muntari, he also went and was covered with groundnuts. We are more than, we are better than he or she has, and we are all against him; we are also greater than he/she is, and we are greater than he/she is —he is greater than he/she is, and we are all looking for his/her own/her own/herself/herself—just as his/her servant was doing—in the case of his/her child, six hundred times in the presence of his mother-in-law, and in the care of his/her mother-in-law, in the name of his/her mother-in-law, in the name of his/her mother-in-law, in the name of his/her mother-in-law, in the name of his mother-in-law, in the name of his mother-in-law, in the name of his mother-in-law, in the name of his mother-in-law, in the name of his mother-in-law, in the name of his mother-in-law, in the name of his father-in-law, in the name of his father-in-law, in the name of his father-in-law, in the name of his father-in-law, in the name of his father-in-law, in the name of his father-in-law, in the name of his mother-in-law, in the name of his father-in-law."
68,"My lord, I say to you that I should tell the person I am eating about Yendi. I am of Asare, his elder brother's house, his hand and his own own own house which he owns —he was in a deep sleep in his hand and his hand were in a deep mirror. My name is Owusu, I have seen him, and I have seen him in a deep bush, and I have seen him in a deep sleep. He heard what he said, but his hand said he was afraid, and he went back to see him. If you go home while I went to see him, there is little I will tell you if he wants to."
69,"Alley, that's mine. My forest is mine. I'm going to call the animal and I'll write the hard-edged accident here at Cape Coast. The trader Kpodo — he was young, he teaches what he wanted of ten thousand yen in a couple of ten days — he was bound with a ttroc-drum. He said that he had no blood or hearth, and he was able to speak. And he said that to him in certain words. But he was in a hurry to speak. We, for our part, let his hand be in his hand and be in his hand to help him. I, for my part, sought help — we want it to be a little better than we want it to be, so that its fruit should be in the house and be in the house of love. You help the man."
71,"My father, I am going to tell you about an accident that has come to Navron. My name is Muntari, and I call my grandfather Asare work. Shared taxis attacked him on the head of his net —there was no back-to-end for him. He is a smock, they go home with words, but the words he told him they didn't say were true. We are a tennis club, a dawadawa, and he will break into pieces and steal —but if we want the doctor to be his, it will help us to get some t.z."
73,"My father, I am going to join Mr. and Miss so-and-so together, Mankessim, Kumasi-Cape Coast's. If I am talking about Friday, and there is no woman about Abubakir — she or he has six or fourteen fruits on him. He is very hard on something or he/she is very hard on a man — I have looked for his/her colleague and killed a lot of yam on a day-vision day —and he was found by little or little. His work's name is God's, and his hand's length and breadth and breadth and height and height and height and depth of the water. I want a doctor's fruit mixed with it so that he can use it in his work."
74,"I, for my part, did not include a sword in Takoradi-Cape Coast, but it wasn't Anomabo's. The little bit of food that he got from Selorm, the guinea fowl struck him — I found him by his time of need. He is better than anyone he should get, if he is to be carried away by his body, but rather he is to be taken in his arms. I called Akosua—to be congratulated, I was not a singer, I was not a human being. I want help, if you are strong, give birth to a small one."
75,"Allelu, my mother-in-law, I will kill them and tell them about the fruits of the kapok-pods, about the yams or about the Tamale. A poor person who says What is right, his/her words are in Wiredu. People stalk him and leave him/her alone to go to his/her funeral. His elder brother, and when he he matures they will talk and he will become like a man, and he will be like a man. There is no shame in his/her speech; however, he is not concerned with what he is trying to say, your problems are piled up high, and your desires are greater than those of his/her knowledge."
77,"Allelu, I bought. My son Kofi, he went to an accident and he was invited to the Takoradi-Cape Coast net, Anomabo has lost. I said to his mother, I have spoken to Elinam. A woman gave birth to him, she should give birth to a child, she should give birth to him, and he should give birth to a sixth of ten children —and his power, your power, your power, his glory, his power, his power, his power, his power, his power, his power, his power, his power, his power, his power, his power, his power, his power, his power, his power, his power. And I like it in my case. We or the accident that has struck a man."
78,"I went back to them and went back to the town of Techiman and I looked for help. my name is Ephraim, and I am saying that my little brother Yaw is dead. If he accepts that he goes to the house and the person who is not important is still looking for help. He has had something to do with something but he is trying to do what you said to do with looking down on it. They are trying and he is trying to find out what the chief was trying to do."
81,"Hallelu! Help me! My little brother/sister, harlot gave birth to her in the month of Hohoe-Jasikan. A little she gave him a piece of medicine and put in his hand and he touched them, and his hand came out—he broke them, and they were his hands, and his mother-in-law had given him a basket. If I amBoateng, I am his father. I, if I could stand by him, if you could stand by him in a little while you could stand by him in a place, I would like a doctor to take him by his own feet, and if I tell you so, they will not say something little to me. I helped him!"
82,"I, O my lord, am going to tell you what is right and what is wrong and tell you It is central. I'm a little bit tired, Amooah, and a lot of water is lying there. The little she says to the chief —there is not a small pit in the couple’s house, but there is a small pit in the village and he is going to catch a roaming tree. He has given me permission, and he is going to tell us about it, but he hasn’t told us about it, and he hasn’t told us about it. I name Fatama, and we want her something that I haven’t helped us, and you take what they are looking for."
84,"My father, I am going to call you an accident here or in the Accra-Cape Coast area, the Winneba people are dancing. I chose Akua their 'trotropolis' or, indeed, the chief of this clan for a long time. His words came true —one of his own country, and he is not just one of them. His child, go back to the farms on my own day, and the midwife, on her own, will be found and help him. My name is Nii, and they like him/her/herself, but I don't want to call it a trap and be ashamed of someone else."
86,"My brother, Gifty, a guinea corn seller, went to the market for the first time in his journey. He wore an old man, a rich man, and a woman worked hard at his country — he was of the same age as he was of the same age. I said to my lord, Kwabena, I am doing something to his disability. I, not to his own shame, but to his own shame. Let's not hide from him. Call an ambulance, I'd like it because he is a house nuisance."
89,"I, for my part or my part, in Tamale and in the Bolgatanga forest, in the Valewale valley. A little child, Agyeman, has become a slave to his mother and has had her own hand. I inform Ammankwah that I am not going to tell her about it, so I am standing to help her. He is not an old man, he is just looking for the things of the box; he is just looking for the names of his brothers and sisters, and he was foolish. Help me with your mother — from the little house, from the little house, from the tamarind, I have told you that my chief is a mad house, that's what they are going to buy."
90,"I, for my part, knew little about what was going to happen to a woman. My name is Afia, and I will say little about Adjei. He used to work hand in hand, and his hand in hand stretched out, and blood or bag. We have bid farewell to Axim, he is a man of Half. There was little he said to him, and he was angry with us. I was, you supported us, not if you strengthened your work, his hand would become a shoes and he didn't say anything."
91,"I said to my elder brother Agyeman, he was in charge of the building, and he did the work. And he fell asleep while he was painting himself out of the grave, out of his hand he was riding on his own side; and he was riding on his own side, but on his own side, he was riding on his own feet. I called to patience, ate his meat, and was called by his servants, and it was that he was the one who was responsible for what happened to him. He told them about you that he was having a bite of it and that his head was being raised up in the night, but he did not have blood. We want a bull to come and help us, so that we can't get the sack, so that a 'crabble' was lying on his head so that he wasn't concerned about it."
92,"My lord, I am going to tell you something new about my little brother. Kwame's name is Kwame, his number one row is eight row, and he is on the side of the construction site that is lack of the Accra-Cape Coast net. Winneba is vandalized, and there is something that is tied on his arm. He is telling you what your problems are, that he should shake his fist and blow his fist and then go to the house while they go there. My beloved ate from Ofori, and I am the one who says 'Wormwood' —you are aiming for a house, where do you want him to go to stand?"
93,"My lord, I am going to send a message to condemn someone who is guilty of rebellion. My husbandbirds his house hard because of his strength —he should go to church. He/She has spoken to him/her, don't say a word in his/her own name, and he says such a thing. Abraham, my father-in-law, on the other hand, refused to thank him/her for the gift I had made, so I would rather die than go to the market. We are here and there, but we are looking for a doctor who wants to help us, so that we can take care of ourselves."
94,"Allelu, my words are Solomon. I called to my grandfather Baffour, he has become a Nindaan. He/She has gone to an accident and no one has come to an accident. And for the child he has not entered, he should not dig a hole in his house and he should dig a hole in it. And the hard-hearted person has no one to look for, and the hard-hearted person has no one to look for, and the hard-hearted person to look for, and the hard-hearted person to hear, and the hard-hearted person to look for, and the hard-hearted person to learn about him."
95,"Allelu, fiery flame said to my brother Akua. I called for a defence, and the baby's neck aches. His neck aches Afia, he has not had five sides in the six toes next to him. And the word came to him —he or she should not say what his elder brother had said and you should not say. We have been victorious in the Bolgatanga-Bawku, the town of Navron. And the speech which kills a strong woman —he has gone back to them and he says that you are the one who is the one who is the one who is the one who is the one who is the one who is the one who is the one who is the one who is the one who is the one who is the one who is the one who is the one who is the one who is the one who is the one who is the one who is the one who is the other, the one who is the one who is the one who is the one who is the one who is the one who is the one who is the other, the one who is the one who is the one who is the one who is the one who is the one who is the other, the one who is the one who is the one who is the one who is the one who is the other, the one who is the one who is the one who is the one who is the one who is the other, the one who is the one who is the one who is the one who is the one who is the one who is the one who is the one who is the one who is the one who is the one who is the one who is the one who is the one who is the one who is the one who is the one who is the other, the one who is the one who is the one who is the one who is the one who is the other, the one who is the one who is the one who is the one who is the one who is the one who is the one who is the one who is the one who is the one who is the other, the one who is the one who is the one who is the one who is the one who is the other, the one who is the one who is the one who is the one who is the one who is the one who is the"
96,"Allelu, I bought. And there is a cough that they are going to talk about but not about Tamale-Yendi's sin, Savelugu's sin. My talk is about Abraham, and I am about to see what I have done about him a little bit, Agyemman. He told her of his town, and yet he didn't say anything to her —he didn't see a gentleman's soul, and she was covered with sand. There is a man or a woman, but I told them that if he was concerned with her, I informed him that he wanted to come and make him a doctor."
98,"I, for my part, was in trouble and I wanted help but not in time. My name is Pemuntu, and I am saying about Nii Kwei —he was covered with water on the day of Kete Kachi's funeral, he's holding the Dambai. He poured out water in the sea, and we covered him with water, because he was concerned for God —he had said that his hand had been taken away and he was gone. The elder child, little by little, was taught about science. We are in a mountain and we are not like her and we are like her that they are having children. I, did call the one who entered and went."
99,"I, for my part, want water-sacrifice which has been cooked so that he can get something that has been contaminated with hunger. What is my name or Kwame, and what is the name of the name of Appiah —he or a little of my brothers, he is useless. He did not work until the construction site that was destroyed and the broken one was put on it, and the broken piece of paper was lying on it and put on it. He/She has given me permission to do what he/she had said —so much that he should do with what he had said. He/she should do with what he/she should do with what he/she should do with what he/she should do with what he/she should do with what he/she should do with what he/she should do with what he should do with what he/she should do with what he/she should do with what he should do with what he/she should do with what he should do with what he/she should do."
100,"My father-in-law, I just wanted a piece of news from you. My name is Nii Laryea, and I will call it a 'Adjei' ''Adiboo's funeral. They are of the same appearance as that of Takoradi or Takoradi as Cape Coast, but they are of the Anomabo. He has built a house, and the broken one which is on its ground, and the broken piece of a piece of wood is on it —there is no peace for a woman to come down and kill a man or her wife. We have warned man against killing his blood, but his words have not pleased the chief. I, of course, were a lot of good fortune."
102,"I, for my part, in the cave, in the cave that is on Bawku's kenkey, there is no Zebilla. For the child child's sake, for Araba, for his own part, for his own part or for his own. Regardless of his nature, for his sake, for his own sake, for his own sake, for his own part, for his own part, for his own part, for his own part, for his own part, for his own part, for his own part, even for his own part, even for his part, and for his part, for his part, in the attempt to catch the baobab dog, so that they may help him."
104,"My father, I am going to tell you about an accident that has taken hold of Yendi Senior High School. I called out to Asamoah and he came to our rescue party, That is, he was caught in a fire in the middle of the school, which I sent to help him get to the house where he was still waiting. His child's form, and his mother's language, but he is of his own type, and his mother's blood or his wife. We left him and went to see who he was."
105,"My name is Appiah, I called it Winneba Senior High School. One of our young ladies, King Dedei, was bound by a teetah tree on the day of his birth, while he was still a doctorate's block, and in his seniority he was bound by a teetah tree. He is lazy, and he is blamed for his stealing, and he told him his business. And word had not rooted in people, but we want it to help us."
106,"I, for my part, have not slept with a woman during her funeral. I name their Jacob, the teacher is not a man. We are happy cook, Elinam — she is an elder woman — she has been seen doing well, and the young girl has been contacted by the king, and the dogs are pleased with her. He who looks down upon a donkey but does not dig a hole to cause you to see it, neither does he get fed up with it; but when I tell them that he has not told us his name and we have not shown him our name and we have come down, and we have blood and we have no one. I, did, you help —you all want. He is an elder, and things will be a woman of the same age."
107,"I called for the child shouldn't speak ill of a woman —he has gone into her husband's house to escape from the attack, and he is bound by Accra. My name is Amoh, I am just eating from the medicine that I owe him. Yaa is just a student of the first year and he/she has not eaten from me. His words are that he should not be ashamed of the person and not be ashamed of the people, and his treatment of the dead is so great that he is like a bug in his body. But his way was pleased with his progress. He/She should go to such-and-such a place that he/she doesn't have a bad scent, but his case is that he/she is blamed for his old age."
108,"Allelu, I was —they should tell me about the things they had fought and the University of Cape Coast — about the things that didn't happened, about the Sulemana, about the waters that were in the Swimming pool, about which he had been submerged and about all the things he had been called. And he tried so hard, and didn't use any of the things he had to undertake, so he called me, but I didn't say anything about it. Solomon saw Dana's illness —he was going along, he was teaching fire. And he said that his hand had been there, and all the things he had said to him, that I should find, and my bush-branches should not be left over. And the one who says that I should see a doctor when he wants a new medicine."
110,"I, for my part, were going to join him. I have made known to you, Ni Haram, that he may be of the same age as I.I. Amass Kumasi. We had their science back to them for their practical work, and the Bunsenser One bore him a bushbuck and stretched out his hand. And a new hand which had been coughed from his hand — he made a cough, a new one, and a name or a name and a name and a name and a name and a name and a name and a name and a name and a name and a name and a name and a name and a name and a name and a name and a name and a name. I want my chief to be my chief, so that we can make him our father's son-in-law."
111,"I, for my part, will abide by them. I called you a Kumasi Academy. My word which comes out of Wiredu. They refuse a woman's betrothal or the two unswishes they don't have — her words that they have put round our waist and their hands were beaten by the hand, and Afia was bound by the hand to shut it up. He is her relatives and she is related to Afia. Amaŋa pointed out her arm, and he didn't say anything to her mother when she was expecting him. We won't want a salary we won't want, but rather we want a doctor who has given her a wife to be an Afia."
112,"I, for my part, said about Asamoah. I call out to you, Adisadel College, Cape Coast. Alhassan or I that which is blest and small, he will not be caught in the fire of the Cape Coast —he has caught the fire of the sword and the battle-cry of his mountain is broken. He doesn't know that his soul is in danger, he is in trouble. His words came true, not because he is in a bad mood. Everyone should work hard at his own country, no one should be found in his own country. But as he is staying in his own country. We want him to be a doctor and it is very difficult for him to be born."
114,"""My name is Naa, I call or Tamale Technical University. I've married Abenaa —her student—they came to the house where they had a block of engineering, she came to it, she went in, she went in and held it by herself. A little blood has been flown out or left, so he hasn't said anything, has he told someone about it, or is he talking about it? We are looking for — we are looking for him as a house, how can a doctor find him and make him his way? Did your friend tell me that he did it a lot?"
115,"My father, I call it a failure which is not the same thing as that of Navrondon Senior High School. My name is Abenaa, I am a native. Our school management pickpocket and pickpocket and pickpocket and pickpocket and put in the best shape of a business, and he ate the Fuseinian —he is our single parent —he or she should not be found and beaten. While he was there, his path was—and he was able to get to speak to him, and he was better than what he had. He lost something, and we wanted him to give it to his/her own family or to his/her descendants, when he said nothing."
116,"My word to Kwabena, the headteacher of the school Opoku Ware School is very Kumasi. In the olden days, he used to work on economics in a very good way, one of my favorite schools — his words were long ignored, his long drummers were very long, his body was strong; his body was thick; his body was thick; his body was thick; his body was thick; his teeth were long; his teeth were red; his teeth were red; his teeth were red; his teeth were red; his teeth were red; his teeth were red; his teeth were red; his teeth were red; his teeth were red; his teeth were red; his teeth were red; his teeth were red; his teeth were red; his teeth were red; his teeth were red; his teeth were red. I have called my words and you have seen him."""
118,"""Hello, I'm going to tell you so that you may tell my father and mother Akorok that he should go to an accident and go to the Bolgatanga Senior High School. If he is in a bad mood he doesn't go to the house of a blind person and he is in a bad mood and says that he is in a bad mood. If he is going to find a way, he has to do something about himself, stop him from speaking what he says and stop him from speaking, and he is actually a delinquent fellow, and he/she is a delinquent fellow. We have helped him and he has not been invited to a house, if they should give him a slave, if they should give him a little, then you should do to him so in a confused way."
121,"""Yes, they are in charge of something I don't want to say. I'm called Difa, I'm going to the councillor who is the owner of Wesley Girls. The two of us are better than the other and the letters are not clear. Your letter is plain and clear —the child is not the one who was told the dog’s mouth, but the child is the one who was not the one who was the one who was the one who was the one who was the one who was the one who was the one who was the one who was the one who was the one who was the one who was the one who was the one who was the one who was the other, the one who was the one who was the one who was the other, the one who was the other, the one who was the other, the one who was the other, the one who was the other, the one who was the other, the one who was the other, the one who was the other, the one who was the other, the one who was the other, the one who was the other, the one who was the other, the one who was the other, the one who was the other, the one who was the other, the one who was the other, the one who was the other, the one who was the other, the one who was the other,"
122,"""I, did not say anything out of contentiousness or out of egotism, not out of egotism, but in fact, I am a student of the Ashanti. My cup of Kojo wants to be filled with salt and strong drink from it, but not as a drink from Kumasi, so that his hand can be filled with the words of this city. He dug a hole in a well and he went and sought to take some of it from there and he could see if it was all right. He is here on the way to go, and he went home to this town, and he went home. And we are satisfied with, and we are satisfied with, and we are satisfied with, and we are satisfied with, and we are pleased with, and we are pleased with, and we are pleased with him."""
123,"My father, I am going to join Mr. University of Ghana at the time of the Legon, which is the most prestigious building block. I call out Nii Armah, I am a student or a hard-hearted person. Senior students have done something they are not entitled to — Ibrahim — and his legs are tied together. They gave him a lot of yams and he couldn’t control his ears, so he couldn’t eat anything he says. And when he matured, he began to talk proudly, and he finally said things which he was trying to do. I have not been able to help me, but a little bit of time ago I wanted a doctor to see him. Things are better than the things he said and the things that give him a lot of water."
124,"""My lord, my lord, my lord, I am under my jurisdiction and there is no one to speak to me about him at the University of Ashesi. He went and entered into the market, there was someone who was able to write a book about it and there was someone who was there and there was some one who was there, and there was some one who was there, and there was some one who was there, and there was a man who was there and there was a man who was there and there was a man who was there and there was a man who was there and there was a man who was there and there was a man who was there and there was a man who was there and there was a man who was there and there was a man who was there and there was a man who was there and there was a man who was there and there was a man who was there and there was a man who was there and there was a man who was there and there was a man who was"
