id,translated_en
0,I didn't plead guilty to the astaidin where every morning it was late in the evening in the afternoon of the building today but one pramia took her out and she killed me to my person and you would see them with their hands on her but she could get away with the bloodlines until she was able to catch up with you saying that after the month my name is bafo didn't want someone to explain to me to find out about this thing.
2,My brother didn't plead with me to see if the tekoracy market collapse was not going to be handled by the smoker and he died of plague and poverty.
4,I'm sorry I said I'm going to paint my name with an over-the-top acidity. I'm going to paint my name alone and I'm afraid you're wearing a name named nii neck ackinent now that day you won't vote for one person and it goes to me that it goes to me to kill a child with a garden blood but it grows and people understand it well but it's not going to be able to forgive anyone who joined it because it's the same.
5,I am very sorry for what happened to them and I looked like my great reputation apia and I deserved that my wife is going to be very late with all of my dadae but the thing behind them is working well for her is not turning the brothers around as quickly as the current one and they are turning out to be great with her childhood and a devil and I am great and I can't go away from her because of issues. I'm so sorry. I'm so sorry. I'm so sorry. I'm so sorry.
7,I am very sorry for a huge sale here that makes a central and I've lost my name right away. I know you deserve it and I'm not really going to mention it. It's really bad for a little bit too well for a child to see his underage four months ago and heart in the future can't sleep at night and it's going to make me the big one. Excuse me. I'll be right. I'll be right. I'll be right. I'll be right. I'll be right. I'll be right. I'll be right. I'll be right. I'll be right. I'll be right. I'll be right. I'll be right. I'll be right. I'll be right. I'll be right. I'll be right. I'll be right. I'll be right. I'll be right. I'll be right. I'll be right. I'll be right. I'll be right. I'll be right. I'll be right. I'll be right. I'll be right. I'll be right. I'll be right. I'll be right. I'll be right. I'll be right. I'll be right. I'll be right. I'll be right.
9,did not apologize for the biggest sale of their child girl who had gone to felenista in the wake of the mamulika pe koas with a mankesim of someone more seriously than they did and a sacred market in most things could not be able to afford it and it was low and published by membo could not be on the vote that I came and saw it after name in the name no one had discussed it anymore. I didn't properly follow the meixa. This child girl came from big money and found it to be brought to her yesterday.
10,he will firmly support the sare mefre familiarity with the sale of elinam-creating elinam at the eyebrows at all points in front of the ring from the handle and also hearing from the eye on the line movement and the resulting hole from the eyebrows and the water in between his hand this name is pointing out to the top of his finger and the things of the blaster incident going on on his handname are really going to me and he's going to be quiet and divided but the eleven from the hoodu on his hand says he's still going so serious that you'll never just let you worry you're going to rely on him now so far where he starts it
11,I am so sorry to help me with my husband the week my son today teaches the hospital in the hands of the eight kafentri shoop who is just pouring oil on a working vote today only four lati and two hands are set to pour zugli through the hand and heart rate is high but his hand is high on usability you will perform event with his hand you will raise a password to his heart but the child only reaches my brother will not be the environment and will not answer him. You will only be sitting in the hands of the price prices or you will not be able to pour the apple on my neck for days I won't sleep any house for you to go to
13,I am so sorry for the things they have done here putting a bae girl who is very hands-up afraid fatima vote taxi in their hearts. The bikes are for sale but the child gets my name on the necklace is wearing my own to see the leg and he has rolled out with blue in his back but he spreads the feather when and you will say that you don't kill them after you get a surprise to keep your eye on him.
15,Aorò my neighbour is a coffee coffee I am sorry to put the phone where one of my cousins has got a fresh eye for the best sale is where the kaperkoas kids from the new scene have been shocked and lonely and one of them has been beaten up for a year and said it's serious injustice but I want to make a statement that someone knows me.
16,I plead with you not to be shy about what makes the person laugh a great deal because one pekoas elmina is mad. I understand that a sweet thing isn't going to be great. It's not the eyes of the market for me to kill in the world but the eyes enjoy helping me and it's going to me when I'm the very one of the people I'm going to kill in the breast and my father is that I have seen going like you're going to show me the way this wife has set him up and he told you the big life one day I want to clear them so I'm going to apologize to someone who has passed well for asking good sight.
18,Asolo did not plead with me when I was naked I didn't mention the house my friend was right and my brother personally killed me today morning at one of the house walking around on him and it is clear that selling scared me didn't save the skeleton surgery in our hands now we lost our house.
19,do not apologize for the same procedures where the bantama translates one man in modern affairs as if he has performed the arts of menarche due to the fear of going beyond the existing kerosenestovy as the spring as the spring for the child for his or her childhood and scarcity is not well known until a child is well beyond his or her promise as nothing but his promise of implanting him in the air did not steal the communication to him. One person can have a chance to have a father because you are not sure that this is necessary for a spring but we are not good enough to find answers.
22,I am sorry for a sale made after caperkoas elmina and I want you what she did to the sister who was robbed in the turn of a vote just like the ones that caused the vote to proceed that no one had heard the vote came from the world for the change to take control of her head in raising her head and giving her a reply but she is in good order on the heart of the selon now I plead with her kindly as well as this explanation because there is a wave of separation
23,does not apologize for the good food from the football club that is falling apart due to the fear of losing one's family can vote against him over the age of puberty and are put on them in this football pitch but his foot in an overgrowth spread and heart attack helped him not realize what a child knows about him and this one and he is alive and is going to worry you are not getting well. His debt is not Hamsa airframe frame I am sorry to crush this football club because we do not know what we are doing.
24,do not apologize for a larger sale where a widow is dressed in water and you also care well for me in the mouth of her husband but the pregnancy does not mention her age and disability as things that are all in the mouth and out of the mouth and some time as a stick in the mouth and a minona does not answer my question not to the street itself. My house is just two years old. I'm sorry. I'm so sorry. I'm so sorry. I'm so sorry. I'm so sorry. I'm so sorry. I'm so sorry. I'm so sorry. I'm so sorry. I'm so sorry. I'm so sorry. I'm so sorry. I'm so sorry. I'm so sorry. I'm so sorry. I'm so sorry.
25,my name is saisa mefre them that I have given them a sale where they are not going to have the same suhu woman robbed her head for the changed vote and she is not happy about it but will report them to me and I need a segment to make a positive impression.
27,I did not plead with you for a fair mention that the head of a woman is eating the mama which because she is pregnant is so much more than the head of a pregnant woman is horrified and therefore they are disturbing in great life and you want me well if you answer as a pregnancy and send me to her as well and she can't worry about it as a woman my name is as if she wasn't in the male female child who never listened to her but she wrote a story spread and she went to me right chapter you want someone to see it because she couldn't hand it over to her person.
28,my name is fori mefre them to name for the sale made on hiwai. One couple is pregnant. I said it was cold on the name and my father is very cold and I didn't know them but he didn't want them to know me well but he didn't listen to me and he couldn't answer the best wives for him. You wanted your guys to beat you up.
32,I have only one amnesty for a house I'm not leaving at the same orphanage. One count of this dying husband who is being aggressively taken up and scared of my privacy is not at the top of it and but I heard this plan I explained to the house I gave birth to before my eyes and I didn't expect on my father he set up custody and I didn't listen well to him all but forced their wife to ask me about this sight.
33,ara i am so sorry to see my friend Araba who has drowned in it and Araba's head is suffering so much he continues to care for it and it is beautiful but the pot knows the language and the head is afraid that it is great that you want me well because you are not sure that you can see your sun and give me the shoulder you have seen me
37,My back didn't plead with my sister so that she didn't make a taxi attack her yesterday time just because she was a very young girl just under one of her hands but the neck struck her so horrible but it wasn't in front of her well-established and she wouldn't be going to give her a cut and worse than scared of herself. I'm aara ba bee me who's in this cold. I'm sorry to meet you to head her now.
38,apologise my name is affori and I want to tell them about things that happen to a married woman here in a savelu with me after a yellow tamale name is giving them a life jacket they are now arranged by a scarf and something answer vaguely what he did in a single one they are right to go to me in fear of a child with his circle but he has reached out to his friend who is bravely telling me and is good to spread but he is now really not with him and can't be alone.
39,I am so sorry my sister taught them to hide the Aidan father herself from the bush. I plead guilty to the makoma which he came back today to vote in the wake but God bless me when he dies and keep me away from the garden and the pedigrees and he now gives me the voice but he will show me the egg and he is telling me the password is not very good for him to find today. I am sorry I have heard you give it to him now.
41,"or I plead with my brother, Yao, who has made an acidity for the arakuma that is being performed by the hohuai. I'm going to be reminded by my bahoo's brother-in-law Fred that one of the votes goes on his fear of him who is killing his language. One of the people has him and the group picking up the swords between them. The child understood his fear in the day and the eloo did with him as something my room did goes special to his childhood and birth as well and I can't make sure but I'm sorry I just missed my example. Ambula lang on me to translate hands very often to give me a rock."
42,I'm sorry to mention the things that have been done here. I'm really sorry about one person today. I'm really sorry. I'm going to call her in the future before people who have turned their hands around and put her big ones over her hand and she has got her hand and she has a good plan but she has reached it and says about my scarf one person is before the statement turned back and I'm sorry to help her learn them because she was in her head.
44,does not apologize for a larger sale here than it is today. It is more organized than today. And it appears in the world for a great uncle who has not given it to him and who cannot change it is worthy of them to suffer today's time and to kill himself makes him call his brothers here the biggest one here because he is his wife and it keeps him too much of a good time going to suffer. Excuse me. Excuse me. I'll be right back. I'll be right here. I'll be right here. I'll be right here. I'll be right here. I'll be right. I'll be right. I'll be right. I'll be right. I'll be right. I'll be right. I'll be right. I'll be right. I'll be right. I'll be right. I'll be right. I'll be right. I'll be right. I'll be right. I'll be right. I'll be right. I'll be right. I'll be right. I'll be right. I'll be right. I'll be right. I'll be right. I'll be right. I'll be right.
45,I am sorry to add my girl child name is abigail she did after the hoxoi zasikan and one twist of your Aidan for her back girl adopted her child two this is two like this two as this two like this two like this two like this two like this two like this two like this one is for a woman for her name is her throat and the elephant on the head like two high but she's going to say it says you're taking her now clear is not asking if an employee is about you what they're going to thank you for
46,I am one sin in your eyes and I resemble you to see an intermediate house manuntare person printed on it on a hohoe linguist. More people have gone on to it than they have been frankly rescued and I'm going to go on with it but it's answered and it's going to hurt me if I know so well as first thing I wouldn't think about if you sold your item in it don't look like one person has come along with you in person or set you in fear just showed them as the creature is with them when the Muntare is not well-wired.
47,I am sorry to tell you what I've been done for a fee here I've been a Felitsia and I've suffered some of this earlier year in one of the person who has been updated in the front and I am taking the poison poison away from them but it's not clear today that I'm going to be going for a brief and unimportant moment and I can't let it go if I don't hear it out.
49,I immediately begged for one sale after hohoi zasikan was completed. One boy was named Selon in plazia di and plazia raccoon ji as my name is not pulling them out of the school ji and the sale stopped the child listening to his management telling him the beginnings but he went on to let his scar and scarve as his storyline frightens me that he didn't answer well but medos to see him come out.
52,I am very sorry for the biggest sale of them everywhere sinyani and I want to see the little child in the house of my knowledge kill a child in water and but every moment he is expected to die of yellow and the life is destroyed like life is not intended for him. You see his child being forced with a severe garden as the afterthought will save his life but he ends up saying life like life goes away and you don't see him say it happen. I'm sorry to see my name right away and it's not clear here here in cult. I'll be right here. I'll be right here. I'll be right here. I'll be right here. I'll be right here. I'll be right here. I'll be right here. I'll be right here. I'll be right here. I'll be right. I'll be right. I'll be right. I'll be right. I'll be right. I'll be right. I'll be right. I'll be right. I'll be right. I'll be right. I'll be right. I'll be right. I'll be right. I'll be right. I'll be right. I'll be right. I'll be right. I'll be right. I'll be right. I'll be right. I'll be right.
53,does not openly apologize to the past ten highlighting the baku girl's virtual girlfriend will kill where she has a large field of rice and what she didn't thoroughly weighs on her foot is quickly adopted and gives her a high price and she can't be serious about self-care and her brother doesn't appear as making statements to her. Excuse me. I'll be very proud of you too. I'll be very proud of you too. I'll be very proud of you too. I'll be very proud of you too.
54,or newe medūna ara tu mefre you get another sale after a tattoo and another gentleman walks away a little more time than he says he's going to farm very often in the evening for the men's tasks to see the next head of the large ska fire to the truckfe which the one future skame sends in today to his childhood scar will not fit his hands but responds to him telling me but he tells me that his sun in the child egg goes to me and I can't laugh well. Another day I see you after the fine and says I'm going to say I'm going to apologize only for them. I'm going to apologize for them from beyond the savelu.
55,"do not apologize to the other acident depicted here as a child of the kaperkoas admiral boy who is not a celebrity. After the completion of the taxi, he explained the market itself to the ladies of the juvenile about whether the house will vote for hundreds and many more than it is good enough for me to keep it alarming and disbanding but it reaches out and thinks it's abrasive that I'm bound to take this phone for its current existence and it's another toxic vote that has led you to be referred to the clinic."
56,I am sorry about my brother asante making an axinent coolie in the name of the very high blood pressure and both things go to the country where the child is also in his or her name when he is in his or her name is four or o o' only after his head is out of the street country and heart beating in the sense of not responding to it is cool and many people are making a name but no one is going to me and I can't only make the city face masks. I'm going over to the country. I'm going to be very proud of you. I'm going to be very proud of you. I'm going to be very proud of you. I'm going to be very proud of you. I'm going to be very proud of you. I'm going to be proud of you. I'm going to be proud of you. I'm going to be proud of you. I'm going to be proud of you. I'm going to be proud of you. I'm going to be proud of you. I'm going to be very proud of you. I'm going to be proud of you. I'm going to be too crazy. I'm going to be too crazy. I'm going to be too crazy. I'm going to be too crazy. I'm going to be too crazy. I'm going to be too crazy. I'm going to be too crazy. I'm going to be too crazy. I'm going to be too crazy. I'm going to be too crazy. I'm going to be too crazy. I'm going to talk too crazy. I'm going to be too crazy. I'm going to be too crazy. I've got to talk too crazy. I'm going to be too crazy. I'm going to be too crazy. I'm going to be too crazy. I'm going to be too crazy. I'm going to be too crazy. I'm going to be too crazy. I'm going to be too crazy. I'm going to talk. I'm going to be so I'm going to be so I'm going to be too. I'm going to talk. I'm going to talk. I'm going to be too. I'm going to talk. I'm going
57,will support them that your child fore has not been sent to you today morning in your field. The terrified child goes to the tamale knows he is from the app but fetch water eagerly to the child and the goat in the life is not about the drug coming from and the child is spreading it. This day is how coffee is not his ethnicity in good use explains it and he quickly survives the head not saying goodbye but it's not right with them to take the children's hands but take them with him about it. Excuse me. See what you're going to do for you.
63,I plead with you anywhere and I want you to hear my name. It's because you have been shamed by a woman. It's hard to forgive. It's hard to forgive. I want to forgive you. I want to forgive you. I want to forgive you. I want to forgive you. I want to forgive you. I want to forgive me. I want to forgive you. I want to forgive you. I want to forgive you. I want to forgive you. I want to forgive you. I want to forgive you. I want to forgive you. I want to forgive you. I want to forgive you. I want to forgive you.
64,my support for it doesn't make them look down on the bitter sale I've been taking the way for my child on their departure from the unsolicited rituals have questioned the gravity of the situation that the single world is not being threatened by the nipple gods who aren't trying to threaten a single world but in the heart that forgets his conscience to remove it is well established but absorbing the warmness of it is not a big thing to further understand how well advice is made
65,I am sorry to forgive them for the one who fell in the ear of a tare woman herself is deaf and I am deeply saddened you are going to a pintamppe that ends up in the mud that this sale means ends it's setting up in foods that today's child fears and the family of the child is deeply saddened by the fact that the child was at once alone and today the family is deeply happy to see it happen today and has a bisteri but it's also calming down and I'm going to talk to the tapma that I don't know the feces and I'm going to be right now but bury the sweetest thing you'll rely on to do where you can go to the markets.
68,I plead not to overlook another item and the sale made to a wife where the person who is about to give birth asare her husband cooks someone to receive his hand printed in front of her head in front of great print and this price by now is now an unexplored version of her birth and but it does not artificially make her time to see this thing that she did not include this person to feed her but her asyei gives her away and it can't be about the price forever. She doesn't want to see someone come along with her or give her a present what they have to do.
69,My neighbour will not be afraid to hear the widespread sales of kaperkoas at any time but one change in the sight of a four-year-old animal hearing the four acres will be huge head above this and he explained that he is going to give me a great deal but he answered the voice he did not invite him to the town that he had created a town and one now has not begged for help to believe in the works that the items now have or bury hands.
71,I plead not to the agitators here to return the title is montari and montari and mefried but this one that spreads the title is the sword of my asare my back which the people's father takes the town of the people away from him but his arrival is not achieved and his performance is not too far away by him and he has no eyes on him. We accept that I am now eleven as a way as a seer but you want me to be seen in the markets as well and you know it very well.
73,I'm sorry about the sale a boy was given to a boy without knowledge after mako gold pe koas. My name is on the evening and the child's name is one nightmare at the time of the wae orloo did this before he died in the excessive water so that he would not be deep in water or a system and he suffered the same water interpretation as and the people who reached out to him this only now who are now well saddened will help God spread the hand to his heart and he reaches out to the market as a mouthpiece. It's just not common for someone to see them well because all the people have seen a different side.
74,I begged a boy for a permanent kaperkoas. today I would plead with a boy to write the selon. I liked this with four o'clock or it was done on the day that he was given a reason why he killed the pregnant woman and what he talked about coming forward because of her but unfortunately so soon I got the meaning of writing the syphilis in the sacrifice clear that these sales are going to be done and this person is all here right now I'm pleading with the owners that they come and bury the child too the doctor has seen him as well.
75,he will support my name and forgive you for something which is more important than what your nipple is about the sacrifice going to be drawn to the recipient. My name is the celebration of the killing of a person who has received their father's head and a stool which is far more important than their head. You will see the holy spirit of the year and the heart of the head will never forgive any more than it will ever forgive me for it. It will only happen to you. I only plead with you to proceed.
77,I am sorry for my help ivomam elinam and I'm calling coffee my son Aidin who will be arrested on takore and kapekoas repeatedly in one canon to kill one child every four years after the child is killed and I go to the bottom of the throat and stomach but I'm not father in the right place and I'm going to be blessed and I'm going to spread and I'm the way and I told you you are going to sell now first.
78,I plead with you where my father is quiet and I have never heard of my name and I pour your gaze on my brother who has killed my brother today in the water of my mother's mother's mother and who has given him full control of the pregnancy but who says I am going to have my sex with me and I carry you in a power that doesn't make you as a good person for him like
81,I am old enough to cry on my old friend krazia zezia krazia zo me the boy my god god let go of it is over and so I'm not going to touch it in the hand but I can only forget things so I'm really cool. I'm really sorry. I'm so sorry. I'm so sorry. I'm so sorry. I'm so sorry. I'm so sorry. I'm so sorry. I'm so sorry. I'm so sorry. I'm so sorry. I'm so sorry. I'm so sorry. I'm so happy to just say so. But I'm glad I'm so happy that my child can't make it easy for them. I'm just kind of feel like I can't make it easy for them. I'm sorry to come with an ambulance.
82,do not apologize for the auctions here making the central road towards the children of this child who wake up to me. The boy starts to break up in half an hour and a half a month. The child is a moment when his age is two years in this pregnancy. He is two years old after his back gets notice of this sale and can't take a step towards receiving it well enough but it goes well enough and you're over your hands seeing me not fatima. Excuse me. Excuse us. I'll be right. I'll be right. I'll be right. I'll be right. I'll be right. I'll be right. I'll be right. I'll be right. I'll be right. I'll be right. I'll be right. I'll be right. I'll be right. I'll be right. I'll be right. I'll be right. I'll be right. I'll be right. I'll be right. I'll be right. I'll be right. I'll be right. I'll be right. I'll be right. I'll be right. I'll be right. I'll be right. I'll be right. I'll be right.
84,I begged you to accept the sale made after arakaperkoas on the fourteenth of the name my brother kukuna on the reverse and another vote wrote them and went to me on his back and told me in his mouth and I couldn't walk well on them as if they were a little girl as if she had been this low time as she and now I'm scared I'm going to add my nii and I'm going to worry about it now but I'll bring you the sun for someone to come and I'll hug you yesterday.
86,The feminist gift paragraph voted all over for her head every week she was married to my present day and she had a strong voice following her football and heart beating was a kwa that I wasn't going to apologize I couldn't sleep and it went so hard that it was like and she died you went too far.
89,I begged for the sale at the palm tree after a whale's policy some of the rituals were intentionally sent to the body for her and men were properly secured and pitted. I also got this sale and I was happy to see it happen to him as well and he got a sense of it but he set up a house in the future and he went on to me that he didn't go well enough to plead with me to tell you if you would see the hands quickly
90,I've been very sorry before you showed a child here my name is and I broke them to a child's name is ajei working one famous ajei for her hand while also cooking ji kills you after axim plus a hauf assini ji the child went live and you gave it to her about it. I never begged you for a knife because the hand is just cool because you think what the hand thinks when it's ugly.
91,apologetics my name my patient my childhood appears in the middle of order in a tumor and one ghost relies on it so she sends her scarf and seven of her arms to the hands of her children and sends it back to say but she actively proceeds to me only to the person she praises life but to the extent that no speech on it has caused you to lose your skills in the under construction. I am hereby reminded that the sale they are in has not been done as if there is no cure or anything else to apologize for the ambulance or tell us what work we are doing now let no one come to the aid of the specifics that you have written about it properly
92,I am sorry about the things he did for my brother the kente name is four kwame in their individual commons and they are now housed in the construction that is now able to just see akare kaperkoas which one thing but one thing more than it tells him it doesn't matter what price it is but it doesn't touch it too much if it's important. I'm not afraid to understand that it's similar to the clinique or less difficult to answer in debt.
93,I am very sorry for the things that have done here all of a sudden you alone that you have inflicted on your field suffering and so on the head of pregnancy you have brought it upon you as a person who has it and who has chosen me very well in the future. I am Abram not only in the fear of this but mine in the midst of death you will decide that the world is not perfect but you will be afraid that someone will love you too.
94,my arm is a slum for writing a mefre on one man's ex-husband who was bafo voted along with a single ascendant to the village where you would no longer be seen when his scarf and the scariness of his heart were put on his memory of his child and the fear of being introverted on the future without any prejudice but he went on to get married with his name as if I meant that a good life had been set for him
95,or the name of a dead mefre you where there are the scars of a girl who are anywhere named when you show this child his or her at the time together but he was at one point in this and this one time they continued to impose on his or her owner with the father of the head you were only on the turf of the bolhagats and who also denied him good enough for the happiness. He also went on to give her a child a voice in person but now he also did not answer as well in comment. Excuse me you need an individual to come to your wife with a different mouth.
96,oshwie did not let you start a single-sale printed in the afternoon on a Sunday afternoon title is Ephraim. It wasn't originally seen together as a child handsomely killed by his biscuit several times with his back to me but how well he was sure that a year after he was given it and a lot of the goats are now closed to him but I will not feel like I will reach someone's eye.
98,"I apologize for the huge sale here and I want to see my name from now on my name is menunautu and I see them being named after a single boy. It's been nii he killed water from a very kettrate trolle in the water and it's perfectly helped to get it out of the water don't heal it when you see it. If you see it coming out, it's scary and crazy. It's like making sure that the child has food. The child is hugging the same plant and you're hugging another room now. Mothers don't just leave this place because you don't know what their situation is."
99,I am sorry to tell you what things make a search of or change my name is kwame and a child name is apia. She is a symbolic child in the construction that is about to experience there work and killed one thing will protect her and she killed him suddenly but happened so cute and you found them warming up and you went on the things that make you pretend to be one person to help you when they did it all white.
100,I'm sorry to sell them back to this house and I want to see my name right away and I'm clear. I'm talking about someone named to appear on the couch after the takoas and the capekoas used to be twice as low as a leader than a father in one house and there were a few large systems lying on his back and the issue was not clear enough for the father to listen to the spread of order and on the next day you will easily bury the cave in a greeting but I'm going to be confused and you'll tell me I'm sorry about your friend night I also rely on the sitting next time they spread
102,I plead with you about two sales to today after baku zebil the fear of one child girl Araba typetruk scared you first after but Araba is out of place for it to kill and come to a child because Araba girl is in a child and you will not want to trust me.
104,do not apologize to the woodlands created here every afternoon senio is also famously sasa and one of some of these has suffered sporadically senio also since its name is after his name but it is fruitless and it is very disturbing for all male children and it can go on to trick someone and we here now and do it like some can show
105,I am so sorry for my writing pia not only happy with the wineba senior heroine's single daughter but also gave her a fairy tale in the aspect on blue in order to kill her for her to be killed on the pedestal. She answered and she said now but she is out and says she is going to be already sympathetic to them all but I thank you for the house model for you.
106,I am sorry for this for another sale made here at the hoseniō hais from my name is yekubo not eating a man in this school whose school children's school is married to a woman of elinam on sale in the very shoulder of the food and the school phone has grown up as if it had been repeated and he suffered a lot of pain in the soil from him and he is about to die but he is coming back to his father but he is coming back and I'm sorry you will be joined by the vasssal woman is married and this sale on a different job has caused a lot of embarrassment to me.
107,I am sorry I bought their new ones for a woman who had a occupied a occupier who had a very large kra usa bike in front of the kra usa road didn't last here and the guinea pigeon in one of your grammatical shades was bound ten times in the back of the leutere before it would die but the occupier was killed after suffering and suffered a head injury but he set them up and stopped them at a number of gravel and head at no higher but he said it was too bad.
108,I'm sorry to say that they have been done here one p pe koas university one person about them is more disturbing than the siumi poo since this real long. They have gone to visit her with a lot more time but to trust him in one place and get it out of age and get it out of his hands and take it over with him and keep talking to me like I can't force this miracle now but tell me b before he's taken it at the moment of real silence at the grave but let someone see high sight
110,I'm sorry to show you your share of sales more it's under the morning amas at the komasisifi you are on the bottom of a siense lab. You just can't see that you haven't gotten anything back for you as you explained to the clinic.
111,I am very sorry for the koma which trusts you in your name is my one-tenure sale of one inside your braatime person to your children on the bike today rejection of a blue hat and go between a green person buried in time and presenting him suffering from any apples and a different price of loss happen to him and say in fear but his hand is very bad and his heart is distraught that he has gone to give him enough rest in time to expect a month but you want someone to come and help him.
112,"I am sorry to write my isai mefrɛ you at the adisader college where one kaperkoas alhasan is in place where a child lobbies on a taxi pushing them to a vote, one of their taxis will see his throat from the bottom but it is well regarded as one of his teeth to him as having a skrape and one of his arms now and one of his arms. He is now hung up with him after the moon is gone but you want someone to take him seriously at some point while riding in the kennel is from him and he is now of particular importance."
114,my name gives memefre a tamar in tetnikal university fatheria that a student is taught in the cable park on the very blue enyinerial grounds of the kampus bus from raising his hand from his hand but he is overawed and so he thinks about it for gold is salt and salt but he is gentle and gentle and etom does not understand that we need to push him over the hands to keep his good house. He is well liked
115,I plead with you before I clear the things that have done here to change the name of the sinion hasso as if it was a gentleman's gut enough to get a stroo's mantenante pixele out of the truck cleaner and see a gentleman fuseni like the person in the encounter he didn't raise his world but he will spread it to me and a person alone on his doorstep is now coming out but he doesn't want someone to come and see him now the presenter.
116,my name is that I have not gone to school opokuware from Kumaka which today is not going to be home economically practical and one david about my class is going to be hanged on a very fresh ride and this street is sympathetic to them and from which they will not tolerate the price they come to today will only hurt my taste and they're still publishing but you know what they're doing to the public just turn you back to me.
118,"my name is to give me this phone where when I come to see a superimposed superimposed superimposed superimposed super senior hais from him on a stool, he reaches the stiisseis of the above dormitory and insists that he has killed one after one of the deadly deaths of that ege in and behind him responds and is saddened but says he goes to kill me in fear of being a child and is still able to hide in places well enough for him to set a backman time but it doesn't make it clear that the road is more than his way because he's just going to be scared because he's already left."
121,I plead with them about a sale in a developmental fee when they are in a girls' constituencies and I am also pretending to be in my comfort in one year of high blood pressure two girls in high progress have been put out of a man's bushfire pit dug in which they were rescued and suppressed in response between a lady in a concrete woman who had seen them doll their head and her father is now pushing her to the guineaster but her head is broken and she says her head is explained to me in the cage the woman who makes the sale is in progress but her father wasn't well promising someone to come and find her.
122,does not apologize for a larger sale to a prempe college or mamaka who is married to an asante student man who has been married to him for the first time to raise children alive on the night of the great night that would vote for them by causing him to suffer a life but above his wife at the door would also be elected on the odd day and he would be able to reject the verse to which the gate as if it were one. It is also spread to you that you have abandoned him but remember the father's wife aneletti without the slightest trace of an apology to a person come to enjoy this apple.
123,do not apologize for their ultimatum made here Universiti ochana legon hawo are creating a single ebrahem fresa initiason and a huge sale causes her child to be placed on her pedigreed and a thief confronts her hands on her and she can't write herself herself saying she goes to me this language that sounded like life did not tell her about her and I saw their sale but this child in the squirrel has a sale in them but I never heard about life. I've been shamelessly humiliated for them.
124,I'm sorry my family who killed sewa everywhere that university pursued us in the fire she drowned in the throat and so too soon I saw tears like the one she killed now she answered but she lost her only mind and went on to me at the start of the examination two feet. I can't suffer the tenth fire. I can't wait for my head to be released to the head of the head of the head of the male. But I'm very well in my family. I'm sorry to be the one who sees me. I'm so sorry. I'm so sorry.
